badge_number,@56DTTTY
badge_number,#A56FF7
badge_number,@1231123
badge_number,#69JOJO
Date,19th January
Date,20th January
Date,21st January
Date,22nd January
Date,23rd January
Date,24th January
Date,25th January
Date,26th January
Date,27th January
Date,28th January
Date,29th January
Date,30th January
Date,31st January
Date,1st February
Date,2nd February
Date,3rd February
Date,4th February
Date,5th February
Date,6th February
Date,7th February
Date,8th February
Date,9th February
Date,10th February
Date,11th February
Date,12th February
Date,13th February
Date,14th February
Date,15th February
Date,16th February
Date,17th February
Date,18th February
Date,19th February
Date,20th February
Date,21st February
Date,22nd February
Date,23rd February
Date,24th February
Date,25th February
Date,26th February
Date,27th February
Date,28th February
Date,29th February
Date,1st March
Date,2nd March
Date,3rd March
Date,4th March
Date,5th March
Date,6th March
Date,7th March
Date,8th March
Date,9th March
Date,10th March
Date,11th March
Date,12th March
Date,13th March
Date,14th March
Date,15th March
Date,16th March
Date,17th March
Date,18th March
Date,19th March
Date,20th March
Date,21st March
Date,22nd March
Date,23rd March
Date,24th March
Date,25th March
Date,26th March
Date,27th March
Date,28th March
Date,29th March
Date,30th March
Date,31st March
Date,1st April
Date,2nd April
Date,3rd April
Date,4th April
Date,5th April
Date,6th April
Date,7th April
Date,8th April
Date,9th April
Date,10th April
Date,11th April
Date,12th April
Date,13th April
Date,14th April
Date,15th April
Date,16th April
Date,17th April
Date,18th April
Date,19th April
Date,20th April
Date,21st April
Date,22nd April
Date,23rd April
Date,24th April
Date,25th April
Date,26th April
Date,27th April
Date,28th April
Date,29th April
Date,30th April
Date,1st May
Date,2nd May
Date,3rd May
Date,4th May
Date,5th May
Date,6th May
Date,7th May
Date,8th May
Date,9th May
Date,10th May
Date,11th May
Date,12th May
Date,13th May
Date,14th May
Date,15th May
Date,16th May
Date,17th May
Date,18th May
Date,19th May
Date,20th May
Date,21st May
Date,22nd May
Date,23rd May
Date,24th May
Date,25th May
Date,26th May
Date,27th May
Date,28th May
Date,29th May
Date,30th May
Date,31st May
Date,1st June
Date,2nd June
Date,3rd June
Date,4th June
Date,5th June
Date,6th June
Date,7th June
Date,8th June
Date,9th June
Date,10th June
Date,11th June
Date,12th June
Date,13th June
Date,14th June
Date,15th June
Date,16th June
Date,17th June
Date,18th June
Date,19th June
Date,20th June
Date,21st June
Date,22nd June
Date,23rd June
Date,24th June
Date,25th June
Date,26th June
Date,27th June
Date,28th June
Date,29th June
Date,30th June
Date,1st July
Date,2nd July
Date,3rd July
Date,4th July
Date,5th July
Date,6th July
Date,7th July
Date,8th July
Date,9th July
Date,10th July
Date,11th July
Date,12th July
Date,13th July
Date,14th July
Date,15th July
Date,16th July
Date,17th July
Date,18th July
Date,19th July
Date,20th July
Date,21st July
Date,22nd July
Date,23rd July
Date,24th July
Date,25th July
Date,26th July
Date,27th July
Date,28th July
Date,29th July
Date,30th July
Date,31st July
Date,1st August
Date,2nd August
Date,3rd August
Date,4th August
Date,5th August
Date,6th August
Date,7th August
Date,8th August
Date,9th August
Date,10th August
Date,11th August
Date,12th August
Date,13th August
Date,14th August
Date,15th August
Date,16th August
Date,17th August
Date,18th August
Date,19th August
Date,20th August
Date,21st August
Date,22nd August
Date,23rd August
Date,24th August
Date,25th August
Date,26th August
Date,27th August
Date,28th August
Date,29th August
Date,30th August
Date,31st August
Date,1st September
Date,2nd September
Date,3rd September
Date,4th September
Date,5th September
Date,6th September
Date,7th September
Date,8th September
Date,9th September
Date,10th September
Date,11th September
Date,12th September
Date,13th September
Date,14th September
Date,15th September
Date,16th September
Date,17th September
Date,18th September
Date,19th September
Date,20th September
Date,21st September
Date,22nd September
Date,23rd September
Date,24th September
Date,25th September
Date,26th September
Date,27th September
Date,28th September
Date,29th September
Date,30th September
Date,1st October
Date,2nd October
Date,3rd October
Date,4th October
Date,5th October
Date,6th October
Date,7th October
Date,8th October
Date,9th October
Date,10th October
Date,11th October
Date,12th October
Date,13th October
Date,14th October
Date,15th October
Date,16th October
Date,17th October
Date,18th October
Date,19th October
Date,20th October
Date,21st October
Date,22nd October
Date,23rd October
Date,24th October
Date,25th October
Date,26th October
Date,27th October
Date,28th October
Date,29th October
Date,30th October
Date,31st October
Date,1st November
Date,2nd November
Date,3rd November
Date,4th November
Date,5th November
Date,6th November
Date,7th November
Date,8th November
Date,9th November
Date,10th November
Date,11th November
Date,12th November
Date,13th November
Date,14th November
Date,15th November
Date,16th November
Date,17th November
Date,18th November
Date,19th November
Date,20th November
Date,21st November
Date,22nd November
Date,23rd November
Date,24th November
Date,25th November
Date,26th November
Date,27th November
Date,28th November
Date,29th November
Date,30th November
Date,1st December
Date,2nd December
Date,3rd December
Date,4th December
Date,5th December
Date,6th December
Date,7th December
Date,8th December
Date,9th December
Date,10th December
Date,11th December
Date,12th December
Date,13th December
Date,14th December
Date,15th December
Date,16th December
Date,17th December
Date,18th December
Date,19th December
Date,20th December
Date,21st December
Date,22nd December
Date,23rd December
Date,24th December
Date,25th December
Date,26th December
Date,27th December
Date,28th December
Date,29th December
Date,30th December
Date,31st December
Date,1-Feb
Date,1-Mar
Date,1-Apr
Date,1-May
Date,1-Jun
Date,1-Jul
Date,1-Aug
Date,1-Sep
Date,1-Oct
Date,1-Nov
Date,1-Dec
Date,13/01
Date,14/01
Date,15/01
Date,16/01
Date,17/01
Date,18/01
Date,19/01
Date,20/01
Date,21/01
Date,22/01
Date,23/01
Date,24/01
Date,25/01
Date,26/01
Date,27/01
Date,28/01
Date,29/01
Date,30/01
Date,31/01
Date,13/02
Date,14/02
Date,15/02
Date,16/02
Date,17/02
Date,18/02
Date,19/02
Date,20/02
Date,21/02
Date,22/02
Date,23/02
Date,24/02
Date,25/02
Date,26/02
Date,27/02
Date,28/02
Date,29/02
Date,3-Feb
Date,3-Mar
Date,3-Apr
Date,3-May
Date,3-Jun
Date,3-Jul
Date,3-Aug
Date,3-Sep
Date,3-Oct
Date,3-Nov
Date,3-Dec
Date,13/03
Date,14/03
Date,15/03
Date,16/03
Date,17/03
Date,18/03
Date,19/03
Date,20/03
Date,21/03
Date,22/03
Date,23/03
Date,24/03
Date,25/03
Date,26/03
Date,27/03
Date,28/03
Date,29/03
Date,30/03
Date,31/03
Date,4-Jan
Date,4-Feb
Date,4-Mar
Date,4-Apr
Date,4-May
Date,4-Jun
Date,4-Jul
Date,4-Aug
Date,4-Sep
Date,4-Oct
Date,4-Nov
Date,4-Dec
Date,13/04
Date,14/04
Date,15/04
Date,16/04
Date,17/04
Date,18/04
Date,19/04
Date,20/04
Date,21/04
Date,22/04
Date,23/04
Date,24/04
Date,25/04
Date,26/04
Date,27/04
Date,28/04
Date,29/04
Date,30/04
Date,5-Jan
Date,5-Feb
Date,5-Mar
Date,5-Apr
Date,5-May
Date,5-Jun
Date,5-Jul
Date,5-Aug
Date,5-Sep
Date,5-Oct
Date,5-Nov
Date,5-Dec
Date,13/05
Date,14/05
Date,15/05
Date,16/05
Date,17/05
Date,18/05
Date,19/05
Date,20/05
Date,21/05
Date,22/05
Date,23/05
Date,24/05
Date,25/05
Date,26/05
Date,27/05
Date,28/05
Date,29/05
Date,30/05
Date,31/05
Date,6-Jan
Date,6-Feb
Date,6-Mar
Date,6-Apr
Date,6-May
Date,6-Jun
Date,6-Jul
Date,6-Aug
Date,6-Sep
Date,6-Oct
Date,6-Nov
Date,6-Dec
Date,13/06
Date,14/06
Date,15/06
Date,16/06
Date,17/06
Date,18/06
Date,19/06
Date,20/06
Date,21/06
Date,22/06
Date,23/06
Date,24/06
Date,25/06
Date,26/06
Date,27/06
Date,28/06
Date,29/06
Date,30/06
Date,7-Jan
Date,7-Feb
Date,7-Mar
Date,7-Apr
Date,7-May
Date,7-Jun
Date,7-Jul
Date,7-Aug
Date,7-Sep
Date,7-Oct
Date,7-Nov
Date,7-Dec
Date,13/07
Date,14/07
Date,15/07
Date,16/07
Date,17/07
Date,18/07
Date,19/07
Date,20/07
Date,21/07
Date,22/07
Date,23/07
Date,24/07
Date,25/07
Date,26/07
Date,27/07
Date,28/07
Date,29/07
Date,30/07
Date,31/07
Date,8-Jan
Date,8-Feb
Date,8-Mar
Date,8-Apr
Date,8-May
Date,8-Jun
Date,8-Jul
Date,8-Aug
Date,8-Sep
Date,8-Oct
Date,8-Nov
Date,8-Dec
Date,13/08
Date,14/08
Date,15/08
Date,16/08
Date,17/08
Date,18/08
Date,19/08
Date,20/08
Date,21/08
Date,22/08
Date,23/08
Date,24/08
Date,25/08
Date,26/08
Date,27/08
Date,28/08
Date,29/08
Date,30/08
Date,31/08
Date,9-Jan
Date,9-Feb
Date,9-Mar
Date,9-Apr
Date,9-May
Date,9-Jun
Date,9-Jul
Date,9-Aug
Date,9-Sep
Date,9-Oct
Date,9-Nov
Date,9-Dec
Date,13/09
Date,14/09
Date,15/09
Date,16/09
Date,17/09
Date,18/09
Date,19/09
Date,20/09
Date,21/09
Date,22/09
Date,23/09
Date,24/09
Date,25/09
Date,26/09
Date,27/09
Date,28/09
Date,29/09
Date,30/09
Date,10-Jan
Date,10-Feb
Date,10-Mar
Date,10-Apr
Date,10-May
Date,10-Jun
Date,10-Jul
Date,10-Aug
Date,10-Sep
Date,10-Oct
Date,10-Nov
Date,10-Dec
Date,13/10
Date,14/10
Date,15/10
Date,16/10
Date,17/10
Date,18/10
Date,19/10
Date,20/10
Date,21/10
Date,22/10
Date,23/10
Date,24/10
Date,25/10
Date,26/10
Date,27/10
Date,28/10
Date,29/10
Date,30/10
Date,31/10
Date,11-Jan
Date,11-Feb
Date,11-Mar
Date,11-Apr
Date,11-May
Date,11-Jun
Date,11-Jul
Date,11-Aug
Date,11-Sep
Date,11-Oct
Date,11-Nov
Date,11-Dec
Date,13/11
Date,14/11
Date,15/11
Date,16/11
Date,17/11
Date,18/11
Date,19/11
Date,20/11
Date,21/11
Date,22/11
Date,23/11
Date,24/11
Date,25/11
Date,26/11
Date,27/11
Date,28/11
Date,29/11
Date,30/11
Date,12-Jan
Date,12-Feb
Date,12-Mar
Date,12-Apr
Date,12-May
Date,12-Jun
Date,12-Jul
Date,12-Aug
Date,12-Sep
Date,12-Oct
Date,12-Nov
Date,12-Dec
Date,13/12
Date,14/12
Date,15/12
Date,16/12
Date,17/12
Date,18/12
Date,19/12
Date,20/12
Date,21/12
Date,22/12
Date,23/12
Date,24/12
Date,25/12
Date,26/12
Date,27/12
Date,28/12
Date,29/12
Date,30/12
Date,31/12
Date,1-Jan
Date,2-Jan
Date,3-Jan
Date,13-Jan
Date,14-Jan
Date,15-Jan
Date,16-Jan
Date,17-Jan
Date,18-Jan
Date,19-Jan
Date,20-Jan
Date,21-Jan
Date,22-Jan
Date,23-Jan
Date,24-Jan
Date,25-Jan
Date,26-Jan
Date,27-Jan
Date,28-Jan
Date,29-Jan
Date,30-Jan
Date,31-Jan
Date,2-Feb
Date,13-Feb
Date,14-Feb
Date,15-Feb
Date,16-Feb
Date,17-Feb
Date,18-Feb
Date,19-Feb
Date,20-Feb
Date,21-Feb
Date,22-Feb
Date,23-Feb
Date,24-Feb
Date,25-Feb
Date,26-Feb
Date,27-Feb
Date,28-Feb
Date,29-Feb
Date,2-Mar
Date,13-Mar
Date,14-Mar
Date,15-Mar
Date,16-Mar
Date,17-Mar
Date,18-Mar
Date,19-Mar
Date,20-Mar
Date,21-Mar
Date,22-Mar
Date,23-Mar
Date,24-Mar
Date,25-Mar
Date,26-Mar
Date,27-Mar
Date,28-Mar
Date,29-Mar
Date,30-Mar
Date,31-Mar
Date,2-Apr
Date,13-Apr
Date,14-Apr
Date,15-Apr
Date,16-Apr
Date,17-Apr
Date,18-Apr
Date,19-Apr
Date,20-Apr
Date,21-Apr
Date,22-Apr
Date,23-Apr
Date,24-Apr
Date,25-Apr
Date,26-Apr
Date,27-Apr
Date,28-Apr
Date,29-Apr
Date,30-Apr
Date,2-May
Date,13-May
Date,14-May
Date,15-May
Date,16-May
Date,17-May
Date,18-May
Date,19-May
Date,20-May
Date,21-May
Date,22-May
Date,23-May
Date,24-May
Date,25-May
Date,26-May
Date,27-May
Date,28-May
Date,29-May
Date,30-May
Date,31-May
Date,2-Jun
Date,13-Jun
Date,14-Jun
Date,15-Jun
Date,16-Jun
Date,17-Jun
Date,18-Jun
Date,19-Jun
Date,20-Jun
Date,21-Jun
Date,22-Jun
Date,23-Jun
Date,24-Jun
Date,25-Jun
Date,26-Jun
Date,27-Jun
Date,28-Jun
Date,29-Jun
Date,30-Jun
Date,2-Jul
Date,13-Jul
Date,14-Jul
Date,15-Jul
Date,16-Jul
Date,17-Jul
Date,18-Jul
Date,19-Jul
Date,20-Jul
Date,21-Jul
Date,22-Jul
Date,23-Jul
Date,24-Jul
Date,25-Jul
Date,3rd January
Date,27-Jul
Date,28-Jul
Date,29-Jul
Date,30-Jul
Date,31-Jul
Date,2-Aug
Date,13-Aug
Date,14-Aug
Date,15-Aug
Date,16-Aug
Date,17-Aug
Date,18-Aug
Date,19-Aug
Date,20-Aug
Date,21-Aug
Date,22-Aug
Date,23-Aug
Date,24-Aug
Date,25-Aug
Date,26-Aug
Date,27-Aug
Date,28-Aug
Date,29-Aug
Date,30-Aug
Date,31-Aug
Date,2-Sep
Date,13-Sep
Date,14-Sep
Date,15-Sep
Date,16-Sep
Date,17-Sep
Date,18-Sep
Date,19-Sep
Date,20-Sep
Date,21-Sep
Date,22-Sep
Date,23-Sep
Date,24-Sep
Date,25-Sep
Date,26-Sep
Date,27-Sep
Date,28-Sep
Date,29-Sep
Date,30-Sep
Date,2-Oct
Date,13-Oct
Date,14-Oct
Date,15-Oct
Date,16-Oct
Date,17-Oct
Date,18-Oct
Date,19-Oct
Date,20-Oct
Date,21-Oct
Date,22-Oct
Date,23-Oct
Date,24-Oct
Date,25-Oct
Date,26-Oct
Date,27-Oct
Date,28-Oct
Date,29-Oct
Date,30-Oct
Date,31-Oct
Date,2-Nov
Date,13-Nov
Date,14-Nov
Date,15-Nov
Date,16-Nov
Date,17-Nov
Date,18-Nov
Date,19-Nov
Date,20-Nov
Date,21-Nov
Date,22-Nov
Date,23-Nov
Date,24-Nov
Date,25-Nov
Date,26-Nov
Date,27-Nov
Date,28-Nov
Date,29-Nov
Date,30-Nov
Date,2-Dec
Date,13-Dec
Date,14-Dec
Date,15-Dec
Date,16-Dec
Date,17-Dec
Date,18-Dec
Date,19-Dec
Date,20-Dec
Date,21-Dec
Date,22-Dec
Date,23-Dec
Date,24-Dec
Date,25-Dec
Date,26-Dec
Date,27-Dec
Date,28-Dec
Date,29-Dec
Date,30-Dec
Date,31-Dec
Date,2nd January
Date,1st January
Date,26-Jul
Date,4th January
Date,5th January
Date,6th January
Date,7th January
Date,8th January
Date,9th January
Date,10th January
Date,11th January
Date,12th January
Date,13th January
Date,14th January
Date,15th January
Date,16th January
Date,17th January
Date,18th January
Department,Agriculture
Department,Women and Child Development Sector,Women and Child,Women and Child Development,Child
Department,Water Department,Water
Department,Urban Sector,Urban
Department,Urban Development Department,Urban Development
Department,Tribal Area Development Department,Tribal Area Development,Tribal Area
Department,Transport Department,Transport
Department,Transport,Transport
Department,Town Planning Department,Town Planning,Town
Department,Tourism Department,Tourism
Department,Tourism
Department,Technical Education Department,Technical Education
Department,State Insurance and Provident Fund Department,State Insurance,Provident Fund
Department,Social Welfare,Social
Department,Social Justice and Empowerment Department,Social Justice,Social Justice and Empowerment
Department,sewage Department,sewage
Department,Science and Technology Department,Science and Technology,Science,Technology
Department,Sanskrit Education Department,Sanskrit Education,Sanskrit
Department,Sanitation Department,Sanitation
Department,Rural Development Department,Rural Development,Rural
Department,RTO,Regional Transport Office,Road Transport Office
Department,Roadways Department,Roadways,Bus
Department,Revenue Department,Revenue
Department,Registration and Stamps Department,Registration,Stamps,Registration and Stamps
Department,recreational department,recreational
Department,Railways Department,Railways
Department,PWD,Public Work
Department,Public Works Department,Public Works
Department,Public Health Engineering Department,Public Health,Public Health Engineering
Department,public health Department,public health
Department,Public Health
Department,Prosecution Department,Prosecution
Department,post office Department,post office
Department,Police Department,Police
Department,Planning Department,Planning
Department,Personnel Department,Personnel
Department,municipal Department,municipal
Department,Mines and Geology Department,Mines,Geology,Mines and Geology
Department,Medical Health and Family Welfare Department,Medical Health and Family Welfare,Medical Health,Family Welfare,Family,Health
Department,Medical Education Department,Medical Education,Medical
Department,medical Department,medical
Department,Law and Legal Affairs Department,Law and Legal Affairs,Affairs
Department,Land Registration Office,Land Registration,Land
Department,Labour Department,Labour
Department,Labour and Employment,Labour and Employment
Department,Labour
Department,Information Technology and Communications Department,Information Technology and Communications ,Communication
Department,Information Technology,IT
Department,Information and Public Relations Department,Information and Public Relations,Public Relation
Department,Income Tax Department,Income Tax,Tax
Department,immigration Department,immigration
Department,housing Department,housing 
Department,Housing,House
Department,Home Guard Department,Home Guard
Department,Home Department,Home
Department,Higher Technical and Medical Education,Higher Technical and Medical,Higher Technical
Department,Health and Welfare
Department,General Adminstration and Cabinet Secretariat Department,Cabinet,Adminstration
Department,gas Department,gas
Department,Forest Department,Forest
Department,Foreign Depatment,Foreign 
Department,Food and Civil Supplies Department,Food and Civil Supplies
Department,Food and Civil Supplies
Department,Fisheries Department,Fisheries
Department,fire Department,fire
Department,Finance Department,Finance
Department,Fastag Department,Fastag
Department,Factories and Boilers Inspection Department,Factory,Boilers Inspection
Department,Excise Department,Excise,Duty
Department,Evaluation Department,Evaluation
Department,Environment and Climate Change Department,Environment and Climate Change,Climate Change
Department,Environment
Department,Energy and Non Conventional Energy Department,Energy and Non Conventional Energy,Energy,Non Conventional Energy
Department,Employment Department,Employment
Department,Elementary Education Department,Elementary Education
Department,Electricity Department,Electricity
Department,Education Portal Govt of,Education Portal
Department,Education Department,Education
Department,Administrative Reforms Department,Administrative Reforms
Department,Cyber Security Department,Cyber,Scecurity,Cyber Security
Department,Customs,import Department,export Department
Department,Commissioner Industries Commerce and CSR Department,CSR,Commissioner Industries Commerce,Industries Commerce
Department,Economics and Statistics Department,Economics,Statistics
Department,College Education Department,College Education,College
Department,Co-operative Department,Co-operative,co-operate,coperate
Department,CBI,ED,PMO,CID
Department,Bank,SBI,BOB
Department,Art and Culture Sector,Art and Culture,Art,Culture
Department,Animal Husbandry Department,Animal Husbandry,Animal
Department,Airways Department,Airways
Department,Agriculture Department,Agriculture
Department,Youth Affairs and Sports Department,Youth Affairs,Sports,Youth Affairs and Sports
Department,Disaster Management and Relief Department,Disaster Management and Relief,Disaster Management,Disaster,Flood,Landslide
Department,Department of Water Resources,Water Resources
Department,Department of Treasuries & Accounts (DTA),DTA,Treasuries,Treasure
generating_ticketNo,done,Done
location,Lalgarh
location,Elumalai
location,Eral
location,Eraniel
location,Erumaippatti
location,Ettaiyapuram
location,Gandhi Nagar
location,Gangaikondan
location,Gangavalli
location,Gingee
location,Gudalur
location,Gudiyatham
location,Guduvancheri
location,Gummidipundi
location,Harur
location,Hosur
location,Idappadi
location,Ilampillai
location,Iluppur
location,Injambakkam
location,Irugur
location,Jalakandapuram
location,Jalarpet
location,Jayamkondacholapuram
location,Kadambur
location,Kadayanallur
location,Kalakkadu
location,Kalavai
location,Kallakkurichchi
location,Kallidaikurichi
location,Kallupatti
location,Kalugumalai
location,Kamuthi
location,Kanadukattan
location,Kanchipuram
location,Kangayam
location,Kanniyakumari
location,Karaikkudi
location,Karamadai
location,Karambakkudi
location,Kariapatti
location,Karumbakkam
location,Katpadi
location,Kattivakkam
location,Kattupputtur
location,Kaveripatnam
location,Kayalpattinam
location,Kayattar
location,Keelakarai
location,Kelamangalam
location,Kil Bhuvanagiri
location,Kilvelur
location,Kiranur
location,Kodaikanal
location,Kodumudi
location,Kombai
location,Konganapuram
location,Koothanallur
location,Koradachcheri
location,Korampallam
location,Kotagiri
location,Kottaiyur
location,Kovilpatti
location,Krishnagiri
location,Kulattur
location,Kulittalai
location,Kumaralingam
location,Kumbakonam
location,Kunnattur
location,Kurinjippadi
location,Kuttalam
location,Kuzhithurai
location,Madambakkam
location,Madipakkam
location,Madukkarai
location,Madukkur
location,Madurantakam
location,Mallapuram
location,Mallasamudram
location,Mallur
location,Manalurpettai
location,Manamadurai
location,Manappakkam
location,Manapparai
location,Manavalakurichi
location,Mandapam
location,Mangalam
location,Mannargudi
location,Marakkanam
location,Marandahalli
location,Masinigudi
location,Mattur
location,Mayiladuthurai
location,Melur
location,Mettuppalaiyam
location,Mettur
location,Minjur
location,Mohanur
location,Mudukulattur
location,Mulanur
location,Musiri
location,Muttupet
location,Naduvattam
location,Nambiyur
location,Nambutalai
location,Nandambakkam
location,Nangavalli
location,Nangilickondan
location,Nanguneri
location,Nannilam
location,Naravarikuppam
location,Nattam
location,Nattarasankottai
location,Needamangalam
location,Neelankarai
location,Negapatam
location,Nellikkuppam
location,Nilakottai
location,Nilgiris
location,Odugattur
location,Omalur
location,Ooty
location,Palakkodu
location,Palamedu
location,Palavakkam
location,Pallappatti
location,Pallattur
location,Pallavaram
location,Pallikondai
location,Pallipattu
location,Pallippatti
location,Papanasam
location,Papireddippatti
location,Papparappatti
location,Paramagudi
location,Pennadam
location,Pennagaram
location,Pennathur
location,Peraiyur
location,Peranamallur
location,Peranampattu
location,Periyanayakkanpalaiyam
location,Periyanegamam
location,Periyapatti
location,Periyapattinam
location,Perundurai
location,Perungudi
location,Perur
location,Ponnamaravati
location,Poonamalle
location,Porur
location,Puduppatti
location,Pudur
location,Puduvayal
location,Puliyangudi
location,Puliyur
location,Pullambadi
location,Punjai Puliyampatti
location,Rajapalaiyam
location,Rameswaram
location,Saint Thomas Mount
location,Sathankulam
location,Sayalkudi
location,Seven Pagodas
location,Sholinghur
location,Singanallur
location,Singapperumalkovil
location,Sirkazhi
location,Sirumugai
location,Srimushnam
location,Sriperumbudur
location,Srivaikuntam
location,Suchindram
location,Sulur
location,Swamimalai
location,Tambaram
location,Tanjore
location,Taramangalam
location,Tattayyangarpettai
location,Theni
location,Thenkasi
location,Thirukattupalli
location,Thiruthani
location,Thiruvaiyaru
location,Thiruvidaimaruthur
location,Thoothukudi
location,Tinnanur
location,Tiruchchendur
location,Tirumullaivasal
location,Tirunelveli Kattabo
location,Tiruppalaikudi
location,Tirupparangunram
location,Tiruppuvanam
location,Tiruttangal
location,Tiruvottiyur
location,Tisaiyanvilai
location,Tondi
location,Turaiyur
location,Udangudi
location,Udumalaippettai
location,Uppiliyapuram
location,Uttamapalaiyam
location,Uttiramerur
location,Uttukkuli
location,V.S.K.Valasai (Dindigul-Dist.)
location,Vadakku Valliyur
location,Vadakku Viravanallur
location,Vadamadurai
location,Vadippatti
location,Valangaiman
location,Valavanur
location,Vallam
location,Vandalur
location,Vasudevanallur
location,Vattalkundu
location,Vedaraniyam
location,Vedasandur
location,Velankanni
location,Vellanur
location,Velur
location,Vengavasal
location,Vettaikkaranpudur
location,Vettavalam
location,Vijayapuri
location,Vikravandi
location,Vilattikulam
location,Villupuram
location,Viraganur
location,Vriddhachalam
location,Walajapet
location,Wallajahbad
location,Wellington
location,Andol
location,Asifabad
location,Banswada
location,Bellampalli
location,Bhadradri Kothagudem
location,Bhaisa
location,Chatakonda
location,Dasnapur
location,Devarkonda
location,Dornakal
location,Gaddi Annaram
location,Ghatkesar
location,Gopalur
location,Jangoan
location,Jayashankar Bhupalapally
location,Jogulamba Gadwal
location,Kamareddi
location,Kodar
location,Kothapet
location,Kottagudem
location,Kottapalli
location,Kukatpalli
location,Lakshettipet
location,Lal Bahadur Nagar
location,Mahabubabad
location,Malkajgiri
location,Mancheral
location,Manthani
location,Medchal
location,Medchal Malkajgiri
location,Mirialguda
location,Nagar Karnul
location,Nalgonda
location,Narsingi
location,Naspur
location,Paloncha
location,Patancheru
location,Peddapalli
location,Quthbullapur
location,Rajanna Sircilla
location,Ramgundam
location,Rangareddi
location,Sadaseopet
location,Sangareddi
location,Sathupalli
location,Secunderabad
location,Serilingampalle
location,Singapur
location,Sirpur
location,Sirsilla
location,Sriramnagar
location,Suriapet
location,Uppal Kalan
location,Vemalwada
location,Wanparti
location,Zahirabad
location,Ambasa
location,Barjala
location,Dhalai
location,Gomati
location,Kailashahar
location,Kamalpur
location,North Tripura
location,Ranir Bazar
location,Sabrum
location,Sonamura
location,South Tripura
location,Unakoti
location,West Tripura
location,Afzalgarh
location,Ahraura
location,Aidalpur
location,Airwa
location,Akbarpur
location,Aliganj
location,Allahganj
location,Amanpur
location,Amauli
location,Ambahta
location,Ambedkar Nagar
location,Amethi
location,Anandnagar
location,Antu
location,Anupshahr
location,Aonla
location,Araul
location,Asalatganj
location,Atarra
location,Atrauli
location,Atraulia
location,Auraiya
location,Auras
location,Ayodhya
location,Azizpur
location,Baberu
location,Babina
location,Babrala
location,Babugarh
location,Bachhraon
location,Bachhrawan
location,Baghpat
location,Baghra
location,Bah
location,Baheri
location,Bahjoi
location,Bahraigh
location,Bahsuma
location,Bahua
location,Bajna
location,Bakewar
location,Baksar
location,Balamau
location,Baldeo
location,Baldev
location,Ballia
location,Balrampur
location,Banat
location,Banbasa
location,Bangarmau
location,Bansdih
location,Bansgaon
location,Bansi
location,Banthra
location,Bara Banki
location,Baragaon
location,Baraut
location,Bareilly
location,Barhalganj
location,Barkhera
location,Barkhera Kalan
location,Barokhar
location,Barsana
location,Barwar (Lakhimpur Kheri)
location,Basti
location,Behat
location,Bela
location,Belthara
location,Beniganj
location,Beswan
location,Bewar
location,Bhadarsa
location,Bhadohi
location,Bhagwantnagar
location,Bharatpura
location,Bhargain
location,Bharthana
location,Bharwari
location,Bhaupur
location,Bhimtal
location,Bhinga
location,Bhognipur
location,Bhongaon
location,Bidhnu
location,Bidhuna
location,Bighapur
location,Bighapur Khurd
location,Bijnor
location,Bikapur
location,Bilari
location,Bilariaganj
location,Bilgram
location,Bilhaur
location,Bilsanda
location,Bilsi
location,Bilthra
location,Binauli
location,Binaur
location,Bindki
location,Birdpur
location,Bisalpur
location,Bisanda Buzurg
location,Bisauli
location,Bisenda Buzurg
location,Bishunpur Urf Maharajganj
location,Biswan
location,Bithur
location,Budaun
location,Budhana
location,Bulandshahr
location,Captainganj
location,Chail
location,Chandauli
location,Chandauli District
location,Chandpur
location,Chanduasi
location,Charkhari
location,Charthawal
location,Chhaprauli
location,Chharra
location,Chhata
location,Chhibramau
location,Chhitauni
location,Chhutmalpur
location,Chillupar
location,Chirgaon
location,Chitrakoot
location,Chitrakoot Dham
location,Chopan
location,Chunar
location,Churk
location,Colonelganj
location,Dadri
location,Dalmau
location,Dankaur
location,Daraganj
location,Daranagar
location,Dasna
location,Dataganj
location,Daurala
location,Dayal Bagh
location,Deoband
location,Deoranian
location,Deoria
location,Derapur
location,Dewa
location,Dhampur
location,Dhanaura
location,Dhanghata
location,Dharau
location,Dhaurahra
location,Dibai
location,Divrasai
location,Dohrighat
location,Domariaganj
location,Dostpur
location,Dudhi
location,Etah
location,Etmadpur
location,Faizabad
location,Farah
location,Faridnagar
location,Faridpur
location,Farrukhabad
location,Fatehganj West
location,Fatehgarh
location,Fatehpur (Barabanki)
location,Fatehpur Chaurasi
location,Fyzabad
location,Gahlon
location,Gahmar
location,Gaini
location,Gajraula
location,Gangoh
location,Ganj Dundawara
location,Ganj Dundwara
location,Ganj Muradabad
location,Garautha
location,Garhi Pukhta
location,Garhmuktesar
location,Gauriganj
location,Gautam Buddha Nagar
location,Gawan
location,Ghatampur
location,Ghaziabad
location,Ghazipur
location,Ghiror
location,Ghorawal
location,Ghosi
location,Gohand
location,Gokul
location,Gola Bazar
location,Gola Gokarannath
location,Gonda
location,Gonda (Aligarh)
location,Gonda City
location,Gopamau
location,Gosainganj
location,Goshainganj
location,Govardhan
location,Greater Noida
location,Gulaothi
location,Gunnaur
location,Gursahaiganj
location,Gursarai
location,Gyanpur
location,Haldaur
location,Handia
location,Haraipur
location,Haraiya
location,Harchandpur
location,Harduaganj
location,Hastinapur
location,Hata
location,Hata (India)
location,Hathras
location,Hulas
location,Ibrahimpur
location,Iglas
location,Ikauna
location,Indergarh
location,Indragarh
location,Islamnagar
location,Islamnagar (Badaun)
location,Itaunja
location,Itimadpur
location,Jagdishpur
location,Jagnair
location,Jahanabad (Pilibhit)
location,Jahangirabad
location,Jahangirpur
location,Jainpur
location,Jais
location,Jalali
location,Jalaun
location,Jalesar
location,Janghai
location,Jansath
location,Jarwa
location,Jarwal
location,Jasrana
location,Jaswantnagar
location,Jaunpur
location,Jewar
location,Jhajhar
location,Jhalu
location,Jhinjhak
location,Jhinjhana
location,Jhusi
location,Jiyanpur
location,Jyotiba Phule Nagar
location,Kabrai
location,Kachhwa
location,Kadaura
location,Kadipur
location,Kagarol
location,Kaimganj
location,Kairana
location,Kakori
location,Kakrala
location,Kalinagar
location,Kalyanpur
location,Kamalganj
location,Kampil
location,Kandhla
location,Kannauj
location,Kanpur Dehat
location,Kant
location,Kanth
location,Kaptanganj
location,Kara
location,Karari
location,Karbigwan
location,Karchana
location,Karhal
location,Kasganj
location,Kausani
location,Kaushambi District
location,Kemri
location,Khada
location,Khaga
location,Khairabad
location,Khalilabad
location,Kharela
location,Khargupur
location,Khatauli
location,Khekra
location,Kheri
location,Khudaganj
location,Khurja
location,Khutar
location,Kirakat
location,Kiraoli
location,Kiratpur
location,Kishanpur
location,Kishanpur baral
location,Kishni
location,Kithor
location,Konch
location,Kopaganj
location,Kosi
location,Kotra
location,Kuchesar
location,Kudarkot
location,Kulpahar
location,Kunda
location,Kundarkhi
location,Kundarki
location,Kurara
location,"Kurebhar,saidkhanpur"
location,Kushinagar
location,Kusmara
location,Kuthaund
location,Lakhna
location,Lambhua
location,Lawar
location,Lawar Khas
location,Lucknow District
location,Machhali Shahar
location,Machhlishahr
location,Madhoganj
location,Maghar
location,Mahaban
location,Mahmudabad
location,Mahoba
location,Maholi
location,Mahrajganj
location,Mahrajganj (Raebareli)
location,Mahroni
location,Mahul
location,Mailani
location,Mainpuri
location,Majhupur
location,Makanpur
location,Malasa
location,Malihabad
location,Maniar
location,Manikpur
location,Manjhanpur
location,Mankapur
location,Marahra
location,Mariahu
location,Mataundh
location,Mau Aima
location,Mau Aimma
location,Maudaha
location,Mauranwan
location,Maurawan
location,Mawana
location,Mawar
location,Mehdawal
location,Mehnagar
location,Mehndawal
location,Milak
location,Milkipur
location,Miranpur
location,Miranpur Katra
location,Mirzapur
location,Misrikh
location,Mohan
location,Mohanpur
location,Moth
location,Mubarakpur
location,Mughal Sarai
location,Muhammadabad
location,Mukteshwar
location,Mungra Badshahpur
location,Munsyari
location,Muradabad
location,Muradnagar
location,Mursan
location,Musafir-Khana
location,Musafirkhana
location,Muzaffarnagar
location,Nadigaon
location,Nagram
location,Nanauta
location,Narauli
location,Narora
location,Naugama
location,Naurangpur
location,Nawabganj (Barabanki)
location,Nawabganj (Bareilly)
location,Newara
location,Nichlaul
location,Nigoh
location,Nihtaur
location,Nurpur
location,Oran
location,Pachperwa
location,Pahasu
location,Paigaon
location,Paras Rampur
location,Parichha
location,Parichhatgarh
location,Parshadepur
location,Pathakpura
location,Patiali
location,Pawayan
location,Payagpur
location,Phalauda
location,Phaphamau
location,Phaphund
location,Phariha
location,Pheona
location,Pichhaura
location,Pilkhua
location,Pinahat
location,Pipraich
location,Prayagraj (Allahabad)
location,Purmafi
location,Qadirganj
location,Rabupura
location,Radha Kund
location,Radhakund
location,Raebareli
location,Ramkola
location,Ranipur
location,Ranipur Barsi
location,Rasulabad
location,Raya
location,Rehar
location,Renukut
location,Reotipur
location,Richha
location,Rudarpur
location,Rura
location,Sabalpur
location,Sachendi
location,Sadat
location,Sahibabad
location,Sahpau
location,Sakhanu
location,Sakit
location,Salempur
location,Salon
location,Sant Kabir Nagar
location,Sant Ravi Das Nagar
location,Sarai Akil
location,Sarai Ekdil
location,Sarai Mir
location,Sarauli
location,Sarila
location,Sarurpur
location,Sasni
location,Satrikh
location,Saurikh
location,Sector
location,Shahi
location,Shamsabad
location,Shankargarh
location,Shergarh
location,Shibnagar
location,Shikarpur (Bulandshahr)
location,Shrawasti
location,Siddharthnagar
location,Siddhaur
location,Sidhauli
location,Sidhpura
location,Sikandarabad
location,Sikandarpur
location,Sikandra
location,Sirathu
location,Sisauli
location,Siswa Bazar
location,Sonbhadra
location,Suar
location,Surianwan
location,Tajpur
location,Talbahat
location,Talgram
location,Terha
location,Tigri
location,Tikaitnagar
location,Tikri
location,Tilsahri
location,Tindwari
location,Titron
location,Tori Fatehpur
location,Tori-Fatehpur
location,Ugu
location,Usawan
location,Usehat
location,Uska
location,Vindhyachal
location,Walterganj
location,Wazirganj
location,Yusufpur
location,Zafarabad
location,Almora
location,Barkot
location,Bazpur
location,Bhim Tal
location,Bhowali
location,Birbhaddar
location,Chakrata
location,Chamoli
location,Champawat
location,Clement Town
location,Devaprayag
location,Dharchula
location,Doiwala
location,Dugadda
location,Dwarahat
location,Garhwal
location,Haldwani
location,Harbatpur
location,Haridwar
location,Jaspur
location,Joshimath
location,Kaladhungi
location,Kalagarh Project Colony
location,Khatima
location,Kichha
location,Kotdwara
location,Laksar
location,Lansdowne
location,Lohaghat
location,Naini Tal
location,Narendranagar
location,Pipalkoti
location,Raiwala Bara
location,Ranikhet
location,Rudraprayag
location,Tanakpur
location,Tehri-Garhwal
location,Udham Singh Nagar
location,Uttarkashi
location,Vikasnagar
location,Ahmedpur
location,Aistala
location,Aknapur
location,Alipurduar
location,Amlagora
location,Amta
location,Amtala
location,Andal
location,Arambagh community development block
location,Ashoknagar Kalyangarh
location,Badkulla
location,Baduria
location,Bagdogra
location,Bagnan
location,Bagula
location,Bahula
location,Baidyabati
location,Bakreswar
location,Balarampur
location,Bali Chak
location,Bally
location,Bamangola community development block
location,Baneswar
location,Bankra
location,Bansberia
location,Bansihari community development block
location,Barabazar
location,Baranagar
location,Barasat
location,Bardhaman
location,Barjora
location,Barrackpore
location,Baruipur
location,Basanti
location,Basirhat
location,Bawali
location,Begampur
location,Belda
location,Beldanga
location,Beliatore
location,Berhampore
location,Bhadreswar
location,Bhandardaha
location,Bhatpara
location,Birbhum district
location,Birpara
location,Bolpur
location,Budge Budge
location,Canning
location,Chakapara
location,Chakdaha
location,Champadanga
location,Champahati
location,Champdani
location,Chandannagar
location,Chandrakona
location,Chittaranjan
location,Churulia
location,Contai
location,Cooch Behar
location,Cossimbazar
location,Dakshin Dinajpur district
location,Dalkola
location,Dam Dam
location,Darjeeling
location,Debagram
location,Debipur
location,Dhaniakhali community development block
location,Dhulagari
location,Dhulian
location,Dhupguri
location,Diamond Harbour
location,Digha
location,Dinhata
location,Domjur
location,Dubrajpur
location,Egra
location,Falakata
location,Farakka
location,Fort Gloster
location,Gaighata community development block
location,Gairkata
location,Gangadharpur
location,Garui
location,Garulia
location,Ghatal
location,Giria
location,Gobardanga
location,Gobindapur
location,Gorubathan
location,Gosaba
location,Gosanimari
location,Gurdaha
location,Guskhara
location,Haldia
location,Haldibari
location,Halisahar
location,Harindanga
location,Haringhata
location,Haripur
location,Hasimara
location,Hindusthan Cables Town
location,Hooghly district
location,Howrah
location,Ichapur
location,Indpur community development block
location,Ingraj Bazar
location,Jafarpur
location,Jaigaon
location,Jamuria
location,Jangipur
location,Jaynagar Majilpur
location,Jejur
location,Jhalida
location,Jhilimili
location,Kakdwip
location,Kalaikunda
location,Kaliaganj
location,Kalna
location,Kalyani
location,Kamarhati
location,Kamarpukur
location,Kanchrapara
location,Kandi
location,Karimpur
location,Katwa
location,Kenda
location,Keshabpur
location,Kharba
location,Khardaha
location,Khatra
location,Kirnahar
location,Konnagar
location,Krishnanagar
location,Krishnapur
location,Kshirpai
location,Kulpi
location,Kultali
location,Kulti
location,Kurseong
location,Lalgola
location,Uttarpara Kotrung
location,Uttar Dinajpur district
location,Uluberia
location,Ula
location,Uchalan
location,Tulin
location,Tufanganj
location,Titagarh
location,Takdah
location,Swarupnagar community development block
location,Srirampur
location,Srikhanda
location,South 24 Parganas district
location,Sonarpur community development block
location,Sonada
location,Solap
location,Sodpur
location,Singur
location,"Shyamnagar, West Bengal"
location,Serpur
location,Serampore
location,Sarenga
location,Santuri community development block
location,Santoshpur
location,Sankrail
location,Sankarpur
location,Salanpur community development block
location,Sahapur
location,Rishra
location,Raypur
location,Raniganj
location,Rampur Hat
location,Ramjibanpur
location,Ramchandrapur
location,Rajnagar community development block
location,Rajmahal
location,Raghudebbati
location,Purba Medinipur district
location,Puncha community development block
location,Pujali
location,Patuli
location,Patrasaer
location,Patiram
location,Paschim Medinipur district
location,Parbatipur
location,Panskura
location,Panihati
location,Pandua
location,Panchmura
location,Panagarh
location,Paikpara
location,Odlabari
location,North 24 Parganas district
location,Nayagram community development block
location,Nangi
location,Nandigram
location,Namkhana community development block
location,Nalpur
location,Nalhati
location,Naksalbari
location,Nagrakata
location,Nagarukhra
location,Nadia district
location,Nabagram
location,Muri
location,Muragacha
location,Mohanpur community development block
location,Mirik
location,Mejia community development block
location,Matigara community development block
location,Matiali community development block
location,Masila
location,Manikpara
location,Mahishadal community development block
location,Mahiari
location,Madhyamgram
location,Madanpur
location,Loyabad
location,Bharuch
location,Pathankot
location,Hoshiarpur
location,Baramula
location,Adoni
location,Jind
location,Tonk
location,Tenali
location,Kancheepuram
location,Vapi
location,Sirsa
location,Navsari
location,Mahbubnagar
location,Puri
location,Robertson Pet
location,Erode
location,Batala
location,Haldwani-cum-Kathgodam
location,Vidisha
location,Saharsa
location,Thanesar
location,Chittoor
location,Veraval
location,Lakhimpur
location,Sitapur
location,Hindupur
location,Santipur
location,Balurghat
location,Ganjbasoda
location,Moga
location,Proddatur
location,Medinipur
location,Habra
location,Sasaram
location,Hajipur
location,Bhuj
location,Shivpuri
location,Ranaghat
location,Shimla
location,Tiruvannamalai
location,Kaithal
location,Rajnandgaon
location,Godhra
location,Hazaribag
location,Bhimavaram
location,Mandsaur
location,Dibrugarh
location,Kolar
location,Bankura
location,Mandya
location,Dehri-on-Sone
location,Madanapalle
location,Malerkotla
location,Lalitpur
location,Bettiah
location,Pollachi
location,Khanna
location,Neemuch
location,Palwal
location,Palanpur
location,Guntakal
location,Nabadwip
location,Udupi
location,Jagdalpur
location,Motihari
location,Pilibhit
location,Dimapur
location,Mohali
location,Sadulpur
location,Rajapalayam
location,Dharmavaram
location,Kashipur
location,Sivakasi
location,Darjiling
location,Chikkamagaluru
location,Gudivada
location,Baleshwar Town
location,Mancherial
location,Srikakulam
location,Adilabad
location,Yavatmal
location,Barnala
location,Nagaon
location,Narasaraopet
location,Raigarh
location,Roorkee
location,Valsad
location,Ambikapur
location,Giridih
location,Chandausi
location,Purulia
location,Patan
location,Bagaha
location,Hardoi
location,Achalpur
location,Osmanabad
location,Deesa
location,Nandurbar
location,Azamgarh
location,Ramgarh
location,Firozpur
location,Baripada Town
location,Karwar
location,Siwan
location,Rajampet
location,Pudukkottai
location,Anantnag
location,Tadpatri
location,Satara
location,Bhadrak
location,Kishanganj
location,Suryapet
location,Wardha
location,Ranebennuru
location,Amreli
location,Neyveli (TS)
location,Jamalpur
location,Marmagao
location,Udgir
location,Tadepalligudem
location,Nagapattinam
location,Buxar
location,Aurangabad
location,Jehanabad
location,Phagwara
location,Khair
location,Sawai Madhopur
location,Kapurthala
location,Chilakaluripet
location,Malappuram
location,Rewari
location,Nagaur
location,Sultanpur
location,Nagda
location,Port Blair
location,Lakhisarai
location,Panaji
location,Tinsukia
location,Itarsi
location,Kohima
location,Balangir
location,Nawada
location,Jharsuguda
location,Jagtial
location,Viluppuram
location,Amalner
location,Zirakpur
location,Tanda
location,Tiruchengode
location,Nagina
location,Yemmiganur
location,Vaniyambadi
location,Sarni
location,Theni Allinagaram
location,Margao
location,Akot
location,Sehore
location,Mhow Cantonment
location,Kot Kapura
location,Makrana
location,Pandharpur
location,Miryalaguda
location,Shamli
location,Seoni
location,Ranibennur
location,Kadiri
location,Shrirampur
location,Rudrapur
location,Parli
location,Najibabad
location,Nirmal
location,Udhagamandalam
location,Shikohabad
location,Jhumri Tilaiya
location,Aruppukkottai
location,Ponnani
location,Jamui
location,Sitamarhi
location,Chirala
location,Anjar
location,Karaikal
location,Hansi
location,Anakapalle
location,Mahasamund
location,Faridkot
location,Saunda
location,Dhoraji
location,Paramakudi
location,Balaghat
location,Sujangarh
location,Khambhat
location,Muktsar
location,Rajpura
location,Kavali
location,Dhamtari
location,Ashok Nagar
location,Sardarshahar
location,Mahuva
location,Bargarh
location,Kamareddy
location,Sahibganj
location,Kothagudem
location,Ramanagaram
location,Gokak
location,Tikamgarh
location,Araria
location,Rishikesh
location,Shahdol
location,Medininagar (Daltonganj)
location,Arakkonam
location,Washim
location,Sangrur
location,Bodhan
location,Fazilka
location,Palacole
location,Keshod
location,Sullurpeta
location,Wadhwan
location,Gurdaspur
location,Vatakara
location,Tura
location,Narnaul
location,Kharar
location,Yadgir
location,Ambejogai
location,Ankleshwar
location,Savarkundla
location,Paradip
location,Virudhachalam
location,Kanhangad
location,Kadi
location,Srivilliputhur
location,Gobindgarh
location,Tindivanam
location,Mansa
location,Taliparamba
location,Manmad
location,Tanuku
location,Rayachoti
location,Virudhunagar
location,Koyilandy
location,Jorhat
location,Karur
location,Valparai
location,Srikalahasti
location,Neyyattinkara
location,Bapatla
location,Fatehabad
location,Malout
location,Sankarankovil
location,Tenkasi
location,Ratnagiri
location,Rabkavi Banhatti
location,Sikandrabad
location,Chaibasa
location,Chirmiri
location,Palwancha
location,Bhawanipatna
location,Kayamkulam
location,Pithampur
location,Nabha
location,"Shahabad, Hardoi"
location,Dhenkanal
location,Uran Islampur
location,Gopalganj
location,Bongaigaon City
location,Palani
location,Pusad
location,Sopore
location,Pilkhuwa
location,Tarn Taran
location,Renukoot
location,Mandamarri
location,Shahabad
location,Barbil
location,Koratla
location,Madhubani
location,Arambagh
location,Gohana
location,Ladnu
location,Pattukkottai
location,Sirsi
location,Sircilla
location,Tamluk
location,Jagraon
location,AlipurdUrban Agglomerationr
location,Alirajpur
location,Tandur
location,Naidupet
location,Tirupathur
location,Tohana
location,Ratangarh
location,Dhubri
location,Masaurhi
location,Visnagar
location,Vrindavan
location,Nokha
location,Nagari
location,Narwana
location,Ramanathapuram
location,Ujhani
location,Samastipur
location,Laharpur
location,Sangamner
location,Nimbahera
location,Siddipet
location,Suri
location,Diphu
location,Jhargram
location,Shirpur-Warwade
location,Tilhar
location,Sindhnur
location,Udumalaipettai
location,Malkapur
location,Wanaparthy
location,Gudur
location,Kendujhar
location,Mandla
location,Mandi
location,Nedumangad
location,North Lakhimpur
location,Vinukonda
location,Tiptur
location,Gobichettipalayam
location,Sunabeda
location,Wani
location,Upleta
location,Narasapuram
location,Nuzvid
location,Tezpur
location,Una
location,Markapur
location,Sheopur
location,Thiruvarur
location,Sidhpur
location,Sahaswan
location,Suratgarh
location,Shajapur
location,Rayagada
location,Lonavla
location,Ponnur
location,Kagaznagar
location,Gadwal
location,Bhatapara
location,Kandukur
location,Sangareddy
location,Unjha
location,Lunglei
location,Karimganj
location,Kannur
location,Bobbili
location,Mokameh
location,Talegaon Dabhade
location,Anjangaon
location,Mangrol
location,Sunam
location,Gangarampur
location,Thiruvallur
location,Tirur
location,Rath
location,Jatani
location,Viramgam
location,Rajsamand
location,Yanam
location,Mumbai
location,Delhi
location,Bengaluru
location,Ahmedabad
location,Hyderabad
location,Chennai
location,Kolkata
location,Pune
location,Jaipur
location,Surat
location,Lucknow
location,Kanpur
location,Nagpur
location,Patna
location,Indore
location,Thane
location,Bhopal
location,Visakhapatnam
location,Vadodara
location,Firozabad
location,Ludhiana
location,Rajkot
location,Agra
location,Siliguri
location,Nashik
location,Faridabad
location,Patiala
location,Meerut
location,Kalyan-Dombivali
location,Vasai-Virar
location,Varanasi
location,Srinagar
location,Dhanbad
location,Jodhpur
location,Amritsar
location,Raipur
location,Allahabad
location,Coimbatore
location,Jabalpur
location,Gwalior
location,Vijayawada
location,Madurai
location,Guwahati
location,Chandigarh
location,Hubli-Dharwad
location,Amroha
location,Moradabad
location,Gurgaon
location,Aligarh
location,Solapur
location,Ranchi
location,Jalandhar
location,Tiruchirappalli
location,Bhubaneswar
location,Salem
location,Warangal
location,Mira-Bhayandar
location,Thiruvananthapuram
location,Bhiwandi
location,Saharanpur
location,Guntur
location,Amravati
location,Bikaner
location,Noida
location,Jamshedpur
location,Bhilai Nagar
location,Cuttack
location,Kochi
location,Udaipur
location,Bhavnagar
location,Dehradun
location,Asansol
location,Nanded-Waghala
location,Ajmer
location,Jamnagar
location,Ujjain
location,Sangli
location,Loni
location,Jhansi
location,Pondicherry
location,Nellore
location,Jammu
location,Belagavi
location,Raurkela
location,Mangaluru
location,Tirunelveli
location,Malegaon
location,Gaya
location,Tiruppur
location,Davanagere
location,Kozhikode
location,Akola
location,Kurnool
location,Bokaro Steel City
location,Rajahmundry
location,Ballari
location,Agartala
location,Bhagalpur
location,Latur
location,Dhule
location,Korba
location,Bhilwara
location,Brahmapur
location,Mysore
location,Muzaffarpur
location,Ahmednagar
location,Kollam
location,Raghunathganj
location,Bilaspur
location,Shahjahanpur
location,Thrissur
location,Alwar
location,Kakinada
location,Nizamabad
location,Sagar
location,Tumkur
location,Hisar
location,Rohtak
location,Panipat
location,Darbhanga
location,Kharagpur
location,Aizawl
location,Ichalkaranji
location,Tirupati
location,Karnal
location,Bathinda
location,Rampur
location,Shivamogga
location,Ratlam
location,Modinagar
location,Durg
location,Shillong
location,Imphal
location,Hapur
location,Ranipet
location,Anantapur
location,Arrah
location,Karimnagar
location,Parbhani
location,Etawah
location,Bharatpur
location,Begusarai
location,New Delhi
location,Chhapra
location,Kadapa
location,Ramagundam
location,Pali
location,Satna
location,Vizianagaram
location,Katihar
location,Hardwar
location,Sonipat
location,Nagercoil
location,Thanjavur
location,Murwara (Katni)
location,Naihati
location,Sambhal
location,Nadiad
location,Yamunanagar
location,English Bazar
location,Eluru
location,Munger
location,Panchkula
location,Raayachuru
location,Panvel
location,Deoghar
location,Ongole
location,Nandyal
location,Morena
location,Bhiwani
location,Porbandar
location,Palakkad
location,Anand
location,Purnia
location,Baharampur
location,Barmer
location,Morvi
location,Orai
location,Bahraich
location,Sikar
location,Vellore
location,Singrauli
location,Khammam
location,Mahesana
location,Silchar
location,Sambalpur
location,Rewa
location,Unnao
location,Hugli-Chinsurah
location,Raiganj
location,Phusro
location,Adityapur
location,Alappuzha
location,Bahadurgarh
location,Machilipatnam
location,Rae Bareli
location,Jalpaiguri
location,Kottayam
location,Panruti
location,Dhuri
location,Namakkal
location,Kasaragod
location,Modasa
location,Rayadurg
location,Supaul
location,Kunnamkulam
location,Umred
location,Bellampalle
location,Sibsagar
location,Mandi Dabwali
location,Ottappalam
location,Dumraon
location,Samalkot
location,Jaggaiahpet
location,Goalpara
location,Tuni
location,Lachhmangarh
location,Bhongir
location,Amalapuram
location,Firozpur Cantt.
location,Vikarabad
location,Thiruvalla
location,Sherkot
location,Palghar
location,Shegaon
location,Jangaon
location,Bheemunipatnam
location,Panna
location,Thodupuzha
location,KathUrban Agglomeration
location,Palitana
location,Arwal
location,Venkatagiri
location,Kalpi
location,Rajgarh (Churu)
location,Sattenapalle
location,Arsikere
location,Ozar
location,Thirumangalam
location,Petlad
location,Nasirabad
location,Phaltan
location,Rampurhat
location,Nanjangud
location,Forbesganj
location,Tundla
location,BhabUrban Agglomeration
location,Sagara
location,Pithapuram
location,Sira
location,Bhadrachalam
location,Charkhi Dadri
location,Chatra
location,Palasa Kasibugga
location,Nohar
location,Yevla
location,Sirhind Fatehgarh Sahib
location,Bhainsa
location,Parvathipuram
location,Shahade
location,Chalakudy
location,Narkatiaganj
location,Kapadvanj
location,Macherla
location,Raghogarh-Vijaypur
location,Rupnagar
location,Naugachhia
location,Sendhwa
location,Byasanagar
location,Sandila
location,Gooty
location,Salur
location,Nanpara
location,Sardhana
location,Vita
location,Gumia
location,Puttur
location,Jalandhar Cantt.
location,Nehtaur
location,Changanassery
location,Mandapeta
location,Dumka
location,Seohara
location,Umarkhed
location,Madhupur
location,Vikramasingapuram
location,Punalur
location,Kendrapara
location,Sihor
location,Nellikuppam
location,Samana
location,Warora
location,Nilambur
location,Rasipuram
location,Ramnagar
location,Jammalamadugu
location,Nawanshahr
location,Thoubal
location,Athni
location,Cherthala
location,Sidhi
location,Farooqnagar
location,Peddapuram
location,Chirkunda
location,Pachora
location,Madhepura
location,Pithoragarh
location,Tumsar
location,Phalodi
location,Tiruttani
location,Rampura Phul
location,Perinthalmanna
location,Padrauna
location,Pipariya
location,Dalli-Rajhara
location,Punganur
location,Mattannur
location,Mathura
location,Thakurdwara
location,Nandivaram-Guduvancheri
location,Mulbagal
location,Manjlegaon
location,Wankaner
location,Sillod
location,Nidadavole
location,Surapura
location,Rajagangapur
location,Sheikhpura
location,Parlakhemundi
location,Kalimpong
location,Siruguppa
location,Arvi
location,Limbdi
location,Barpeta
location,Manglaur
location,Repalle
location,Mudhol
location,Shujalpur
location,Mandvi
location,Thangadh
location,Sironj
location,Nandura
location,Shoranur
location,Nathdwara
location,Periyakulam
location,Sultanganj
location,Medak
location,Narayanpet
location,Raxaul Bazar
location,Rajauri
location,Pernampattu
location,Nainital
location,Ramachandrapuram
location,Vaijapur
location,Nangal
location,Sidlaghatta
location,Punch
location,Pandhurna
location,Wadgaon Road
location,Talcher
location,Varkala
location,Pilani
location,Nowgong
location,Naila Janjgir
location,Mapusa
location,Vellakoil
location,Merta City
location,Sivaganga
location,Mandideep
location,Sailu
location,Vyara
location,Kovvur
location,Vadalur
location,Nawabganj
location,Padra
location,Sainthia
location,Siana
location,Shahpur
location,Sojat
location,Noorpur
location,Paravoor
location,Murtijapur
location,Sundargarh
location,Taki
location,Saundatti-Yellamma
location,Pathanamthitta
location,Wadi
location,Rameshwaram
location,Tasgaon
location,Sikandra Rao
location,Sihora
location,Tiruvethipuram
location,Tiruvuru
location,Mehkar
location,Peringathur
location,Perambalur
location,Manvi
location,Zunheboto
location,Mahnar Bazar
location,Attingal
location,Shahbad
location,Puranpur
location,Nelamangala
location,Nakodar
location,Lunawada
location,Murshidabad
location,Mahe
location,Lanka
location,Rudauli
location,Tuensang
location,Lakshmeshwar
location,Zira
location,Yawal
location,Thana Bhawan
location,Ramdurg
location,Pulgaon
location,Sadasivpet
location,Nargund
location,Neem-Ka-Thana
location,Memari
location,Nilanga
location,Naharlagun
location,Pakaur
location,Wai
location,Tarikere
location,Malavalli
location,Raisen
location,Lahar
location,Uravakonda
location,Savanur
location,Sirohi
location,Udhampur
location,Umarga
location,Pratapgarh
location,Lingsugur
location,Usilampatti
location,Palia Kalan
location,Wokha
location,Rajpipla
location,Vijayapura
location,Rawatbhata
location,Sangaria
location,Paithan
location,Rahuri
location,Patti
location,Zaidpur
location,Lalsot
location,Maihar
location,Vedaranyam
location,Nawapur
location,Solan
location,Sanawad
location,Warisaliganj
location,Revelganj
location,Sabalgarh
location,Tuljapur
location,Simdega
location,Musabani
location,Kodungallur
location,Phulabani
location,Umreth
location,Narsipatnam
location,Nautanwa
location,Rajgir
location,Yellandu
location,Sathyamangalam
location,Pilibanga
location,Morshi
location,Pehowa
location,Sonepur
location,Pappinisseri
location,Zamania
location,Mihijam
location,Purna
location,Puliyankudi
location,"Shikarpur, Bulandshahr"
location,Umaria
location,Porsa
location,Naugawan Sadat
location,Fatehpur Sikri
location,Manuguru
location,Pipar City
location,Pattamundai
location,Nanjikottai
location,Taranagar
location,Yerraguntla
location,Satana
location,Sherghati
location,Sankeshwara
location,Madikeri
location,Thuraiyur
location,Sanand
location,Rajula
location,Kyathampalle
location,"Shahabad, Rampur"
location,Tilda Newra
location,Narsinghgarh
location,Chittur-Thathamangalam
location,Malaj Khand
location,Sarangpur
location,Robertsganj
location,Sirkali
location,Radhanpur
location,Tiruchendur
location,Utraula
location,Patratu
location,"Vijainagar, Ajmer"
location,Periyasemur
location,Pathri
location,Sadabad
location,Talikota
location,Sinnar
location,Mungeli
location,Sedam
location,Shikaripur
location,Sumerpur
location,Sattur
location,Sugauli
location,Lumding
location,Vandavasi
location,Titlagarh
location,Uchgaon
location,Mokokchung
location,Paschim Punropara
location,Sagwara
location,Ramganj Mandi
location,Tarakeswar
location,Mahalingapura
location,Dharmanagar
location,Mahemdabad
location,Manendragarh
location,Uran
location,Tharamangalam
location,Tirukkoyilur
location,Pen
location,Makhdumpur
location,Maner
location,Oddanchatram
location,Palladam
location,Mundi
location,Nabarangapur
location,Mudalagi
location,Samalkha
location,Nepanagar
location,Karjat
location,Ranavav
location,Pedana
location,Pinjore
location,Lakheri
location,Pasan
location,Vadakkuvalliyur
location,Tirukalukundram
location,Mahidpur
location,Mussoorie
location,Muvattupuzha
location,Rasra
location,Udaipurwati
location,Manwath
location,Adoor
location,Uthamapalayam
location,Partur
location,Nahan
location,Ladwa
location,Mankachar
location,Nongstoin
location,Losal
location,Sri Madhopur
location,Ramngarh
location,Mavelikkara
location,Rawatsar
location,Rajakhera
location,Lar
location,Lal Gopalganj Nindaura
location,Muddebihal
location,Sirsaganj
location,Shahpura
location,Surandai
location,Sangole
location,Pavagada
location,Tharad
location,Umbergaon
location,Mavoor
location,Nalbari
location,Talaja
location,Malur
location,Mangrulpir
location,Soro
location,Vadnagar
location,Raisinghnagar
location,Sindhagi
location,Sanduru
location,Sohna
location,Manavadar
location,Pihani
location,Safidon
location,Risod
location,Rosera
location,Sankari
location,Malpura
location,Sonamukhi
location,"Shamsabad, Agra"
location,PandUrban Agglomeration
location,Mainaguri
location,Afzalpur
location,Shirur
location,Salaya
location,Shenkottai
location,Vadipatti
location,Nagarkurnool
location,Savner
location,Sasvad
location,Soron
location,Sholingur
location,Pandharkaoda
location,Perumbavoor
location,Maddur
location,Nadbai
location,Talode
location,Shrigonda
location,Madhugiri
location,Tekkalakote
location,Seoni-Malwa
location,Shirdi
location,SUrban Agglomerationr
location,Terdal
location,Raver
location,Taraori
location,Mukhed
location,Manachanallur
location,Rehli
location,Sanchore
location,Rajura
location,Piro
location,Mudabidri
location,Vadgaon Kasba
location,Nagar
location,Vijapur
location,Viswanatham
location,Polur
location,Panagudi
location,Manawar
location,Tehri
location,Samdhan
location,Pardi
location,Rahatgarh
location,Panagar
location,Uthiramerur
location,Tirora
location,Rangia
location,Sahjanwa
location,Wara Seoni
location,Magadi
location,Rajgarh (Alwar)
location,Rafiganj
location,Tarana
location,Rampur Maniharan
location,Sheoganj
location,Raikot
location,Pauri
location,Navalgund
location,Shahganj
location,Marhaura
location,Tulsipur
location,Sadri
location,Thiruthuraipoondi
location,Shiggaon
location,Pallapatti
location,Mahendragarh
location,Sausar
location,Ponneri
location,Mahad
location,Lohardaga
location,Tirwaganj
location,Margherita
location,Sundarnagar
location,Rajgarh
location,Mangaldoi
location,Renigunta
location,Longowal
location,Ratia
location,Lalgudi
location,Shrirangapattana
location,Niwari
location,Natham
location,Unnamalaikadai
location,PurqUrban Agglomerationzi
location,"Shamsabad, Farrukhabad"
location,Mirganj
location,Todaraisingh
location,Warhapur
location,Rajam
location,Urmar Tanda
location,Lonar
location,Powayan
location,P.N.Patti
location,Palampur
location,Srisailam Project (Right Flank Colony) Township
location,Sindagi
location,Sandi
location,Vaikom
location,Malda
location,Tharangambadi
location,Sakaleshapura
location,Lalganj
location,Malkangiri
location,Rapar
location,Mauganj
location,Todabhim
location,Srinivaspur
location,Murliganj
location,Reengus
location,Sawantwadi
location,Tittakudi
location,Lilong
location,Rajaldesar
location,Pathardi
location,Achhnera
location,Pacode
location,Naraura
location,Nakur
location,Palai
location,"Morinda, India"
location,Manasa
location,Nainpur
location,Sahaspur
location,Pauni
location,Prithvipur
location,Ramtek
location,Silapathar
location,Songadh
location,Safipur
location,Sohagpur
location,Mul
location,Sadulshahar
location,Phillaur
location,Sambhar
location,Prantij
location,Nagla
location,Pattran
location,Mount Abu
location,Reoti
location,Tenu dam-cum-Kathhara
location,Panchla
location,Sitarganj
location,Pasighat
location,Motipur
location,O' Valley
location,Raghunathpur
location,Suriyampalayam
location,Qadian
location,Rairangpur
location,Silvassa
location,Nowrozabad (Khodargama)
location,Soyagaon
location,Sujanpur
location,Manihari
location,Sikanderpur
location,Mangalvedhe
location,Phulera
location,Ron
location,Sholavandan
location,Saidpur
location,Shamgarh
location,Thammampatti
location,Maharajpur
location,Multai
location,Mukerian
location,Purwa
location,Sheohar
location,Namagiripettai
location,Parasi
location,Lathi
location,Narkhed
location,Mathabhanga
location,Shendurjana
location,Peravurani
location,Mariani
location,Phulpur
location,Rania
location,Pachore
location,Parangipettai
location,Pudupattinam
location,Panniyannur
location,Maharajganj
location,Rau
location,Monoharpur
location,Mandawa
location,Marigaon
location,Pallikonda
location,Pindwara
location,Shishgarh
location,Patur
location,Mayang Imphal
location,Mhowgaon
location,Guruvayoor
location,Mhaswad
location,Sahawar
location,Sivagiri
location,Mundargi
location,Punjaipugalur
location,Kailasahar
location,Samthar
location,Sakti
location,Sadalagi
location,Silao
location,Mandalgarh
location,Loha
location,Pukhrayan
location,Padmanabhapuram
location,Belonia
location,Saiha
location,Srirampore
location,Talwara
location,Puthuppally
location,Khowai
location,Vijaypur
location,Takhatgarh
location,Thirupuvanam
location,Adra
location,Piriyapatna
location,Obra
location,Adalaj
location,Nandgaon
location,Barh
location,Panamattom
location,Niwai
location,Bageshwar
location,Tarbha
location,Adyar
location,Warud
location,Asarganj
location,Sarsod
location,Ladhak
location,Kashmir
location,Jhalawar
location,Jhunjhunu
location,Bamboo Flat
location,Nicobar
location,South Andaman
location,Addanki
location,Akasahebpet
location,Akividu
location,Akkarampalle
location,Amudalavalasa
location,Atmakur
location,Attili
location,Avanigadda
location,Badvel
location,Banganapalle
location,Betamcherla
location,Bhattiprolu
location,Bhimunipatnam
location,Challapalle
location,Chemmumiahpet
location,Chilakalurupet
location,Chinnachowk
location,Chipurupalle
location,Chodavaram
location,Cuddapah
location,Cumbum
location,Darsi
location,Dhone
location,Diguvametta
location,East Godavari
location,Elamanchili
location,Ellore
location,Emmiganur
location,Erraguntla
location,Etikoppaka
location,Gajuwaka
location,Ganguvada
location,Gannavaram
location,Giddalur
location,Gokavaram
location,Gorantla
location,"Govindapuram,Chilakaluripet,Guntur"
location,Gudlavalleru
location,Guntakal Junction
location,Ichchapuram
location,Jaggayyapeta
location,Kaikalur
location,Kalyandurg
location,Kamalapuram
location,Kanigiri
location,Kankipadu
location,Kanuru
location,Kolanukonda
location,Kondapalle
location,Korukollu
location,Kosigi
location,Krishna
location,Kuppam
location,Madugula
location,Mandasa
location,Mangalagiri
location,Nagireddipalli
location,Nandigama
location,Nandikotkur
location,Narasannapeta
location,Narasapur
location,Narasingapuram
location,Narayanavanam
location,Nayudupet
location,Pakala
location,Palakollu
location,Palasa
location,Palkonda
location,Pallevada
location,Palmaner
location,Parlakimidi
location,Parvatipuram
location,Pavuluru
location,pedda nakkalapalem
location,Penugonda
location,Penukonda
location,Phirangipuram
location,Pippara
location,Polavaram
location,Ponnuru
location,Prakasam
location,Pulivendla
location,Punganuru
location,Puttaparthi
location,Ramanayyapeta
location,Ramapuram
location,Rampachodavaram
location,Rayadrug
location,Razam
location,Razampeta
location,Razole
location,Singarayakonda
location,Sompeta
location,Srisailain
location,Suluru
location,Tadepalle
location,Tadepallegudem
location,Tekkali
location,Tirumala
location,vadlamuru
location,Vadlapudi
location,Vepagunta
location,Vetapalem
location,Vizianagaram District
location,Vuyyuru
location,West Godavari
location,Yanamalakuduru
location,Yarada
location,Along
location,Anjaw
location,Basar
location,Bomdila
location,Changlang
location,Dibang Valley
location,East Kameng
location,East Siang
location,Hayuliang
location,Itanagar
location,Khonsa
location,Kurung Kumey
location,Lohit District
location,Lower Dibang Valley
location,Lower Subansiri
location,Tawang
location,Tezu
location,Tirap
location,Upper Siang
location,Upper Subansiri
location,West Kameng
location,West Siang
location,Ziro
location,Abhayapuri
location,Amguri
location,Badarpur
location,Baksa
location,Barpathar
location,Barpeta Road
location,Basugaon
location,Bihpuriagaon
location,Bijni
location,Bilasipara
location,Bokajan
location,Bokakhat
location,Bongaigaon
location,Cachar
location,Chabua
location,Chapar
location,Chirang
location,Darrang
location,Dergaon
location,Dhekiajuli
location,Dhemaji
location,Dhing
location,Digboi
location,Dima Hasao District
location,Dispur
location,Duliagaon
location,Dum Duma
location,Gauripur
location,Gohpur
location,Golaghat
location,Golakganj
location,Goshaingaon
location,Haflong
location,Hailakandi
location,Hajo
location,Hojai
location,Howli
location,Jogighopa
location,Kamrup
location,Kamrup Metropolitan
location,Karbi Anglong
location,Kharupatia
location,Kokrajhar
location,Lakhipur
location,Lala
location,Lumding Railway Colony
location,Mahur
location,Maibong
location,Makum
location,Mangaldai
location,Moranha
location,Morigaon
location,Nahorkatiya
location,Namrup
location,Nazira
location,North Guwahati
location,Numaligarh
location,Palasbari
location,Raha
location,Rangapara
location,Sapatgram
location,Sarupathar
location,Soalkuchi
location,Sonari
location,Sonitpur
location,Sorbhog
location,Titabar
location,Udalguri
location,Amarpur
location,Bahadurganj
location,Bairagnia
location,Baisi
location,Bakhtiyarpur
location,Bangaon
location,Banka
location,Banmankhi
location,Bar Bigha
location,Barauli
location,Barhiya
location,Bariarpur
location,Baruni
location,Belsand
location,Bhabhua
location,Bhagirathpur
location,Bhawanipur
location,Bhojpur
location,Bihar Sharif
location,Bihariganj
location,Bikramganj
location,Birpur
location,Buddh Gaya
location,Chakia
location,Chapra
location,Chhatapur
location,Colgong
location,Dalsingh Sarai
location,Daudnagar
location,Dehri
location,Dhaka
location,Dighwara
location,Dinapore
location,Dumra
location,Fatwa
location,Ghoga
location,Hilsa
location,Hisua
location,Islampur
location,Jagdispur
location,Jahanabad
location,Jaynagar
location,Jha-Jha
location,Jhanjharpur
location,Jogbani
location,Kaimur District
location,Kasba
location,Khagaria
location,Khagaul
location,Khusropur
location,Koath
location,Koelwar
location,Luckeesarai
location,Madhipura
location,Maharajgani
location,Mairwa
location,Masaurhi Buzurg
location,Mohiuddinnagar
location,Monghyr
location,Mothihari
location,Nabinagar
location,Nalanda
location,Nasriganj
location,Nirmali
location,Pashchim Champaran
location,Pupri
location,Purba Champaran
location,Raxaul
location,Rohtas
location,Rusera
location,Sagauli
location,Saran
location,Shahbazpur
location,Teghra
location,Tekari
location,Thakurganj
location,Vaishali
location,Waris Aliganj
location,Akaltara
location,Ambagarh Chauki
location,Arang
location,Baikunthpur
location,Balod
location,Baloda
location,Baloda Bazar
location,Basna
location,Bastar
location,Bemetara
location,Bhanpuri
location,Bhatgaon
location,Bhilai
location,Bijapur
location,Champa
location,Chhuikhadan
location,Deori
location,Dongargaon
location,Dongargarh
location,Gandai
location,Gariaband
location,Gaurela
location,Gharghoda
location,Gidam
location,Janjgir
location,Janjgir-Champa
location,Jashpur
location,Jashpurnagar
location,Junagarh
location,Kabeerdham
location,Kanker
location,Katghora
location,Kawardha
location,Khairagarh
location,Khamharia
location,Kharod
location,Kharsia
location,Kirandul
location,Kondagaon
location,Koriya
location,Kota
location,Kotaparh
location,Kumhari
location,Kurud
location,Lormi
location,Narayanpur
location,Narharpur
location,Pandaria
location,Pandatarai
location,Pathalgaon
location,Pendra
location,Pithora
location,Raj Nandgaon
location,Raj-Nandgaon
location,Ramanuj Ganj
location,Ratanpur
location,Saraipali
location,Sarangarh
location,Seorinarayan
location,Simga
location,Surguja
location,Takhatpur
location,Umarkot
location,Uttar Bastar Kanker
location,Alipur
location,Bawana
location,Central Delhi
location,Deoli
location,East Delhi
location,Karol Bagh
location,Najafgarh
location,Nangloi Jat
location,Narela
location,North Delhi
location,North East Delhi
location,North West Delhi
location,Pitampura
location,Rohini
location,South Delhi
location,South West Delhi
location,West Delhi
location,Aldona
location,Arambol
location,Baga
location,Bambolim
location,Bandora
location,Benaulim
location,Calangute
location,Candolim
location,Carapur
location,Cavelossim
location,Chicalim
location,Chinchinim
location,Colovale
location,Colva
location,Cortalim
location,Cuncolim
location,Curchorem
location,Curti
location,Davorlim
location,Dicholi
location,Goa Velha
location,Guirim
location,Jua
location,Kankon
location,Madgaon
location,Mapuca
location,Morjim
location,Mormugao
location,Navelim
location,North Goa
location,Palle
location,Pernem
location,Ponda
location,Quepem
location,Queula
location,Raia
location,Saligao
location,Sancoale
location,Sanguem
location,Sanquelim
location,Sanvordem
location,Serula
location,Solim
location,South Goa
location,Taleigao
location,Vagator
location,Valpoy
location,Varca
location,Vasco da Gama
location,Abrama
location,Agol
location,Ahwa
location,Akrund
location,Amod
location,"Amod,"
location,Amroli
location,Babra
location,Bagasara
location,Bagasra
location,Bakharla
location,Balagam
location,Balasinor
location,Balisana
location,Bamanbore
location,Banas Kantha
location,Bandia
location,Bantva
location,Bardoli
location,Bedi
location,Bhachau
location,Bhadran
location,Bhandu
location,Bhanvad
location,Bhatha
location,Bhayavadar
location,Bhildi
location,Bhojpur Dharampur
location,Bilimora
location,Bilkha
location,Borsad
location,Botad
location,Chaklasi
location,Chalala
location,Chaloda
location,Champaner
location,Chanasma
location,Chhala
location,Chhota Udepur
location,Chikhli
location,Chotila
location,Chuda
location,Dabhoda
location,Dabhoi
location,Dahegam
location,Dahod
location,Dakor
location,Damnagar
location,Dandi
location,Dangs (India)
location,Danta
location,Dayapar
location,Delvada
location,Delwada
location,Detroj
location,Devbhumi Dwarka
location,Devgadh Bariya
location,Dhandhuka
location,Dhanera
location,Dhansura
location,Dharampur
location,Dharasana
location,Dhari
location,Dhasa
location,Dhola
location,Dholera
location,Dholka
location,Dhrangadhra
location,Dhrol
location,Dhuwaran
location,Disa
location,Dohad
location,Dumkhal
location,Dungarpur
location,Dwarka
location,Gadhada
location,Gandevi
location,Gandhidham
location,Gandhinagar
location,Gariadhar
location,Ghodasar
location,Ghogha
location,Gir Somnath
location,Gondal
location,Gorwa
location,Halenda
location,Halol
location,Halvad
location,Hansot
location,Harij
location,Harsol
location,Hathuran
location,Himatnagar
location,Idar
location,Jakhau
location,Jalalpore
location,Jalalpur
location,Jalia
location,Jambuda
location,Jambusar
location,"Jarod,"
location,Jasdan
location,Jetalpur
location,Jetalsar
location,Jetpur
location,Jetpur (Navagadh)
location,Jhalod
location,Jhulasan
location,Jodhpur (Ahmedabad)
location,Jodia
location,Jodiya Bandar
location,Junagadh
location,Kachchh
location,Kachholi
location,Kadod
location,Kalavad
location,Kalol
location,Kandla
location,Kandla port
location,Kanodar
location,Karamsad
location,Kariana
location,Karjan
location,Kathor
location,Katpur
location,Kavant
location,Kawant
location,Kayavarohan
location,Kerwada
location,Khambhalia
location,Khavda
location,Kheda
location,Khedbrahma
location,Khedoi
location,Kherali
location,Kheralu
location,Kodinar
location,Kosamba
location,Kothara
location,Kotharia
location,Kukarmunda
location,Kukma
location,Kundla
location,Kutch district
location,Kutiyana
location,Ladol
location,Lakhpat
location,Lakhtar
location,Lalpur
location,Langhnaj
location,Limkheda
location,Lunavada
location,Madhavpur Ghed
location,Madhi
location,Mahemdavad
location,Mahisa
location,Mahudha
location,Mahuva (Surat)
location,Malpur
location,Mandal
location,Mandvi (Surat)
location,Mangrol (Junagadh)
location,Meghraj
location,Mehsana
location,Mendarda
location,Mithapur
location,Morbi
location,Morva (Hadaf)
location,Morwa
location,Mundra
location,"Nadiad,"
location,Nagwa
location,Naldhara
location,Naliya
location,Nargol
location,Narmada
location,Naroda
location,Nikora
location,Nizar
location,Odadar
location,Okha
location,Olpad
location,Paddhari
location,Palanswa
location,Paliyad
location,Paliyad (Bhavnagar)
location,Palsana
location,Panch Mahals
location,Panchmahal district
location,Parnera
location,Pavi Jetpur
location,Pipavav
location,Piplod
location,Prabhas Patan
location,Ranpur
location,Reha
location,Roha
location,Sabar Kantha
location,Sachin
location,Samakhiali
location,Sankheda
location,Sarbhon
location,Sardoi
location,Sarkhej
location,Sathamba
location,Savli
location,Sayla
location,Shivrajpur
location,Siddhpur
location,Sikka
location,Sinor
location,Sojitra
location,Supedi
location,Surendranagar
location,Sutrapada
location,Tankara
location,Tapi
location,Than
location,Thasra
location,The Dangs
location,Umarpada
location,Umrala
location,Un
location,Utran
location,Vadgam
location,Vaghodia
location,Vaghodia INA
location,Vallabh Vidyanagar
location,Vallabhipur
location,Vanala
location,Vansda
location,Vanthli
location,Vartej
location,Vasa
location,Vasavad
location,Vaso
location,Vataman
location,Vejalpur
location,Vinchhiya
location,Vinchia
location,Virpur
location,Visavadar
location,Wadhai
location,Waghai
location,Ambala
location,Asandh
location,Ateli Mandi
location,Bara Uchana
location,Barwala
location,Bawal
location,Beri Khas
location,Buriya
location,Chhachhrauli
location,Dabwali
location,Dharuhera
location,Ellenabad
location,Faridabad District
location,Farrukhnagar
location,Fatehabad District
location,Firozpur Jhirka
location,Gharaunda
location,Gorakhpur
location,Hasanpur
location,Hodal
location,Inda Chhoi
location,Indri
location,Jagadhri
location,Jakhal
location,Jhajjar
location,Kalanaur
location,Kalanwali
location,Kanina Khas
location,Kharkhauda
location,Kheri Sampla
location,Kurukshetra
location,Loharu
location,Maham
location,Mandholi Kalan
location,Mustafabad
location,Narayangarh
location,Narnaund
location,Nilokheri
location,Nuh
location,Pataudi
location,Pinjaur
location,Punahana
location,Pundri
location,Radaur
location,Rewari District
location,Shadipur Julana
location,Taoru
location,Tosham
location,Uklana
location,Arki
location,Baddi
location,Banjar
location,Chamba
location,Chaupal
location,Chowari
location,Chuari Khas
location,Dagshai
location,Dalhousie
location,Daulatpur
location,Dera Gopipur
location,Dharamsala
location,Gagret
location,Ghumarwin
location,Hamirpur
location,Jawala Mukhi
location,Jogindarnagar
location,Jubbal
location,Jutogh
location,Kalka
location,Kangar
location,Kangra
location,Kasauli
location,Kinnaur
location,Kotkhai
location,Kotla
location,Kulu
location,Kyelang
location,Lahul and Spiti
location,Manali
location,Nadaun
location,Nagrota
location,Nalagarh
location,Pandoh
location,Paonta Sahib
location,Parwanoo
location,Rohru
location,Sabathu
location,Santokhgarh
location,Sarahan
location,Sarka Ghat
location,Sirmaur
location,Theog
location,Tira Sujanpur
location,Yol
location,Akhnur
location,Awantipur
location,Badgam
location,Bandipore
location,Bandipura
location,Banihal
location,Batoti
location,Bhadarwah
location,Bijbehara
location,Bishnah
location,Doda
location,Gandarbal
location,Ganderbal
location,Gho Brahmanan de
location,Hajan
location,Hiranagar
location,Jaurian
location,Kathua
location,Katra
location,Khaur
location,Kishtwar
location,Kud
location,Kulgam
location,Kupwara
location,Ladakh
location,Magam
location,Noria
location,Padam
location,Pahlgam
location,Parol
location,Pattan
location,Pulwama
location,Qazigund
location,Rajaori
location,Ramban
location,Riasi
location,Samba
location,Shupiyan
location,Sopur
location,Soyibug
location,Sumbal
location,Thang
location,Thanna Mandi
location,Tral
location,Tsrar Sharif
location,Uri
location,Bagra
location,Barka Kana
location,Barki Saria
location,Barwadih
location,Bhojudih
location,Bokaro
location,Bundu
location,Chakradharpur
location,Chakulia
location,Chandil
location,Chas
location,Chiria
location,Daltonganj
location,Deogarh
location,Dhanwar
location,Dugda
location,Garhwa
location,Ghatsila
location,Gobindpur
location,Godda
location,Gomoh
location,Gopinathpur
location,Gua
location,Gumla
location,Hazaribagh
location,Hesla
location,Husainabad
location,Jagannathpur
location,Jamadoba
location,Jamtara
location,Jasidih
location,Jharia
location,Jugsalai
location,Jumri Tilaiya
location,Kalikapur
location,Kandra
location,Kanke
location,Katras
location,Kenduadih
location,Kharsawan
location,Khunti
location,Kodarma
location,Kuju
location,Latehar
location,Malkera
location,Manoharpur
location,Mugma
location,Mushabani
location,Neturhat
location,Nirsa
location,Noamundi
location,Pakur
location,Palamu
location,Pashchim Singhbhum
location,patamda
location,Pathardih
location,Purba Singhbhum
location,Ray
location,Saraikela
location,Sarubera
location,Sijua
location,Sini
location,Topchanchi
location,Ajjampur
location,Aland
location,Alnavar
location,Alur
location,Anekal
location,Ankola
location,Annigeri
location,Arkalgud
location,Aurad
location,Badami
location,Bagalkot
location,Bagepalli
location,Bail-Hongal
location,Ballary
location,Banavar
location,Bangalore Rural
location,Bangalore Urban
location,Bangarapet
location,Bannur
location,Bantval
location,Basavakalyan
location,Basavana Bagevadi
location,Belluru
location,Beltangadi
location,Belur
location,Bhadravati
location,Bhalki
location,Bhatkal
location,Bidar
location,Bilgi
location,Birur
location,Byadgi
location,Byndoor
location,Canacona
location,Challakere
location,Chamrajnagar
location,Channagiri
location,Channapatna
location,Channarayapatna
location,Chik Ballapur
location,Chikkaballapur
location,Chiknayakanhalli
location,Chikodi
location,Chincholi
location,Chintamani
location,Chitapur
location,Chitradurga
location,Closepet
location,Coondapoor
location,Dakshina Kannada
location,Dandeli
location,Devanhalli
location,Dharwad
location,Dod Ballapur
location,French Rocks
location,Gadag
location,Gadag-Betageri
location,Gajendragarh
location,Gangawati
location,Gangolli
location,Gokarna
location,Goribidnur
location,Gorur
location,Gubbi
location,Gudibanda
location,Guledagudda
location,Gundlupēt
location,Gurmatkal
location,Hadagalli
location,Haliyal
location,Hampi
location,Hangal
location,Harihar
location,Harpanahalli
location,Hassan
location,Haveri
location,Heggadadevankote
location,Hirekerur
location,Hiriyur
location,Holalkere
location,Hole Narsipur
location,Homnabad
location,Honavar
location,Honnali
location,Hosanagara
location,Hosangadi
location,Hosdurga
location,Hoskote
location,Hospet
location,Hubballi
location,Hukeri
location,Hungund
location,Hunsur
location,Ilkal
location,Indi
location,Jagalur
location,Jamkhandi
location,Jevargi
location,Kadur
location,Kalaburgi
location,Kalghatgi
location,Kampli
location,Kankanhalli
location,Karkala
location,Kavalur
location,Kerur
location,Khanapur
location,Kodagu
location,Kodigenahalli
location,Kodlipet
location,Kollegal
location,Konanur
location,Konnur
location,Koppa
location,Koppal
location,Koratagere
location,Kotturu
location,Krishnarajpet
location,Kudachi
location,Kudligi
location,Kumsi
location,Kumta
location,Kundgol
location,Kunigal
location,Kurgunta
location,Kushalnagar
location,Kushtagi
location,Londa
location,Maddagiri
location,Mahalingpur
location,Malpe
location,Manipal
location,Mayakonda
location,Melukote
location,Mudbidri
location,Mudgal
location,Mudgere
location,Mulgund
location,Mulki
location,Mundgod
location,Munirabad
location,Murudeshwara
location,Mysuru
location,Nagamangala
location,Narasimharajapura
location,Naregal
location,Nyamti
location,Pangala
location,Pavugada
location,Ponnampet
location,Rabkavi
location,Raichur
location,Ramanagara
location,Raybag
location,Robertsonpet
location,Sadalgi
location,Sakleshpur
location,Sandur
location,Sanivarsante
location,Sankeshwar
location,Sargur
location,Saundatti
location,Seram
location,Shikarpur
location,Shimoga
location,Shirhatti
location,Shorapur
location,Siddapur
location,Sindgi
location,Someshwar
location,Somvarpet
location,Sorab
location,Sravana Belgola
location,Sringeri
location,Sulya
location,Suntikoppa
location,Tirthahalli
location,Tirumakudal Narsipur
location,Tumakuru
location,Turuvekere
location,Ullal
location,Uttar Kannada
location,Vadigenhalli
location,Virarajendrapet
location,Yelahanka
location,Yelandur
location,Yelbarga
location,Yellapur
location,Adur
location,Aluva
location,Alwaye
location,Angamali
location,Aroor
location,Arukutti
location,Avanoor
location,Azhikkal
location,Badagara
location,Beypore
location,Changanacheri
location,Chēlakara
location,Chengannur
location,Cherpulassery
location,Chetwayi
location,Chittur
location,Cochin
location,Dharmadam
location,Edakkulam
location,Elur
location,Erattupetta
location,Ernakulam
location,Ferokh
location,Guruvayur
location,Idukki
location,Iringal
location,Irinjalakuda
location,Kadakkavoor
location,Kalamassery
location,Kalavoor
location,Kalpatta
location,Kannangad
location,Kannavam
location,Kasaragod District
location,Kattanam
location,Kayankulam
location,Kizhake Chalakudi
location,Kotamangalam
location,Kovalam
location,Kumbalam
location,Kunnamangalam
location,Kunnumma
location,Kutiatodu
location,Kuttampuzha
location,Lalam
location,Mahē
location,Manjeri
location,Manjēshvar
location,Mannarakkat
location,Marayur
location,Mattanur
location,Mavelikara
location,Muluppilagadu
location,Munnar
location,Muvattupula
location,Nadapuram
location,Naduvannur
location,Nilēshwar
location,Palackattumala
location,Palakkad district
location,Palghat
location,Panamaram
location,Pappinisshēri
location,Paravur Tekkumbhagam
location,Pariyapuram
location,Pattanamtitta
location,Payyannur
location,Perumpavur
location,Perya
location,Piravam
location,Ponmana
location,Ramamangalam
location,Shertallai
location,Shōranur
location,Talipparamba
location,Tellicherry
location,Thanniyam
location,Thrissur District
location,Tiruvalla
location,Vaikam
location,Vayalar
location,Vettur
location,Wayanad
location,Kargil
location,Leh
location,Kavaratti
location,Agar
location,Ajaigarh
location,Akodia
location,Alampur
location,Alot
location,Amanganj
location,Amarkantak
location,Amarpatan
location,Amarwara
location,Ambah
location,Amla
location,Anjad
location,Antri
location,Anuppur
location,Aron
location,Ashoknagar
location,Ashta
location,Babai
location,Badarwas
location,Badnawar
location,Bag
location,Bagli
location,Baihar
location,Bakshwaho
location,Baldeogarh
location,Bamna
location,Bamor Kalan
location,Bamora
location,Banda
location,Barela
location,Barghat
location,Bargi
location,Barhi
location,Barwani
location,Basoda
location,Begamganj
location,Beohari
location,Berasia
location,Betma
location,Betul
location,Betul Bazar
location,Bhabhra
location,Bhainsdehi
location,Bhander
location,Bhanpura
location,Bhawaniganj
location,Bhikangaon
location,Bhind
location,Bhitarwar
location,Biaora
location,Bijawar
location,Bijrauni
location,Bodri
location,Burhanpur
location,Burhar
location,Chanderi
location,Chandia
location,Chandla
location,Chhatarpur
location,Chhindwara
location,Chichli
location,Chorhat
location,Daboh
location,Dabra
location,Damoh
location,Datia
location,Deori Khas
location,Depalpur
location,Dewas
location,Dhamnod
location,Dhana
location,Dhar
location,Dharampuri
location,Dindori
location,Etawa
location,Gadarwara
location,Garha Brahman
location,Garhakota
location,Gautampura
location,Ghansor
location,Gogapur
location,Gohadi
location,Govindgarh
location,Guna
location,Gurh
location,Harda
location,Harda Khas
location,Harpalpur
location,Harrai
location,Harsud
location,Hatod
location,Hatta
location,Hindoria
location,Hoshangabad
location,Iawar
location,Ichhawar
location,Iklehra
location,Isagarh
location,Jaisinghnagar
location,Jaithari
location,Jamai
location,Jaora
location,Jatara
location,Jawad
location,Jhabua
location,Jiran
location,Jobat
location,Kailaras
location,Kaimori
location,Kannod
location,Kareli
location,Karera
location,Karrapur
location,Kasrawad
location,Katangi
location,Katni
location,Khachrod
location,Khailar
location,Khajuraho Group of Monuments
location,Khamaria
location,Khandwa
location,Khandwa district
location,Khargapur
location,Khargone
location,Khategaon
location,Khilchipur
location,Khirkiyan
location,Khujner
location,Khurai
location,Kolaras
location,Korwai
location,Kotar
location,Kothi
location,Kotma
location,Kotwa
location,Kukshi
location,Kumbhraj
location,Lakhnadon
location,Leteri
location,Lodhikheda
location,Machalpur
location,Madhogarh
location,Maheshwar
location,Mahgawan
location,Majholi
location,Maksi
location,Malhargarh
location,Mandleshwar
location,Mangawan
location,Manpur
location,Mau
location,Mihona
location,Mohgaon
location,Morar
location,Mungaoli
location,Murwara
location,Nagod
location,Naigarhi
location,Namli
location,Naraini
location,Narsimhapur
location,Narwar
location,Nasrullahganj
location,Orchha
location,Pachmarhi
location,Palera
location,Panara
location,Pandhana
location,Pansemal
location,Parasia
location,Patharia
location,Pawai
location,Petlawad
location,Piploda
location,Punasa
location,Raghogarh
location,Rajnagar
location,Rajpur
location,Rampura
location,Ranapur
location,Rehti
location,Sailana
location,Sanchi
location,Sanwer
location,Satwas
location,Saugor
location,Seondha
location,Seoni Malwa
location,Shahgarh
location,Simaria
location,Singoli
location,Sitamau
location,Sohagi
location,Susner
location,Tal
location,Talen
location,Tekanpur
location,Tendukheda
location,Teonthar
location,Thandla
location,Tirodi
location,Udaipura
location,Ukwa
location,Umaria District
location,Umri
location,Unhel
location,Waraseoni
location,Adawad
location,Agar Panchaitan
location,Aheri
location,Ahiri
location,Ahmadnagar
location,Ahmadpur
location,Airoli
location,Ajra
location,Akalkot
location,Akkalkot
location,Akluj
location,Akolner
location,Akrani
location,Alandi
location,Ale
location,Alibag
location,Alkuti
location,Allapalli
location,Amarnath
location,Ambad
location,Ambajogai
location,Ambarnath
location,Ambegaon
location,Amgaon
location,Amravati Division
location,Andheri
location,Andura
location,Anjarle
location,Anshing
location,Arag
location,Arangaon
location,Ardhapur
location,Argaon
location,Artist Village
location,Ashti
location,Asoda
location,Assaye
location,Astagaon
location,"Aundh, Satara"
location,Ausa
location,Badlapur
location,Badnapur
location,Badnera
location,Bagewadi
location,Balapur
location,"Balapur, Akola district"
location,Ballalpur
location,Ballard Estate
location,Ballarpur
location,"Banda, Maharashtra"
location,Bandra
location,Baner
location,Bankot
location,Baramati
location,Barsi
location,Basmat
location,Basmath
location,Bavdhan
location,Bawanbir
location,Beed
location,"Bhadgaon, Maharashtra"
location,Bhandara
location,Bhandardara
location,Bhandup
location,Bhayandar
location,Bhigvan
location,Bhiwapur
location,Bhokar
location,Bhokardan
location,Bhoom
location,Bhor
location,Bhudgaon
location,Bhugaon
location,Bhum
location,Bhusaval
location,Bhusawal
location,Bid
location,Bijur
location,Bilashi
location,Biloli
location,Boisar
location,Borgaon Manju
location,Borivali
location,Borivli
location,Brahmapuri
location,Breach Candy
location,Buldana
location,Buldhana
location,Byculla
location,Chakan
location,Chakur
location,Chalisgaon
location,Chanda
location,Chandgad
location,Chandor
location,Chandrapur
location,Chandur
location,Chandur Bazar
location,Chausala
location,Chembur
location,Chicholi
location,Chichondi Patil
location,Chikhli (Buldhana)
location,Chikhli (Jalna)
location,Chimur
location,Chinchani
location,Chinchpokli
location,Chiplun
location,Chopda
location,Colaba
location,Dabhol
location,Daddi
location,Dahanu
location,Dahivel
location,Dapoli
location,Darwha
location,Daryapur
location,Dattapur
location,Daulatabad
location,Daund
location,Deccan Gymkhana
location,Deglur
location,Dehu
location,Deolali
location,Deolapar
location,Deoni
location,Deulgaon Raja
location,Devrukh
location,Dharangaon
location,Dharavi
location,Dharmabad
location,Dharur
location,Dhawalpuri
location,Dhulia
location,Dighori
location,Diglur
location,Digras
location,"Dindori, Maharashtra"
location,Diveagar
location,Dombivli
location,Dondaicha
location,Dongri
location,Dudhani
location,Durgapur
location,"Durgapur, Chandrapur"
location,Erandol
location,Faizpur
location,Fort
location,Gadchiroli
location,Gadhinglaj
location,Gangakher
location,Gangapur
location,Ganpatipule
location,Gevrai
location,Ghargaon
location,Ghatanji
location,Ghatkopar
location,Ghoti Budrukh
location,Ghugus
location,Girgaon
location,Gondia
location,Gondiya
location,Gorai
location,Goregaon
location,Guhagar
location,"Hadapsar, Pune"
location,Hadgaon
location,Halkarni
location,Harangul
location,Harnai
location,Helwak
location,Hinganghat
location,Hingoli
location,Hirapur
location,Hirapur Hamesha
location,Hotgi
location,Igatpuri
location,Indapur
location,Jaisingpur
location,Jaitapur
location,Jakhangaon
location,Jalgaon
location,Jalgaon Jamod
location,Jalkot
location,Jalna
location,Jamkhed
location,Jamod
location,Janephal
location,Jaoli
location,"Jat, Sangli"
location,Jategaon
location,Jawhar
location,Jaysingpur
location,Jejuri
location,Jintur
location,Jogeshwari
location,Juhu
location,Junnar
location,Kachurwahi
location,Kadegaon
location,Kadus
location,Kagal
location,Kaij
location,Kalamb
location,"Kalamb, Osmanabad"
location,Kalamboli
location,Kalamnuri
location,Kalas
location,Kali(DK)
location,Kalmeshwar
location,Kalundri
location,Kalyan
location,Kalyani Nagar
location,Kamargaon
location,Kamatgi
location,Kamptee
location,Kamthi
location,Kandri
location,Kankauli
location,Kankavli
location,Kannad
location,Karad
location,Karajagi
location,Karanja
location,Karanja Lad
location,Karkamb
location,Karmala
location,Kasara
location,Kasoda
location,Kati
location,Katol
location,Katral
location,Khadki
location,Khalapur
location,Khallar
location,Khamgaon
location,Khandala
location,Khangaon
location,Khapa
location,Kharakvasla
location,Kharda
location,Kharghar
location,Kharsundi
location,Khed
location,Khede
location,Khetia
location,Khoni
location,Khopoli
location,Khuldabad
location,Kinwat
location,Kodoli
location,Kolhapur
location,Kondalwadi
location,Kondhali
location,Kopar Khairane
location,Kopargaon
location,Kopela
location,Koradi
location,Koregaon
location,Koynanagar
location,Kudal
location,Kuhi
location,Kurandvad
location,Kurankhed
location,Kurduvadi
location,Kusumba
location,Lakhandur
location,Lanja
location,Lasalgaon
location,Lavasa
location,Lohogaon
location,Mahabaleshwar
location,Mahape
location,Mahim
location,Maindargi
location,Majalgaon
location,Makhjan
location,Malabar Hill
location,Malad
location,Malvan
location,Manchar
location,Mandangad
location,Mandhal
location,Mandwa
location,Mangaon
location,Mangrul Pir
location,Mankeshwar
location,Mankhurd
location,Manor
location,Mansar
location,Manwat
location,Maregaon
location,Mastiholi
location,"Masur, India"
location,Matheran
location,Matunga
location,Mazagaon
location,Mehekar
location,Mehergaon
location,Mhasla
location,Mhasvad
location,Miraj
location,Mohadi
location,Mohol
location,Mohpa
location,Mokhada taluka
location,"Mora, Maharashtra"
location,Moram
location,Morsi
location,Mowad
location,Mudkhed
location,Mukher
location,Mulher
location,Mulund
location,Mumbai Suburban
location,Murbad
location,Murgud
location,Murtajapur
location,Murud (Raigad)
location,Murud (Ratnagiri)
location,Murum
location,Nadgaon
location,Nagapur
location,Nagothana
location,Nagpur Division
location,Nala Sopara
location,Naldurg
location,Nalegaon
location,Nampur
location,Nanded
location,Nandnee
location,Nandura Buzurg
location,Narayangaon
location,Nardana
location,Nariman Point
location,Nashik Division
location,Navapur
location,Navi Mumbai
location,Neral
location,Nerur
location,Nevasa
location,Nighoj
location,Nipani
location,Niphad
location,Nira Narsingpur
location,Pabal
location,"Pahur, Maharashtra"
location,"Pali, Raigad"
location,Palso
location,Panchgani
location,Pandhurli
location,Panhala
location,Parel
location,Parli Vaijnath
location,Parner
location,Parola
location,Parseoni
location,Paturda
location,Paud
location,Pawni
location,Pedgaon
location,Peint
location,Phulambri
location,Piliv
location,Pimpalgaon Baswant
location,Pimpalgaon Raja
location,Pimpri
location,Pimpri-Chinchwad
location,Pipri
location,Powai
location,Prabhadevi
location,Prakasha
location,Pune Division
location,Puntamba
location,Pural
location,Radhanagari
location,Rahata
location,Rahimatpur
location,Raireshwar
location,Rajapur
location,Rajgurunagar
location,Rajur
location,Ralegaon
location,Ramewadi
location,Renapur
location,Renavi
location,Revadanda
location,Revdanda
location,Sakol
location,Sakoli
location,Sakri
location,Samudrapur
location,Sangameshwar
location,Sangola
location,"Sangrampur, Maharashtra"
location,Saoli
location,Saoner
location,Sarangkheda
location,Saswad
location,Satara Division
location,Satpati
location,Savantvadi
location,Savda
location,Savlaj
location,Sawantvadi
location,Selu
location,Sevagram
location,Sewri
location,Shahada
location,Shahapur
location,Shedbal
location,Shevgaon
location,Shikrapur
location,Shiraguppi
location,Shirala
location,Shirgaon
location,Shirol
location,Shirpur
location,Shirud
location,Shirwal
location,Shivaji Nagar
location,Sindewahi
location,Sindhudurg
location,Sindi
location,Sindkheda
location,"Sion, Mumbai"
location,Sironcha
location,Sirur
location,"Sivala, East Godavari district"
location,Sonala
location,Sonegaon
location,Songir
location,Sonvad
location,Soygaon
location,Srivardhan
location,Surgana
location,Taklibhan
location,Talbid
location,Talegaon Dhamdhere
location,Taloda
location,Tarapur
location,Tardeo
location,Telhara
location,Thalner
location,Trimbak
location,Trombay
location,Ulhasnagar
location,Uruli Kanchan
location,Vada
location,Vadgaon
location,Vadner
location,Vairag
location,Valsang
location,Vangaon
location,Varangaon
location,Vashi
location,Vasind
location,Vatul
location,"Velas, Maharashtra"
location,Velneshwar
location,Vengurla
location,Vijaydurg
location,Vikhroli
location,Vile Parle
location,Vinchur
location,Virar
location,"Vita, Maharashtra"
location,Vite
location,Wadala
location,Wadgaon
location,Wadner
location,Wadwani
location,Wagholi
location,Wakad
location,Walgaon
location,Walki
location,Worli
location,Yaval
location,Yeola
location,Bishnupur
location,Churachandpur
location,Kakching
location,Moirang
location,Phek
location,Senapati
location,Tamenglong
location,Ukhrul
location,Wangjing
location,Yairipok
location,Cherrapunji
location,East Garo Hills
location,East Jaintia Hills
location,East Khasi Hills
location,Mairang
location,Nongpoh
location,North Garo Hills
location,Ri-Bhoi
location,South Garo Hills
location,South West Garo Hills
location,South West Khasi Hills
location,West Garo Hills
location,West Jaintia Hills
location,West Khasi Hills
location,Champhai
location,Darlawn
location,Khawhai
location,Kolasib
location,Kolasib district
location,Lawngtlai
location,Mamit
location,North Vanlaiphai
location,Sairang
location,Saitlaw
location,Serchhip
location,Thenzawl
location,Mon
location,Peren
location,Tuensang District
location,Angul
location,Angul District
location,Asika
location,Athagarh
location,Bada Barabil
location,Balasore
location,Baleshwar
location,Balimila
location,Balugaon
location,Banapur
location,Banki
location,Banposh
location,Baragarh
location,Barpali
location,Basudebpur
location,Baud
location,Baudh
location,Belaguntha
location,Bhadrakh
location,Bhanjanagar
location,Bhuban
location,Bhubaneshwar
location,Binka
location,Birmitrapur
location,Bolanikhodan
location,Brajarajnagar
location,Buguda
location,Burla
location,Champua
location,Chandbali
location,Chatrapur
location,Chikitigarh
location,Chittarkonda
location,Daitari
location,Digapahandi
location,Gajapati
location,Ganjam
location,Gopalpur
location,Gudari
location,Gunupur
location,Hinjilikatu
location,Hirakud
location,Jagatsinghapur
location,Jagatsinghpur
location,Jajpur
location,Jaleshwar
location,Jeypore
location,Jharsuguda District
location,Kaintragarh
location,Kalahandi
location,Kamakhyanagar
location,Kandhamal
location,Kantabanji
location,Kantilo
location,Kendraparha
location,Kesinga
location,Khallikot
location,Kharhial
location,Khordha
location,Khurda
location,Kiri Buru
location,Kodala
location,Konarka
location,Koraput
location,Kuchaiburi
location,Kuchinda
location,Malakanagiri
location,Mayurbhanj
location,Nabarangpur
location,Nayagarh
location,Nayagarh District
location,Nilgiri
location,Nimaparha
location,Nowrangapur
location,Nuapada
location,Padampur
location,Paradip Garh
location,Patamundai
location,Patnagarh
location,Phulbani
location,Pipili
location,Polasara
location,Purushottampur
location,Rambha
location,Remuna
location,Rengali
location,Sorada
location,Subarnapur
location,Tarabha
location,Udayagiri
location,Abohar
location,Adampur
location,Ajitgarh
location,Ajnala
location,Akalgarh
location,Alawalpur
location,Amloh
location,Anandpur Sahib
location,Badhni Kalan
location,Bagha Purana
location,Bakloh
location,Balachor
location,Banga
location,Banur
location,Begowal
location,Bhadaur
location,Bhatinda
location,Bhawanigarh
location,Bhikhi
location,Bhogpur
location,Bholath
location,Budhlada
location,Chima
location,Dasuya
location,Dera Baba Nanak
location,Dera Bassi
location,Dhanaula
location,Dhariwal
location,Dhilwan
location,Dhudi
location,Dina Nagar
location,Dirba
location,Doraha
location,Fatehgarh Churian
location,Fatehgarh Sahib
location,Firozpur District
location,Gardhiwala
location,Garhshankar
location,Ghanaur
location,Giddarbaha
location,Guru Har Sahai
location,Hariana
location,Ishanpur
location,Jaito
location,Jalalabad
location,Jandiala
location,Jandiala Guru
location,Kartarpur
location,Khamanon
location,Khemkaran
location,Kot Isa Khan
location,Kotkapura
location,Laungowal
location,Machhiwara
location,Majitha
location,Makhu
location,Malaut
location,Maur Mandi
location,Morinda
location,Nurmahal
location,Nurpur Kalan
location,Rahon
location,Rajasansi
location,Ram Das
location,Samrala
location,Sanaur
location,Sardulgarh
location,Shahid Bhagat Singh Nagar
location,Shahkot
location,Sham Churasi
location,Sirhind-Fategarh
location,Sri Muktsar Sahib
location,Sultanpur Lodhi
location,Talwandi Bhai
location,Tarn Taran Sahib
location,Abhaneri
location,Abu
location,Abu Road
location,Aklera
location,Amet
location,Anta
location,Anupgarh
location,Asind
location,Bagar
location,Bakani
location,Bali
location,Balotra
location,Bandikui
location,Banswara
location,Baran
location,Bari
location,Bari Sadri
location,Basi
location,Basni
location,Baswa
location,Bayana
location,Beawar
location,Begun
location,Behror
location,Bhadasar
location,Bhadra
location,Bhasawar
location,Bhindar
location,Bhinmal
location,Bhiwadi
location,Bhuma
location,Bilara
location,Bissau
location,Borkhera
location,Bundi
location,Chaksu
location,Chechat
location,Chhabra
location,Chhapar
location,Chhoti Sadri
location,Chidawa
location,Chittaurgarh
location,Churu
location,Dariba
location,Dausa
location,Deshnoke
location,Devgarh
location,Dhaulpur
location,Didwana
location,Dig
location,Fatehpur
location,Galiakot
location,Ganganagar
location,Gulabpura
location,Hanumangarh
location,Hindaun
location,Jahazpur
location,Jaisalmer
location,Jaitaran
location,Jalor
location,Jalore
location,Jhalrapatan
location,Jhunjhunun
location,Jobner
location,Kaman
location,Kanor
location,Kapren
location,Karanpur
location,Karauli
location,Kekri
location,Keshorai Patan
location,Khandela
location,Khanpur
location,Khetri
location,Kishangarh
location,Kotputli
location,Kuchaman
location,Kuchera
location,Kumher
location,Kushalgarh
location,Lachhmangarh Sikar
location,Ladnun
location,Mahwah
location,Mandawar
location,Manohar Thana
location,Meethari Marwar
location,Merta
location,Mundwa
location,Nainwa
location,Napasar
location,Naraina
location,Nawa
location,Nawalgarh
location,Neem ka Thana
location,Nimaj
location,Partapur
location,Parvatsar
location,Pilibangan
location,Pipar
location,Pirawa
location,Pokaran
location,Pushkar
location,Rani
location,Ringas
location,Salumbar
location,Samdari
location,Sanchor
location,Sangod
location,Sardarshahr
location,Sarwar
location,Siwana
location,Sri Dungargarh
location,Suket
location,Sunel
location,Surajgarh
location,Tijara
location,Udpura
location,Uniara
location,Wer
location,East District
location,Gangtok
location,Gyalshing
location,Jorethang
location,Mangan
location,Namchi
location,Naya Bazar
location,North District
location,Rangpo
location,Singtam
location,South District
location,West District
location,Abiramam
location,Adirampattinam
location,Aduthurai
location,Alagapuram
location,Alandur
location,Alanganallur
location,Alangayam
location,Alangudi
location,Alangulam
location,Alappakkam
location,Alwa Tirunagari
location,Ambasamudram
location,Ambattur
location,Ambur
location,Ammapettai
location,Anamalais
location,Andippatti
location,Annamalainagar
location,Annavasal
location,Annur
location,Anthiyur
location,Arantangi
location,Arcot
location,Arimalam
location,Ariyalur
location,Arni
location,Arumbavur
location,Arumuganeri
location,Aruvankad
location,Attayyampatti
location,Attur
location,Auroville
location,Avadi
location,Avinashi
location,Ayakudi
location,Ayyampettai
location,Bhavani
location,Bodinayakkanur
location,Chengam
location,Chennimalai
location,Chetput
location,Chettipalaiyam
location,Cheyyar
location,Cheyyur
location,Chidambaram
location,Chingleput
location,Chinna Salem
location,Chinnamanur
location,Chinnasekkadu
location,Cholapuram
location,Colachel
location,Cuddalore
location,Denkanikota
location,Desur
location,Devadanappatti
location,Devakottai
location,Dhali
location,Dharapuram
location,Dharmapuri
location,Dindigul
location,Dusi
location,Elayirampannai
name,rampati gujar
name,आशीष
name,आसिफ
name,इन्‍द्रा
name,उदयलाल
name,क़ष्‍णकान्‍त उर्फ
name,कान्‍ता
name,कालूराम
name,कु0 भावना
name,कु0 यासमी
name,कु0 शशि रì
name,कोशल्‍या
name,गणेश
name,गोतम
name,चमन प्रकाश
name,छोगालाल
name,जशोदा
name,तारा
name,तारा बाई
name,दिनेश
name,दीपक कुमार
name,नफीस बेग
name,नरेन्‍द्रि‍संह
name,नशरीन बानू
name,नसीम
name,नीरज गुप
name,नेहा
name,नैना
name,पंकज
name,पिंकू कु
name,पेवीण उर्फ पवन कुम��
name,प्रमाेद
name,प्रमोद क
name,बबीता
name,बसन्‍ती
name,बादाम बा
name,मन्जू
name,ममता
name,महेश
name,मांगी बाई
name,माया
name,माेहन कु
name,मुकेश
name,मुन्‍ना बाई
name,यशोदा
name,योगेश गालब
name,राजु
name,राधा कुमारी
name,राधेश्‍याम
name,रामकिशो&
name,रीना कुमारी
name,रेखा शंकर
name,लक्ष्‍मी
name,लाली
name,लीला बाई
name,शारदा बे
name,शाहीन
name,श्याम मो
name,श्रवण  कु
name,श्री अब्
name,श्री ऐमराज
name,श्री नारायण लाल
name,श्री प्रदीप कुमार
name,श्री राजमल
name,श्रीतती जोसनादास
name,श्रीमति
name,श्रीमती
name,श्रीमती आशा देवी
name,श्रीमती इन्‍द्रा
name,श्रीमती इन्‍द्राब�
name,श्रीमती केशर उफ गे��
name,श्रीमती जरीना
name,श्रीमती जशोदा
name,श्रीमती जसोदा
name,श्रीमती जेनम
name,श्रीमती टीना
name,श्रीमती दाखा
name,श्रीमती पारस बाई
name,श्रीमती प्रेम बाई
name,श्रीमती ममता
name,श्रीमती मीनु
name,श्रीमती मुन्‍ना कं
name,श्रीमती लाली
name,श्रीमती लीला
name,सईदा बेगम
name,सरोज
name,सलमा
name,सादीक अह
name,सानिया
name,सीमा
name,सुगना
name,सुमन
name,सुश्री अनुपमा
name,सुश्री आशा कुमारी
name,सुश्री ग
name,सुश्री चेतना
name,सुश्री मांगी बाई
name,सुश्री मीना कुवंर
name,सुश्री मुन्‍ना बाई
name,सुश्री ि‍शवा
name,सोनिया
name,हंसाराम
name,हिलेरी प
name,हीरालाल
name,हेमराज
name,ि‍मक्‍की कंवार
name,ि‍वजय
name,Mr. Tej,Tej
name,Tej Paul,Paul
name,`bishan bangari
name,a lakshmi devi
name,a rajeswari
name,a. suresh
name,aabid
name,aabid khan
name,aachal
name,aadesh
name,aadil
name,aadil sefi
name,aadish
name,aaditya yadav
name,aaenab sheikh
name,aafreen
name,aafreen fatima
name,aafrin
name,aafrin @ dolly
name,aaftaab husan
name,aaftab
name,aaftab alam
name,aaftab aslam
name,aagand
name,aahim
name,aajad singh
name,aajiv
name,aakanksha
name,aakanksha d/o
name,aakar talwar
name,aakas
name,aakash
name,aakash chaudhary
name,aakash dabral
name,aakash kumar
name,aakash or deepu s/o satyprakash sharma r/o town ro
name,aakash sharma
name,aakash@multan
name,aakib javed
name,aalam
name,aalam aara
name,aalam singh
name,aalina
name,aaliya
name,aamil
name,aamin
name,aamina
name,aamir
name,aamir hussain
name,aamod & pramod
name,aamod singh
name,aamosh jacab
name,aamrin jahan
name,aanad prkash goyal
name,aanad sharma
name,aanamika misra
name,aanand
name,aanand kumar
name,aanchal
name,aanik with her son
name,aanil yadav
name,aansi devi
name,aansu
name,aanya @ china
name,aaradhana
name,aaradhana @ priyanka
name,aarati
name,aarati urf silochna
name,aarav
name,aardhna
name,aarif
name,aarif khan@bablu
name,aarifa bano
name,aarifun bivi
name,aarju
name,aarju khatun
name,aarti
name,aarti @ isha
name,aarti @ kajal
name,aarti @ noni
name,aarti bunkar
name,aarti choudhri
name,aarti devi
name,aarti diwakar
name,aarti jain
name,aarti kloshiya
name,aarti kumari
name,aarti mehta
name,aarti mishra
name,aarti pal
name,aarti rajpoot
name,aarti shaha
name,aarti sharma
name,aarti singh @ pooja
name,aarti yash
name,aarushi
name,aas mohammad
name,aas mohd.
name,aasa devi
name,aash mohd.
name,aash mohoomad
name,aasha
name,aasha @ gudia
name,aasha devi
name,aasha kanwar
name,aasha mehta
name,aasha rani
name,aasha ray
name,aashi
name,aashia kakkar d/o
name,aashif
name,aashik
name,aashik ajiz
name,aashis
name,aashis kumar
name,aashish
name,aashish bhartdwaj
name,aashish gupta
name,aashish kumar
name,aashish mathur s/o satbir mathur
name,aashiya
name,aashma
name,aashu
name,aashu @ anil kumar
name,aashu maheshwari
name,aasif
name,aasif ali
name,aasif khan
name,aasim
name,aasish  kumar
name,aasish sharma
name,aasma
name,aasmin
name,aastha thakur
name,aasto
name,aasu
name,aatam parkash
name,aatif
name,aatif ali
name,aatikun
name,aatir saifi
name,aavesh kumar
name,aayana
name,aayesha khatun
name,aaysha
name,aayush
name,aayush kashyap
name,aazad
name,aazadi@jully
name,abash rajan jha
name,abbal singh
name,abbas
name,abbas mehndi
name,abdul
name,abdul ahad
name,abdul ananula khan
name,abdul arbaz
name,abdul aziz
name,abdul gani
name,abdul hafiz
name,abdul hakim
name,abdul hamid
name,abdul hamid@pammi
name,abdul hassan
name,abdul jabhar
name,abdul jhabbar
name,abdul kadir
name,abdul kadir jilani khan
name,abdul kadirjilani khan
name,abdul kalam
name,abdul karim @ saifi
name,abdul khalil
name,abdul miya
name,abdul rahim
name,abdul rahman
name,abdul rahuf
name,abdul rajik
name,abdul rajjak
name,abdul rasheed
name,abdul rasid
name,abdul rehman
name,abdul sakur
name,abdul salam
name,abdul samad
name,abdul samrad
name,abdul sattar resi
name,abdul vahid
name,abdul wahid khan s/o abdul gafur
name,abdulla
name,abdullah
name,abha kumari
name,abhaki
name,abhash lochan jha
name,abhash verma @ abhishek
name,abhay
name,abhay @ jiddi
name,abhay @ kamaljeet
name,abhay papnoi
name,abhay pratap
name,abhaysingh
name,abhi
name,abhijeet
name,abhijeet adhikari
name,abhijeet sarkar
name,abhijit singh
name,abhilash @ dabba
name,abhilasha
name,abhimanu saini
name,abhimanyu
name,abhinandan
name,abhinash chauhan
name,abhinav
name,abhinav chaudhary
name,abhinav jhori
name,abhinav mittal
name,abhinav vashishat
name,abhinav vashit
name,abhinay
name,abhinwav @ sita ram
name,abhiraj yadav
name,abhisek
name,abhisek sharma
name,abhisekh
name,abhishak
name,abhishek
name,abhishek  @ kakku
name,abhishek  sharma
name,abhishek @ guddu
name,abhishek @ leru
name,abhishek @ rohit
name,abhishek @ sumit
name,abhishek bajwan
name,abhishek kapor
name,abhishek kumar
name,abhishek kumar singh
name,abhishek mishra
name,abhishek seervi
name,abhishek sharma
name,abhishek singh
name,abhishek tiwari
name,abhishek tripathi
name,abhishek yadav
name,abhishek@chotu
name,abhishekh
name,abhishiek swami
name,abhishik partap singh
name,abid
name,abida
name,abishak soni
name,abishek kumar
name,abrar
name,abu talha
name,abul kesh ansari
name,achin chakraborty
name,adalat
name,adalat mahto
name,adan
name,adarsh
name,adarsh @ sonu
name,adersen
name,adesh kumar
name,adhish kumar
name,adi
name,adiba
name,adil
name,adil khan
name,adisan
name,aditi
name,aditiya @ sumit
name,aditya
name,aditya @ vishnu
name,aditya arya
name,Aditya Jain
name,aditya kasana
name,aditya kumar
name,aditya negi
name,aditya pathak
name,aditya prasad
name,aditya sharma
name,aditya som
name,aditya vikram
name,adityalok singh
name,adnan
name,adrash
name,aejaz khan
name,aesha
name,afarin
name,affan
name,afjal
name,afjal ali
name,afridi
name,afrin
name,afrina
name,afroz
name,afsana
name,afsana khatoon
name,afsana khatun
name,afsar alam
name,afsar khan
name,afsari
name,afsha
name,afshana
name,afshar
name,aftab
name,afzaj ansari
name,afzal
name,afzal ali
name,agrej kumar@ ajay
name,agyapad bhatya
name,ahamad
name,ahmad
name,ahmed ansari
name,ahmed hasan
name,ahmed hussain
name,ahsamin @ juhi
name,ahsan
name,ahsan khan
name,ahsan salmani
name,ahupendra
name,aidtya
name,aijay jaiswal
name,aisha khan
name,aishe banu
name,aishwarya
name,ajab singh
name,ajad rawal
name,ajahar
name,ajaj ahmad
name,ajara
name,ajay
name,ajay @ ajju
name,ajay @ ankit
name,ajay @ kalu
name,ajay @ sonu
name,ajay @mannu
name,ajay bairagi
name,ajay bhardwaj
name,ajay chand
name,ajay chorasiya
name,ajay choudhary
name,ajay god
name,ajay gupta
name,ajay haldar
name,ajay halder
name,ajay kumar
name,ajay kumar @ chautu
name,ajay kumar gupta
name,ajay kumar jain
name,ajay kumar s/o
name,ajay kumar yadav
name,ajay kumarn mishra
name,ajay manjhi
name,ajay mishra
name,ajay mital
name,ajay narayan
name,ajay negi
name,"ajay negi,"
name,ajay pal
name,ajay panday
name,ajay sadana
name,ajay saday
name,ajay saine
name,ajay sharma
name,ajay sharma @ sonu
name,ajay singh
name,ajay singh @ sonu
name,ajay singh bhati
name,ajay singh panwar
name,ajay singh rajawat
name,ajay tomar
name,ajay varma
name,ajaypal
name,ajeem
name,ajeet
name,ajeet chaudhary
name,ajeet kumar
name,ajeet singh
name,ajeet singj
name,ajim
name,ajima fatima
name,ajit
name,ajit kapoor
name,ajit kumar
name,ajit kumar parsad
name,ajit singh
name,ajit singh @ sonu
name,ajit yadav
name,ajju @ rubi
name,ajkati khatoon
name,ajmal
name,ajman
name,ajmer
name,ajmeri jaysmin
name,ajmit kaur
name,ajnabi begum
name,ajnoor baby
name,ajra with child kadir
name,akaash singh
name,akansh anand
name,akansha
name,akansha mali
name,akash
name,akash @ dabbu
name,akash gupta
name,akash hooda @ nandi
name,akash lal
name,akash malik
name,akash mandal
name,akash meena
name,akash rajput
name,akash sharma
name,akash tomer
name,akash urf deepu
name,akashya tyagi
name,akbar
name,akbari begum
name,akeel
name,akhalak
name,akhatari begam
name,akheelesh
name,akhil kumar
name,akhil mehta
name,akhil ravindran
name,akhilesh
name,akhilesh bhagat
name,akhilesh gupta
name,akhilesh kumar
name,akhilesh kumari
name,akhilesh yadav
name,akhileshwer
name,akhlaq ahmad
name,akhlesh @ babloo
name,akhlesh paswan
name,akhlish kumar
name,akhtar
name,akhtar ali
name,akhtari
name,akhtari @ muskan
name,akib
name,akif mohammad
name,akil
name,akil@sonu
name,akilesh
name,akkash
name,akkni
name,akram
name,akram ali
name,akram hussain
name,akram khan
name,akram rijwi
name,akshat @ vashu
name,akshat baliyan
name,akshay
name,akshay @hunny
name,akshay kumar
name,akshay pahwa
name,akshit
name,akshita
name,akshpaat
name,akthari khatoon
name,aktri aapa
name,al0k awasthi
name,alahbasri
name,alam
name,alam aara
name,alapna
name,alaudin
name,albaksha @ ilu
name,albina
name,aleesha
name,alema
name,alhamdi
name,ali
name,ali @ mohd. ali
name,ali aba
name,ali ahmad
name,ali devi
name,ali hussain
name,ali mohamad
name,ali sher
name,ali warish
name,alijan mansuri
name,alim
name,alima @ pinki
name,alina
name,alis
name,alish
name,alisha
name,alisha @ annu
name,alisha jain
name,alisha khan
name,alisha loomba
name,alisha waliya
name,alita kujur
name,aliya
name,aliya ahmad
name,alka
name,alka kumari
name,alka rani
name,alka sharma
name,alkesh
name,allabaksh
name,allaraji
name,allauddin
name,alma wage
name,almina
name,alok
name,alok jha
name,alok kumar
name,alok kumar thakur
name,alok singh
name,alok tiwari
name,alok yadav
name,alok@mona
name,alseepa
name,altab
name,altaf
name,altaf ahmed
name,altmash
name,aluddin hushen
name,aman
name,aman @ deenu
name,aman @ kalu
name,aman @ lilu
name,aman arora
name,aman bharat
name,aman bhatt
name,aman dahiya
name,aman deep
name,aman deep kaur
name,aman gill
name,aman jeet
name,aman junuja
name,aman kumar
name,aman mandal
name,aman puri
name,aman saroj
name,aman sharma
name,aman singh
name,aman soni @ badal
name,aman with his two years daughter gurnaur nayyar
name,amana
name,amandeep
name,amandeep kaur
name,amandeep singh
name,amanjeet kour
name,amar
name,amar bazaz
name,amar deep
name,amar deep gupta
name,amar deep kaur
name,amar kumar
name,amar nath
name,amar pal
name,amar singh
name,amar singh @ golu
name,amar singh mahar
name,amar thuruwasn ganeshwaran
name,amarapal
name,amarchand
name,amardeep
name,amarendra @pul
name,amarin
name,amarjeet
name,amarjeet kumar
name,amarjeet mal
name,amarjeet singh
name,amarjit
name,amarjit kaur with a child keshav
name,amarmula
name,amarnath
name,amart mewada
name,amarvesh
name,amasi munda
name,amba
name,amba  balai
name,amba lal
name,amber darjee
name,ambika
name,ambika gupta
name,ambika panwan
name,ambiya
name,ameen
name,ameer divan
name,ameera lakra
name,amena bibi
name,amida @ poonam
name,amie margaret philips
name,amijan
name,amil
name,amin kumar
name,amin urf baba
name,amina begam
name,amina khatun
name,amina singh
name,amir
name,amir hamza
name,amir hasan
name,amir hussain
name,amir khan
name,amir soyal
name,amiraka
name,amiri kumar
name,amirul nisha
name,amisha
name,amisha @ munni
name,amisha bharti @ mahi
name,amit
name,amit @ chander pal
name,amit @ gajju
name,amit @ golu
name,amit abrol
name,amit bansal
name,amit diwan
name,amit garg @ aamin jon
name,amit gupta
name,amit kalara @ juganu
name,amit kumar
name,amit kumar @ kalu
name,amit kumar @ mona
name,amit kumar giri
name,amit kumar jaina
name,amit kumar nagliya
name,amit kumar nagpal
name,amit kumar shukla
name,amit kumar singh
name,amit kumar verma
name,amit kumar yadav
name,amit kumer
name,amit mohan jha
name,amit paande
name,amit pal
name,amit pande
name,amit parasar
name,amit prasar
name,amit rana
name,amit sachdeva
name,amit sharma
name,amit sharma @ bablu
name,amit sharma s/o- late. dev sharma
name,amit singh
name,amit tandan
name,amit verma
name,amit yadav
name,"amit, pooja, sanjay, rakhi"
name,amita
name,amjad
name,amjad khan
name,"amjat ,najru"
name,amkit
name,amlesh saha
name,ammar
name,amna khatun
name,amol mishra
name,amot
name,amrat kunwar
name,amratalal
name,amreek singh
name,amreen
name,amreeta
name,amri
name,amrik kaur
name,amrik singh
name,amrika
name,amrin
name,amrish dixit
name,amrish seni
name,amrit
name,amrit kujur
name,amrit pal
name,amrit pal singh
name,amrit patel
name,amrit singh
name,amrita
name,amrita @ashoda
name,amrita kashmira
name,amrita kaur
name,amrita singh
name,amritha
name,amritpal
name,amrjeet
name,amrooti
name,amrta kumari
name,amrudin
name,amuchla barman
name,amuda
name,amzad khan
name,anadi
name,anaji suman
name,anam
name,anam b
name,anam beg
name,anamika
name,anamika sujata
name,anamol modi
name,anand
name,anand @ neeraj
name,anand chauhan
name,anand goswami
name,anand kumar
name,anand kumar mishra
name,anand msingh
name,anand shahy
name,anand singh
name,anand singh mehra
name,anandi
name,anandi bai
name,anandi lal
name,anandu krishan
name,anandwati
name,anantram
name,anara @ pinki
name,anarkali
name,anaro devi
name,anash
name,anayatha naidu
name,anchal
name,anchal @anchu
name,anchal devi @ samina bano
name,andhav
name,aneeta
name,anekha kumari
name,angad bhatia
name,angad kumar
name,angan singh
name,angda prasad mishra
name,angreg singh
name,anguri
name,anguri bai
name,anikesh
name,aniket
name,anikt kumar singh
name,anil
name,anil  kumar
name,anil @ arvind
name,anil @ bittu
name,anil @ sonu
name,anil @ taini
name,anil balai
name,anil bhatt
name,anil bhayana
name,anil chadda
name,anil chodhari
name,anil chouhan
name,anil dhar
name,anil garg
name,anil jain
name,anil jatav
name,anil kumar
name,anil kumar sahu
name,anil kumar sain
name,anil kumar tete
name,anil kumar yadav
name,anil kumari
name,anil mandal
name,anil narula
name,anil nimesh
name,anil raj
name,anil saxsena
name,anil sen
name,anil sharma
name,anil singh
name,anil singh kushwah
name,anil singh maharwar
name,anil suman
name,anil urf nitin
name,anil urf rakesh
name,anil yadav
name,animesh kumar suman
name,anirudh
name,anish
name,anish ahamad
name,anish bansal
name,anish khan
name,anisha
name,anisha jain
name,anisha koirala
name,anita
name,anita @ annu
name,anita @ dhandevi
name,anita @ manju
name,anita alongwith her child prince
name,anita bai
name,anita d/o ramewsh kumar
name,anita devi
name,anita garg
name,anita gop
name,anita gupta
name,anita kerketa
name,anita kumari
name,anita kunwar
name,anita nagesia
name,anita rajput
name,anita sahu
name,anita saini
name,anita sharma
name,anita soni
name,anita suthar
name,anita vohra
name,anita vyas
name,anita w/o shimbhu
name,anita with her children namely ramesh and siraj
name,anja bai
name,anjal sharma
name,anjali
name,anjali  @ nisha
name,anjali @ babli
name,anjali @ nanu
name,anjali @ puttan
name,anjali @ ragini
name,anjali @ sheetal
name,anjali @ tulsi
name,anjali devi
name,anjali juneja
name,anjali kirti
name,anjali kiski
name,anjali mathur
name,anjali nagpal
name,anjali sangwar
name,anjali sharma
name,anjali tiwari
name,anjali@rinku
name,anjaly
name,anjaly malpahariya
name,anjan jha
name,anjan kumar sharma
name,anjana
name,anjana haldar
name,anjana kumari
name,anjana mahajan
name,anjani devi
name,anjani kumar
name,anjara @ vicky
name,anjeev kumar jain
name,anjila
name,anjli
name,anjli @ arti
name,anjli @ shilpa`
name,anjli d/o
name,anjli maru
name,anjli pandey
name,anjna
name,anjrej @ kalu
name,anju
name,anju bala
name,anju bala @ sunaina
name,anju d/o hem raj
name,anju devi
name,anju goyal
name,anju jain
name,anju kumari
name,anju mangalam
name,anju naagar
name,anju parshad
name,anju prajapat
name,anju shakhya
name,anju tomar
name,anjum
name,anjum chowdhary
name,anjum devi
name,anjum heena
name,anjuman
name,anjuman bano
name,ankaj
name,ankala praveen
name,ankeet kumar
name,ankesh tiwari
name,ankit
name,ankit @ happy
name,ankit @ lala
name,ankit garg
name,ankit goyel
name,ankit gupta
name,ankit jaiswal
name,ankit khatri
name,ankit kumar
name,ankit mishra
name,ankit negi
name,ankit paswan
name,ankit raj@ santosh
name,ankit rawat
name,ankit sharma
name,ankit tiwari
name,ankit verma
name,ankit@ vikash
name,ankit@udai
name,ankita
name,ankita @ mini
name,ankita bagh
name,ankita kanwar rathore
name,ankita negi
name,ankita sharma
name,ankita singh
name,ankur
name,ankur baliyan
name,ankur divedi
name,ankur gupta
name,ankur kumar
name,ankur sharma
name,ankur solan
name,ankur@ joni
name,ankus puri
name,ankush
name,ankush @ shera
name,ankush sharma
name,anli kumar
name,anmol
name,anmol @ ankur
name,anmol shukla
name,annat singh s/o
name,annavi begam
name,annielal @ bharti
name,anno
name,anno@ mahrun
name,annu
name,annu @ anita
name,annu @ oliva
name,annu devi
name,annu kashyap
name,annu kumari
name,annu sharma
name,annu soni
name,annu thakur
name,annu@anil
name,anoj kumar
name,anokha kumar misra
name,anooj
name,anooj patava
name,anoop
name,anoop dimri
name,anoop kumar@chhotu
name,anoop rawat
name,anoop roy
name,anoop singh
name,anoop singh patwal
name,anoop singh rawat
name,anoopama
name,anoura khatun
name,ansal topo
name,ansar
name,ansh
name,anshika
name,anshika kumari
name,anshiya mehta
name,anshu
name,anshu d/o
name,anshu gupta
name,anshu kumari
name,anshu rani
name,anshu rathor
name,anshul
name,anshul krishana urf shubham
name,anshum
name,anshuman jha
name,ansu
name,ansu kumar
name,ansul
name,antim
name,antima
name,anu
name,anu gupta
name,anu jain
name,anu kumari
name,anubhav
name,anubhav shrivastab
name,anuj
name,anuj @bholu
name,anuj gupta
name,anuj jain
name,anuj kaushik
name,anuj kumar
name,anuj patni
name,anuj sharma
name,anuj tiwari
name,anuja singh
name,anup
name,anup kumar misgra
name,anup singh negi
name,anupam
name,anupam mehara
name,anupama
name,anupama negi
name,anupuma
name,anuradha
name,anuradha @ anu
name,anurag
name,anurag chander
name,anurag mishra
name,anurag mohan saklani
name,anurag prasad
name,anurag singh alias banti
name,anurag tiwari
name,anurag verma
name,anuraj
name,anurudh
name,anurudh choudhary
name,anushka
name,anushka kanwar
name,anushka sharma @ pooja
name,anuska
name,anusoya
name,anuu
name,anwar
name,anwar ali
name,anwar ansari
name,anwar hussain
name,anwari
name,any bobby
name,anzum
name,aoosaf
name,aparna
name,aphasana  & mukesh & narendra
name,aphsana
name,apsana
name,apsana parveen
name,arab singh
name,araddhna
name,aradhana
name,aradhana @ radha
name,arajun singh
name,araslan yusuf
name,arati
name,arati kashyap
name,aravind
name,arbaj
name,arbana
name,arbaz
name,archan
name,archana
name,archana  sharma
name,archana @ gautam gouri
name,archana d/o
name,archana kumari
name,archana meena
name,archana mishra
name,archana singh
name,archita verma
name,archna
name,archna d/o tulsi ram
name,archna marwha
name,areen momin
name,arham hussain
name,arhiyant jain
name,ariba khan
name,arif
name,arif akram
name,arif hussain
name,arif niyaz
name,arifa bano
name,arindom gupta
name,arindra
name,arjina
name,arjina sheikh
name,arjun
name,arjun giri
name,arjun kumar jaiswal
name,arjun ram
name,arjun sahni
name,arjun sharma
name,arjun singh
name,arjun singh @ shubham
name,arjun yadav
name,armaan @ suvalin
name,arman
name,arman ansari
name,armita
name,arnab
name,arnabjit mukherji
name,Arpit Agrawal
name,arpit aroda
name,arpit avasthi
name,arpna pathak
name,arsad
name,arsh
name,arshad
name,arshad ali
name,arshad khan
name,arshi
name,arshi bisht
name,arshla
name,arsi
name,arsi praveen
name,arthi
name,arti
name,arti  @ krishna w/o  raj kumar
name,arti @ annu
name,arti @ ishlawati
name,arti arora
name,arti chouhan
name,arti devi
name,arti devi with two child dhanraj & anushka
name,arti kissko
name,arti kumari
name,arti kumari d/o sunil sadu
name,arti kumari sahu
name,arti soni
name,aru
name,arun
name,arun @ joni
name,arun @ vicky
name,arun dabas
name,arun gupta
name,arun joshi
name,arun kafley
name,arun kaushik
name,arun kol
name,arun kumar
name,arun kumar jain
name,arun kumar tiwari
name,arun kumardhasmana
name,arun kundra
name,arun mishra
name,arun prakash tiwari
name,arun sangwan
name,arun sing
name,arun singh
name,arun verma
name,arun yadav
name,aruna
name,aruna devi
name,aruna with children
name,aruni
name,arunkumar toshniwal
name,arvind
name,arvind @ arun
name,arvind @ milla
name,arvind @ ramesh
name,arvind @ sunil
name,arvind agarwal @ pinto
name,arvind batra @ parveen
name,arvind bhardwaj
name,arvind kiran
name,arvind kumar
name,arvind kumar @ sonu
name,arvind kumar boyat
name,arvind kumar yadav
name,arvind mali
name,arvind mishra
name,arvind singh
name,arvinder kaur w/o
name,aryan
name,aryan prateek
name,aryan shrma
name,arzoo
name,asagar khan
name,asana
name,asanti devi
name,asarfi lal
name,asfak
name,asfaq khan @ guddu
name,asgar ali
name,asgar kamal
name,asgar khan
name,asgari
name,asgari bagam
name,asgari parveen
name,asha
name,asha  devi
name,asha @ mamta
name,asha & harshita
name,asha devi
name,asha devi along with her doughter namly pooja age-
name,asha devi wth a child
name,asha kashyap
name,asha kaur
name,asha kumari
name,asha naidu
name,asha nand
name,asha ram
name,asha rani
name,asha saini
name,asha sharma
name,ashad madik
name,ashak @ shahrukh
name,ashanjali
name,asharam
name,asharani
name,ashfaq
name,ashif
name,ashif ali
name,ashik pathak
name,ashima
name,ashima khatoon
name,ashiqu
name,ashish
name,ashish @ aashu
name,ashish @ bhanu
name,ashish @chanchal
name,ashish dixit
name,ashish gupta
name,ashish kumar
name,ashish malodia
name,ashish rout
name,ashish semwal
name,ashish sethi
name,ashish solanki
name,ashish urf bablu
name,ashish vajpay
name,ashish yadav
name,ashishi aggarwal @ bittoo
name,ashiya
name,ashiya  @ pooja
name,ashiya @ munni
name,ashlam miya
name,ashma
name,ashman praveen
name,ashmi
name,ashmin
name,ashnu begum
name,asho
name,ashok
name,ashok @ shoky
name,ashok agrrwal
name,ashok babu
name,ashok bairwa
name,ashok goswami
name,ashok jain
name,ashok jarwal
name,ashok kenoor
name,ashok kharkwal
name,ashok kumar
name,ashok kumar  s/o la jeet
name,ashok kumar @ jain
name,ashok kumar dalal
name,ashok kumar gha
name,ashok kumar rawat
name,ashok kumar s/o
name,ashok kumar sani
name,ashok kumar sharma
name,ashok meena
name,ashok pal
name,ashok pandey
name,ashok paswan
name,ashok rai
name,ashok sharma
name,ashok shrivastav
name,ashok thru
name,ashok yadav
name,ashra kaushar
name,ashrabi khatoon
name,ashraf
name,ashrfi
name,ashshwer parsad
name,ashsish kumar
name,ashtha
name,ashu
name,ashu @ chavikant
name,ashu @ satender
name,ashu @ sunil
name,ashu kant @ tridev
name,ashu rehman
name,ashu singh
name,ashu singh @ gudiya
name,ashutosh
name,ashutosh @ deepak
name,ashutosh kumar
name,ashutosh seth
name,ashutosh sharma
name,ashwani
name,ashwani @ arjun
name,ashwani @ ashu
name,ashwani chhabra
name,ashwani kumar
name,ashwani saluja
name,ashwani@manish
name,ashwini
name,ashwini kumar
name,asi p s mahali
name,asif
name,asif dilkar alam
name,asish agarwal
name,asiwani kumar
name,asiya
name,aslam
name,aslam ali
name,aslam allam
name,aslam baks
name,asma
name,asma khatun
name,asman
name,asmat
name,asmin
name,asmina
name,asmit kaur
name,asmita
name,asrani toppo d/o
name,asrf
name,asruddin
name,astha
name,astha pareek
name,asutosh sharma
name,aswani kaur
name,aswin
name,atanu das
name,ateek ahmed
name,atif
name,atiq ahmad
name,atish raj
name,atitaj singh
name,atta
name,attar
name,attar kali
name,attar singh
name,atu verma
name,atul
name,atul @ golu
name,atul dixit
name,atul jalan
name,atul kumar
name,atul kumar @ rahul
name,atul misra
name,atul parasar
name,atul rathor
name,atul sharma
name,atul uppel
name,atul verma
name,avadh bihari
name,avantika
name,avastha khatun
name,avdesh
name,avdesh kumar
name,avdesh kumar yadav
name,avdesh sharma
name,avdesh singh tomar
name,avdhesh
name,avdhesh kumar
name,avfesh
name,avi bano
name,avid
name,avinas mourya
name,avinash
name,avinash @ sandeep
name,avinash chand
name,avinash jha
name,avinash kumar
name,avinsh
name,avneet kaur
name,avnish
name,avnish kumar
name,avnish kumar @kallu
name,avnit / chotu
name,avtar singh
name,awdesh kumar
name,awdhesh kumar singh
name,awdhesh pokharana
name,awedhesh kumar
name,awshin
name,axat
name,ayan @ akash
name,ayan khan
name,ayasha
name,aysha
name,ayub ali
name,ayub khan
name,ayube
name,ayush
name,ayush negi
name,ayush pathak
name,ayushi sharma
name,azad
name,azad ali
name,azad hussain
name,azad singh
name,azam
name,azaruddin
name,azaz
name,azhar  ali
name,azhar khan
name,azim
name,azmira
name,azruddin
name,b r john
name,b vikjay kumar
name,b. vinothini
name,baam
name,babali
name,babali yadav
name,babalu sen
name,baban @ suresh
name,baban mishra
name,baban tiwari
name,babar
name,babar ali khan
name,babbi
name,babbu
name,babbu singh
name,babby
name,babita
name,babita @ binny
name,babita @ neetu
name,babita bajali
name,babita devi
name,babita dhasmana
name,babita kaushik
name,babita khatoon
name,babita kumari
name,babita negi
name,babita pandey
name,babita sarkar
name,babita singh
name,babli
name,babli @ ritu
name,babli d/o suresh
name,babli kumari
name,babli sharma
name,babli sultana
name,babloo
name,babloo @ ajay
name,bablu
name,bablu @ bimal
name,bablu jagdish
name,bablu khan
name,bablu mishra
name,bablu naraniya
name,bablu pandey
name,bablu ram
name,bablu regar
name,bablu saini
name,bablu singh
name,babram
name,babu
name,babu @ balu
name,babu ahmad
name,babu lal
name,babu lal sharma
name,babu lal urf dholu
name,babu lal yadav
name,babu o m
name,babu ra/
name,babudden kuresi
name,babuddin
name,babul al
name,babulal
name,babulal sharma
name,babulal yadav
name,babupuri
name,baburam
name,baburam singh
name,baby
name,baby  bai
name,baby @ savitri
name,baby chauhan w/o govind
name,baby devi
name,baby kumari
name,baby sharma
name,baby shine
name,baby singh @ kunni
name,baby tahiran
name,baccha prashad
name,baccha singh
name,bacche singh
name,bacchu paswan
name,bachan singh rana
name,bachcha ram singh
name,bachheshwar paswan
name,bachhu singh
name,bachu kak
name,bada ahari
name,badal
name,badami
name,badan singh
name,badarjahan
name,badnath
name,badri lal
name,badri meena
name,badri narayan yadav
name,badri prasad
name,badri prsad mishra
name,badri ram
name,badru nisha
name,badrudeen
name,badrulla
name,badrunisha
name,badshya khan
name,baga sathyanarayana
name,bagaram
name,bagdai
name,bagga kunwar
name,baggusingh
name,bagwan das
name,bahadur
name,bahadur singh
name,bahalen angriya
name,bahart singh
name,bahnu
name,bahrat panday
name,bahwana
name,baichan pando
name,baidnath
name,baijnath thakur
name,baita
name,bajinder
name,bajrang lal @ jugal kishor
name,bajrangi lal kasyap
name,bajulal
name,bake lal
name,bakhtvaar jahan
name,bakila w/ o ankil
name,baksi
name,bal bahadur
name,bal bahadur kayanchhaki
name,bal dev
name,bal kirshan
name,bal kishan
name,bal kishan @ bunty
name,bal kishan @ sonu
name,bala
name,bala devi
name,balak singh
name,balalia ngadong
name,balam
name,balaram
name,balbeer
name,balbir
name,balbir gela
name,balbir singh
name,balbiri devi
name,balchand
name,baldev
name,baldev raj
name,baldev singh
name,baleshwar  tiwari
name,baleshwer
name,bali
name,baliram khanak
name,baliya begam @ chanda
name,baljeet
name,baljeet kaur
name,baljeet singh
name,baljinder singh @ monu
name,balkishan rai  @ kanhiya
name,ballu
name,balmiki chauhan s/o budhan chauhan
name,balraj
name,balraj singh
name,balram
name,balram @ ballu
name,balram @ toni
name,balram bhandari
name,balram gupta
name,balram singh
name,balveer sing chawla
name,balvinder
name,balvinder kaur
name,balvinder kaur d/o late s. amreek singh
name,balwan
name,balwan khar
name,balwant
name,balwant ray arora
name,balwant singh
name,banarsi das
name,bandana
name,bandani
name,bandu khan
name,bangali babu
name,banita
name,baniya
name,banju
name,bannu
name,banshi
name,banshi lal
name,bansi lal
name,bansilal
name,banti
name,bantu devi
name,banty
name,banty babu
name,banty gupta
name,banu
name,banwari
name,banwari lal
name,banwari lal bairwa
name,banwari lal saini
name,banwari saini
name,banwari soni
name,banwarilal
name,bapu lal dangi
name,barakha
name,barham parkash
name,barj bhusan
name,barjesh
name,barjraj
name,barkat
name,barkat ali
name,barkat tulla
name,barkha
name,barti
name,basant
name,basant joshi
name,basant kumar
name,basant ram
name,basanta
name,basanti
name,basanti baiya
name,basanti devi
name,basanti joshi
name,bashanti bai
name,bashanti devi
name,bashudev sharma
name,basibul
name,basiran
name,basnti
name,batasi
name,batloon w/o garib ulla
name,bato devi
name,batu@ badhu lal
name,batul
name,baudi
name,bavita
name,bawan yadav
name,bb javetha
name,beauty
name,beauty dass
name,beauty khatoon
name,beauty kumari
name,bebi
name,bebi devi
name,beby
name,bechan pal
name,beekar singh
name,beena
name,beena devi
name,beena kumari
name,beena mandal
name,beena uraf meana
name,beenu
name,beera
name,beeram
name,beeru
name,beeti
name,beeuty kumari
name,begam d/o
name,begraj
name,begraj singh
name,begum bano
name,begumpur malviya nagar delhi
name,belo d/o
name,benay kumar dube s/o surendpati dube r/o baradaha
name,beni dangi
name,beni devi pandey
name,benjir heena mohd.
name,benu malakar
name,beragi singh
name,beti bai
name,bhabhav uniyal
name,bhabhiya (with mother namely rakhi)
name,bhaddal singh
name,bhadur ram
name,bhag chand
name,bhagat ram
name,bhagat singh
name,bhagay shree
name,bhaggo devi
name,bhagipuri
name,bhagirath
name,bhagirath sharma
name,bhagirathi
name,bhagvaan singh
name,bhagvati
name,bhagvati parsad
name,bhagwan das
name,bhagwan dass
name,bhagwan jha
name,bhagwan nishad
name,bhagwan singh
name,bhagwan singh meena
name,bhagwana ram
name,bhagwanaram
name,bhagwanti
name,bhagwat laxman rany
name,bhagwati
name,bhagwati @ bhagoti devi
name,bhagwati @bhoti
name,bhagwati lal jat
name,bhagwati prasad
name,bhagwati@shinnu
name,bhagya shree
name,bhahadur
name,bhajan lal
name,bhajan singh rodhan
name,bhajandeep singh
name,bhajanlal
name,bhajju ram
name,bhakuni devi
name,bhala ram
name,bhalaram
name,bhan singh @ bani singh
name,bhani ram
name,bhanmati
name,bhanu
name,bhanu @ sanjay
name,bhanu pratap
name,bhanu pratap morya
name,bhanu pratap singh
name,bhanu priya
name,bhanu sharma @ alish
name,bhanu yadav
name,bhanumati kunwar with child
name,bhanupriya
name,bhanvar singh
name,bhanwar kunwar
name,bhanwar lal
name,bhanwar lal vesnav
name,bhanwar singh
name,bhanwari
name,bhanwari devi
name,bhanwer lal
name,bhanwer singh @bablu
name,bhanweri
name,bharat
name,bharat bhushan
name,bharat bhushan koushik
name,bharat damor
name,bharat dendor
name,bharat goel
name,bharat kumar
name,bharat nirvan
name,bharat rawal
name,bharat singh
name,bharat taneja
name,bharat@dholu
name,bharati
name,bharati@ruchika
name,bharatlal meena
name,bharkah
name,bharkha
name,bharma
name,bhart
name,bhart kumar
name,bhartendu singhal
name,bharti
name,bharti d/o hukkam chand
name,bharti devi
name,bharti jain with her two son palak jain age 11 yrs
name,bharti kumari
name,bharti mishra
name,bharti pasi
name,bharti singh @ sona
name,bhasker nath tiwari
name,bhatari
name,bhateri
name,bhateri @ bhawna
name,bhatri
name,bhauk tyagi
name,bhavana
name,bhavana yadan
name,bhavesh
name,bhavesh dass
name,bhavesh penuli
name,bhavisaya rai choudhry
name,bhavishy kumar sharma  uefh  bholu
name,bhavishya
name,bhavna
name,bhavna makwana
name,bhavna oad
name,bhavna suthar
name,bhavuk goel
name,bhawan singh gusain
name,bhawana
name,bhawana @ shannu
name,bhawana bharti
name,bhawana devi
name,bhawana jat
name,bhawana kapoor
name,bhawana sharma
name,bhawani
name,bhawani shankar
name,bhawar kali
name,bhawari
name,bhawari devi
name,bhawna
name,bhawna @ noni
name,bhawna @ sonam
name,bhawna jain
name,bhawna nath
name,bhawna sejwani
name,bhawna sharma
name,bheem mukhiya
name,bheem pal
name,bheem singh
name,bheema
name,bhemji patidar
name,bherav dutt
name,bhhatu
name,bhikhari
name,bhiki devi
name,bhim
name,bhim kumar @ pappu
name,bhim maya
name,bhim singh
name,bhima
name,bhimsen
name,bhisan ram
name,bhismpal
name,bhiva ram
name,bhojaram
name,bhojpal
name,bhola
name,bhola dutt maithani
name,bhola nath
name,bhola ram megwal s/o kana ram
name,bhola sarkar
name,bhola yadav
name,bholaram yadav
name,bhole ram
name,bholi
name,bholu @ golu
name,bholu ram
name,bhonu
name,bhoop singh
name,bhoopsingh
name,bhoori
name,bhopal
name,bhopal singh
name,bhorelal
name,bhotra
name,bhram singh
name,bhramanand kumar
name,bhrat narayn
name,bhrat singh
name,bhrkat
name,bhteri
name,bhud ram
name,bhudev presad
name,bhudevi
name,bhudhashen
name,bhudhi lal
name,bhudhi prakash gahlot
name,bhulaee
name,bhulan kumar
name,bhuli merutha
name,bhumika
name,bhumika chettri
name,bhundki devi
name,bhuneshwar
name,bhup singh
name,bhupen dawara
name,bhupendar singh
name,bhupender
name,bhupender @ rohit
name,bhupender kumar
name,bhupender pal
name,bhupender s/o
name,bhupender singh
name,bhupendra
name,bhupendra @monu
name,bhupendra goyal
name,bhupendra singh
name,bhupendra singh rawat
name,bhupendra urf anku
name,bhupesh @ neetu
name,bhupesh kumar
name,bhupesh sharma
name,bhura kanwar @ suman kanwar
name,bhura khan
name,bhura ram
name,bhura singh
name,bhuralal
name,bhure
name,bhuri
name,bhuri devi
name,bhuri singh
name,bhuri vishnaw
name,bhusan
name,bhushan
name,bhushan kumar
name,bhushan sahay
name,bhuvneshwar @ munna
name,bhuwan
name,bidami devi
name,bidhya
name,bidur mahat
name,bigan mehto
name,biitu tomar
name,bijali devi
name,bijander
name,bijander @ binder
name,bijender
name,bijender  @ billu
name,bijender singh
name,bijendra kumar
name,bikki @ parveen
name,bikram
name,bilal
name,bilal malik
name,bilke khatoon
name,bilkis
name,bima
name,bimla
name,bimla ( with son tushar )
name,bimla devi
name,bimla devi ( with 5 years child subham )
name,bimla marman
name,bimla sunwar d/o
name,bimlesh
name,bina
name,bina bai
name,bina jatav
name,bina ravat
name,binani
name,binda rani
name,binder singh
name,bindi budra
name,bindiya
name,bindiya kumari
name,bindu
name,bindu @ golu
name,bindu devi
name,bindu devi mehra
name,bindvasini
name,binita
name,binja ram
name,binnu
name,binpal
name,bintu
name,binu
name,bipin
name,bipnesh
name,bir singh
name,biraj pal
name,birajbhushan
name,birajpal singh
name,biram
name,biram lal chamar
name,biran
name,birbal
name,birbal ram
name,birbal ram s/o
name,birender
name,birender kishor bhala
name,birender kuma \r yadav
name,birender mandal
name,birender pal
name,birender sharma
name,birgesh kumar gupta
name,birij kisor
name,birjesh
name,birjesh kumar
name,birju
name,birma devi
name,birmadevi
name,birmati
name,birmati devi
name,bironica ekka
name,birpal
name,birtha devi
name,biru ram
name,bishan
name,bishan ram
name,bishana ram
name,bishesh kumar
name,bishnu aale magar
name,bishun
name,bismilla
name,bisto
name,bitoo devi
name,bittan mandal
name,bitto
name,bitto kumar
name,bittoo
name,bittoo sahani
name,bittu
name,bittu paswan
name,bivla devi
name,biwa kumari
name,bobbi
name,bobby
name,bobi
name,bobi khan
name,boby
name,boby farman
name,boby kumar yadav
name,bodh raj @kala
name,bodu ram
name,boduram
name,bohati devi
name,braham singh
name,braham singh urf virmanand
name,brahamprakash s/o meer singh
name,brahmanand sharma
name,braj kumar
name,braj mohan
name,brajendra singh
name,bram parkash
name,brij bhusan sharma
name,brij mohan
name,brij mohan thakur
name,brij raj
name,brijesh
name,brijesh kumar
name,brijesh kumar @ ajay kumar
name,brijlal giri
name,brijmohan
name,brijmohan aggarwal
name,brijnandan mehato
name,brijpal
name,brijpal pal
name,brijshwaer
name,brinda
name,brkha
name,bsram devi
name,buchhi
name,buddha
name,buddhi singh
name,budh prakash
name,budh rai
name,budh ram @ budharam
name,budhan
name,budhan paswan
name,budhan yadav
name,budhi singh
name,budho devi
name,budhram
name,budhu
name,"budhwanti with his son sanju age 2-1/2, & sanjay a"
name,buhan chandara
name,buity
name,bulad akhtar
name,bulbul
name,bulbul  devi
name,bulet singh
name,bunda ram
name,bundel sahni
name,bundhu
name,bunti kumar
name,bunty
name,bunty @ chandan
name,bupal
name,bushara praveen
name,bushra
name,busness gupta
name,busra @ muskan
name,captain
name,chabi lal
name,chahat
name,chain singh
name,chain singh @ ravi
name,chajju singh
name,chakra bahadur
name,chama ( with child dependeri age 2 years)
name,chaman
name,chaman devi w/o lt. samay singh
name,chaman gupta
name,chaman jahan
name,chaman lal
name,chaman lal verma
name,chaman parkash
name,chaman prakash
name,chamanlal
name,chameli
name,chameli devi
name,champa
name,champa @ hema
name,champa devi
name,champa karketta
name,champa lal
name,chanab
name,chanchal
name,chanchal @ chintu
name,chanchal @ komal
name,chanchal @ mamta
name,chanchal @ rubi
name,chanchal kumar
name,chanchal kumari
name,chanchal saini
name,chanchal sharma
name,chanchl $ ghuddi
name,chand
name,chand kumar
name,chand kunwar
name,chand miya
name,chand miyan
name,chand mohammad
name,chand mohhamad
name,chand mundari@geeta
name,chand ram
name,chand tara
name,chanda
name,chanda @bharti
name,chanda devi
name,chanda kumari
name,chanda lal soni
name,chanda ram
name,chandabai
name,chandan
name,chandan adhikari
name,chandan adiwasi
name,chandan devi
name,chandan kumar
name,chandan kumar yadav
name,chandan ram
name,chandan singh
name,chandan tivari
name,chandan yadav
name,chandani
name,chandani urf chanda tara
name,chandar mohan
name,chanden
name,chanden kumar mehto
name,chander aggarwal
name,chander bhan
name,chander bhan yadav
name,chander kala
name,chander kanta
name,chander klan
name,chander mani
name,chander mehto
name,chander mohan
name,chander pal
name,chander parkash
name,chander perkash
name,chander prabha
name,chander prakash
name,chander prakash @ banta
name,chander prakash @ sonu
name,chander prakash bansal
name,chander rekha w/o om prakash
name,chander sekher
name,chander shaker
name,chander shakher
name,chander shekar
name,chander shekhar
name,chander shekher
name,chander singh
name,chander swaroop
name,chanderbal tyagi
name,chanderkala
name,chanderkali
name,chanderkanta
name,chandermani
name,chanderpal
name,chanderwati
name,chandesh
name,chandeshwar prasad
name,chandi prsad
name,chandini
name,chandki ram
name,chandkor
name,chandni
name,chandni ( with two child vikash 3 yrs & sweta 8 yr
name,chandni @ shabnam
name,chandni mahto
name,chandni with his son karan
name,chando
name,chandpreet
name,chandra
name,chandra bhan
name,chandra dhar pande
name,chandra kala
name,chandra kanta jat
name,chandra kanta saini
name,chandra kanwar
name,chandra mohan saden
name,chandra mukhi
name,chandra pal
name,chandra parkash
name,chandra sekhar
name,chandra shekar
name,chandracala
name,chandrakala
name,chandrashekhar saini
name,chandrawati
name,chandrawati @ geeta
name,chandreshwar
name,chandrika nagar
name,chandrram
name,chandru
name,chandu
name,chandu ikbal @ akbar
name,chandu paswan
name,chango uraon
name,channu bai
name,channu basda
name,chanpa megwal
name,chappla  malik
name,charan dass
name,charan jeet singh
name,charan singh
name,charan singh @ minchu
name,charanjeet kaur
name,charanjeet singh
name,charnjeet
name,charnjeet singh
name,charu
name,charu vij
name,chatan
name,chatar pal
name,chaterpal @ banti
name,chatter singh
name,chaturbhuj
name,chaya
name,cheddi lal
name,cheete
name,chela ram
name,chertamani dubey
name,chet ram
name,chet ram s/o ram chander
name,chetan
name,chetan chawla
name,chetan pandey
name,chetan porwal
name,chetan verma
name,chetan yogi
name,chetana
name,chetanram
name,chetanya swaroop
name,chetna
name,chetram
name,chetram gurjar
name,chettan
name,chhabeel sharma
name,chhabi rani dass
name,chhabil singh
name,chhagan lal
name,chhagana
name,chhamo
name,chhano devi
name,chhanoyar shekh
name,chhantu dass
name,chhanya bai
name,chhatar pal @ anil
name,chhaterwati
name,chhavi
name,chhaya
name,chhedilal chaursiya
name,chhidu ali
name,chhinderpal
name,chhitar lal
name,chhitar mal
name,chhotelal
name,chhoti
name,chhoti devi
name,chhotu
name,chhotu harijan
name,chhotudevi
name,chiddu ram
name,chinki
name,chinki kanwar
name,chinku @ yogender
name,chinta
name,chinta devi
name,chintan saini
name,chintu kumar
name,chintu lal
name,chinu
name,chirag
name,chirag @ chinu
name,chirag batta
name,chiranjavi
name,chitprit singh
name,chitra
name,chitrangan dass
name,chitranjan kumar
name,chitro
name,chitu
name,chitu @ chinku
name,chnada chouhan
name,chnda mali
name,chndrakla
name,choga lal
name,chom singh
name,chootu
name,chorag
name,chosh singh
name,chotan
name,chote
name,chote khan
name,chotelal
name,choti bitya
name,chotibai
name,chotti @ madina
name,chotti jha
name,chottu
name,chottu shah
name,chotu
name,chotu @ sahil
name,chotum karmokar
name,choturam
name,chran singh
name,chtar singh
name,chtarpal singh
name,chumki
name,chumki sarkar
name,chunaram
name,chuni devi
name,chunni
name,chunni devi
name,chunni kumar
name,chunni lal
name,chunnu
name,chunnu sharma
name,chura bahadur
name,chura mukhiya
name,constable  sanjai kumar
name,cosmic
name,ct b sathya murti
name,ct devesh kumar
name,ct sandeep
name,ct sandeep singh
name,ct. dilbag singh
name,ct. shyam lal
name,d.joycee haokip
name,daaud
name,dabbu
name,dabu
name,dakch
name,daks
name,daksh
name,dakshina murthi
name,dakshya sharma
name,dal bahadur  thapa
name,dal chand
name,dalchand
name,daler singh
name,dali
name,dali devi
name,dalima @ aarti
name,dalip
name,dalip kumar
name,dalip shah
name,daljeet @ rahul
name,daljit kaur
name,dalpat
name,dalpat singh
name,dama  rajanna
name,daman preet singh
name,damanjeet singh
name,damini
name,damodar prasad
name,dana ram
name,daniel gomes
name,danish
name,danish ahmad
name,danista paveen
name,danveer singh
name,danwati
name,dara singh
name,darfasha
name,dariya
name,dariya devi
name,dariya kanwar
name,darkash
name,darshan
name,darshan lal
name,darshan lal sonkar
name,darshana
name,darshna
name,dasharath
name,dashrath
name,data ram
name,dataterya devi dass jadhav
name,dauad beg
name,dauji
name,daulat banno
name,daveena
name,davender
name,davender dass
name,davendra meena
name,davinder
name,daya
name,daya anand
name,daya nand
name,daya nand @ toni
name,daya ram
name,dayal singh b
name,dayaram
name,dayaram s/o madan lal lohar 28 years r/o madanpura
name,dayawati
name,dd suraj kumar
name,deba prasad
name,deeksha
name,deelip
name,deelip verma
name,deen mohammad
name,deendyal
name,deep
name,deep chand
name,deep kaur
name,deep mala
name,deepa
name,deepa @ gudiya
name,deepa bhatt
name,deepa chauhan
name,deepa devi
name,deepa kumari
name,deepa ram
name,deepa rani
name,deepa saini
name,deepa shersht
name,deepa singh
name,deepa urf savitri
name,deepa w/o
name,deepaak
name,deepak
name,deepak  kumar
name,deepak @ bholu
name,deepak @ deepu
name,deepak @ lucky
name,deepak @ nikku
name,deepak @ pankaj
name,deepak @ pappu
name,deepak @ pardeep
name,deepak @ pritesh
name,deepak @ rahul saxena
name,deepak @ sameki
name,deepak @ sonu
name,deepak @ sourav
name,deepak aggarwal
name,deepak ahalawat
name,deepak bhatt
name,deepak dhanpal
name,deepak garg
name,deepak goyal
name,deepak gupta
name,deepak jha
name,deepak kamat
name,deepak kapoor
name,deepak kumar
name,deepak kumar mishra
name,deepak kumar yadav
name,deepak maan
name,deepak midha
name,deepak mittal
name,deepak prasad
name,deepak ram
name,deepak rana
name,deepak rathore
name,deepak sagar
name,deepak sewani
name,deepak sharma
name,deepak tak
name,deepak tiwari
name,deepak tomar
name,deepak upadhayaya
name,deepak verma
name,deepak yadav
name,deepali
name,deepali arora
name,deepali singh
name,deepali with mother poonam
name,deepan dev
name,deepanker
name,deepanshi
name,deepanshi jain
name,deepanshu
name,deepansu
name,deepanti
name,deepchand
name,deepchand balai
name,deepender kumar
name,deepi
name,deepika
name,deepika age 18
name,deepika burt
name,deepika chauhan
name,deepika jain
name,deepika kumari
name,deepika sain
name,deepika sharma
name,deepika singh
name,deepika tomar
name,deepka
name,deepmala
name,deepnarayan @ rohit
name,deepshikha
name,deepti
name,deepti @ meenu
name,deepti bhargav
name,deepti shekhawat
name,deepu
name,deepu @ deepak
name,deepu @ nisha
name,deepu @ shalu
name,deepu kumar
name,deepvhand
name,deeraj
name,deerendra singh
name,deewan
name,deewan singh
name,deeya
name,deeya kumari
name,denesh kumar
name,deni
name,deou
name,depali
name,depali kurmi
name,depander
name,desh  deepak pandey
name,desh raj
name,deshraj
name,dev
name,dev chopra
name,dev dutt
name,dev kanwar
name,dev kumar
name,dev kumar singh
name,dev nanden choudhary
name,dev puri goswami
name,deva
name,deva ram
name,devanand
name,devanand kushwaha
name,devanand tripathi
name,devanti devi w/o late sehdev
name,devasheeh
name,devashish sahu
name,devasish chakarwarti
name,devdhari
name,devender
name,devender @ sonu
name,devender chodhary
name,devender jain
name,devender kaur
name,devender kumar @ ashu
name,devender kumar sharma
name,devender pal
name,devender puri
name,devender sharma
name,devender singh
name,devender singh @ guddu
name,devender singh rawat
name,"devender singh s/o shrinath r/o kh. no. 72/1, utsa"
name,devender yadav s/o vishav nath yadav
name,devendr
name,devendra
name,devendra singh
name,devendra soni
name,devendri
name,devendri kumari
name,devesh
name,devesh kadyan
name,devesh sharma
name,devi
name,devi d/o kailash
name,devi dass
name,devi deen
name,devi jana
name,devi kanwar
name,devi lal
name,devi ram
name,devi saran @ lala
name,devi saraswati @ sapna
name,devi sharma
name,devid rana singh
name,devideen
name,devik jain @ chikku
name,devika
name,devika goyal
name,devilal
name,devinder
name,devinder chadda
name,devinder pal
name,devinder singh
name,devinder sunar
name,devkali
name,devki
name,devki @ devkumari
name,devki kumari
name,devki nandan
name,devkran
name,devli
name,devpal
name,devraj
name,devya soni @ poonam
name,devyani
name,dhakhadevi
name,dhalchand
name,dhamender
name,dhamender s/o nandu
name,dhamender sharma
name,dhamini
name,dhan bahadur
name,dhan bai
name,dhan bhahadur
name,dhan chandar
name,dhan singh
name,dhan singh @ deepak
name,dhana devi
name,dhananjai
name,dhananjay
name,dhananjay singh
name,dhaneswar dass
name,dhaney
name,dhani dass
name,dhani ram
name,dhaniya
name,dhanjay
name,dhanna lal
name,dhanni devi
name,dhannu
name,dhanpat
name,dhanpat ram
name,dhanpati
name,dhanraj
name,dhanraj prajapat
name,dhanraj s/o sitaram
name,dhanraj sharma
name,dhansinghpuri
name,dhanu /dhanparkesh
name,dhanwanti
name,dhanwanti  devi
name,dhanwati
name,dhapu
name,dhapu bai
name,dhara
name,dharam bir
name,dharam dass
name,dharam dev podar
name,dharam pal
name,dharam raj
name,dharam singh
name,dharambir
name,dharambir @ rahul
name,dharamender
name,dharampal
name,dharamveer
name,dharamvir
name,dharamvir @ guddu
name,dharm pal s/o nawal singh
name,dharm singh
name,dharm singh thakur
name,dharma devi
name,dharma ram
name,dharmandra
name,dharmbir
name,dharmbir singh
name,dharmender
name,dharmender kashyap
name,dharmender kumar
name,dharmender kumar sharma
name,dharmender kumar tiwari
name,dharmender s/o
name,dharmender sahu
name,dharmender singh
name,dharmender singh rawat
name,dharmender singh solanki
name,dharmendera
name,dharmendr
name,dharmendra kumar
name,dharmendra ram
name,dharmendra singh
name,dharminder
name,dharmpal
name,dharmpal  yadav
name,dharmraj
name,dharmshila
name,dharmveer
name,dharmveer @ dharma
name,dharmveer singh
name,dharmvir
name,dharmvir @ raju
name,dharvesh kumar
name,dhawal sreshta soni
name,dheeraj
name,dheeraj  @ montu
name,dheeraj @ gulshan
name,dheeraj @ montu
name,dheeraj chawla
name,dheeraj joshi
name,dheeraj kumar
name,dheeraj malik
name,dheeraj meena
name,dheeraj nagouri
name,dheeraj passi
name,dheeraj singh
name,dheerendra tiwari
name,dhermendra
name,dhiraj
name,dhiraj panday
name,dhiraj passi
name,dhiraj singh
name,dhiraj@dhirendar
name,dhirender
name,dhirender singh ravat
name,dhirpal
name,dhiru @ vikky
name,dhisa ram
name,dhmendar
name,dhodi  devi
name,dhola bai
name,dholi
name,dholi bai
name,dholi devi
name,dhram raj
name,dhram sigh
name,dhrama devi
name,dhrambir
name,dhramender
name,dhramender singh
name,dhrampal
name,dhrampla
name,dhramveer
name,dhreej
name,dhrmveer singh
name,dhruv goel
name,dhruv kumar
name,dhukhu ram
name,dhulin
name,dhurav goyel
name,dhurender singh
name,dhurpati
name,dhuruv shetty
name,dhurv solanky
name,dhurve singh
name,dibakar rout
name,dibya prakash gupta
name,digamber yadav
name,digvijay singh
name,diksha
name,diksha @ billa
name,diksha chaudhary
name,diksha gupta
name,diksha or beby
name,diksha rana
name,diksha rani
name,diksha soni
name,diksha vashist
name,dikshant
name,dil kush meena
name,dila
name,dilawar
name,dilbar
name,dildar khan
name,dilip
name,dilip kumar
name,dilip kumar bhattacharjee
name,dilip kumar tanwar
name,dilip singh
name,dilish @ dishu
name,diljan
name,dilkhush
name,dilkush
name,dilsad
name,dilsah hassan@sambhu
name,dilshad
name,dilshad saifi
name,dilshadi begum
name,dilshana
name,dilvar
name,dimpal
name,dimpal @ saifali
name,dimpal @doli
name,dimple
name,dimpu @ ranbir
name,dimpy
name,dineesh khatik
name,dinesh
name,dinesh  mishra
name,dinesh  sen
name,dinesh @ chaund
name,dinesh chand
name,dinesh chandra bartwal
name,dinesh chauhan
name,dinesh garg
name,dinesh gupta
name,dinesh jain
name,dinesh kartik
name,dinesh katara
name,dinesh kumar
name,dinesh kumar aggarwal
name,dinesh kumar dogra
name,dinesh kumar saini
name,dinesh kumar sawami
name,dinesh kumar sharma
name,dinesh kumari
name,dinesh mishra
name,dinesh mongia
name,dinesh pal
name,dinesh pareek
name,dinesh ravidash @ bullu
name,dinesh sharma
name,dinesh singh
name,dinesh singh rana
name,dinesh siriwastav
name,dinesh tyagi
name,dinesh yadav
name,dinkar sharma
name,dipa bai
name,dipak garg
name,dipak joshi
name,dipali
name,dipanshi
name,dipanshu soni
name,dipansu
name,dipeeka
name,dipendra kumar
name,dipika
name,dipika ahuja
name,dipika chaturvedi
name,dipti
name,dipu sharma
name,dirgaj singh
name,disha
name,disha gupta
name,disha parmar
name,dishad
name,dishant kumar nigam
name,dishu
name,disi nang @ manju
name,diti sharma
name,divaie chand
name,divakar sharma
name,divansh
name,divaraj
name,divy
name,divy puri
name,divya
name,divya bharti
name,divya kapoor
name,divya kawar
name,divya kor
name,divya mishra
name,divya rani
name,divya sharma
name,divya sharma d/o om prakash sharma
name,divyansh
name,divyansh with father
name,diwakar sinha
name,diwan chand
name,diwan singh
name,diwansi
name,dixya kanwar
name,diya mandal
name,diya rawat
name,diya sharma
name,diya varma@doli
name,dolat bano
name,dolat ram
name,dolat singh
name,doli
name,doli with two child adtiya & golu
name,dolley
name,dolly
name,dolly @ rekha w/o monto shah
name,dolly devi
name,dolly khatik
name,dolo
name,doly
name,doodhnath pandit
name,dord yadav
name,dorilal
name,doulat singh
name,dowlat bhagat
name,dr gopal bhagat
name,dr. hema hari pago
name,dr. mukesh kumar garg
name,dropati
name,dropti raiger
name,druga lal
name,dukhi ram sharma
name,dulal
name,dulal haldhar
name,dular
name,dular mohd.
name,dulari
name,dulichand
name,dumani munda
name,dumnik savio @ sanju
name,dund kishan
name,duni chand @ bks
name,dur ga
name,duraga prashad
name,durg parsad dikshit
name,durga
name,durga  with her son aayush
name,durga @ sheetal
name,durga bai
name,durga devi
name,durga kumari
name,durga lal
name,durga meghwal
name,durga parshad
name,durga pathik
name,durga prasad
name,durga singh
name,durgabai
name,durgalal khateek
name,durganand
name,durgash urf mahi
name,durgashankar
name,durgawati devi
name,durgesh
name,durgesh @ omkar
name,durgesh bai
name,durgesh kumar
name,durgesh pandey
name,durgesh suman
name,durgpal
name,durjan
name,durvesh
name,dushyant
name,dushyant kumar
name,dvndavva s basava prabhu
name,dwarika gurjar
name,dwarika lal
name,dwarka parsad
name,dya shakar
name,dya shankar
name,ebane ali
name,ed mohmad
name,edris yusuf zai
name,ekamjeet
name,ekata meena @ kiran
name,ekram
name,ekta
name,ekta balai
name,ekta chauhan
name,ekta chopra
name,ekta hans
name,ekta sharma
name,ekta@mamta
name,eldro korea  kose
name,eliyas
name,elwin lal
name,emilia toppo
name,emran kha
name,englas
name,eshavarya @ prachi
name,eshwari
name,esrail khan
name,etahsaam
name,evan d/0 parbhuram ode r/0 kibla ps jaswantpura
name,ezaz  ahmed
name,faaija
name,fahija
name,fahim
name,fahim ullah
name,fahira soni
name,faijal
name,faijina
name,faim
name,faimuddin
name,faisal
name,faisal malik
name,faisal yajdani
name,faiyaaz
name,faiz ahmad
name,faizal
name,faizal hussain
name,faizal khan
name,faizan
name,faizan khan
name,faizudeen
name,faizur rehman
name,fakerey alam
name,fakiha
name,fakir singh rawat
name,fakiri
name,fakrrudeen
name,fakrudeen
name,fanni bhusan shina
name,faqir chand
name,fara
name,farah
name,farah khan
name,faraha khan
name,faraheen khan
name,faran
name,faran singh
name,farana
name,fareem
name,fareen
name,fareena
name,farha
name,farha  khan
name,farha parvin
name,farhaja ahmed
name,farhan
name,farhana
name,farhanaaz
name,farhanaz
name,farheen
name,farhib
name,farhin
name,farid
name,farid khan
name,farida
name,farida bano
name,farida begam
name,farida khan
name,farida khatun
name,farina
name,farjana
name,farjana bano
name,farjana banu
name,farjana siddaqi
name,farjand
name,farjanul nisha
name,farku pujar
name,farmaan aamin
name,farmaan khan
name,farman
name,farmeena d/o kamar khan
name,faroj alam
name,farukh
name,farzana
name,farzana khatoon
name,fasrun nisha
name,fateh singh
name,father
name,fatima
name,fatima khatton alongwith her child
name,fatima khatun
name,fatma
name,fauina
name,faujdar sharma
name,fauji purvi
name,fazaley
name,fazaz khan
name,fazia
name,fazin
name,fazulla
name,feflibai
name,felicia sequeira
name,feru singh
name,fhaishal amahad
name,fharman
name,fida hussain @monu
name,fija khan
name,firakat ali
name,firasat
name,firdosh
name,firdosh @ tannu
name,firdosh bano @ asha
name,firdous
name,firida
name,firoj
name,firoj ahmad
name,firoja bano
name,firoz
name,firoz ahemad
name,firoz khan
name,firoza
name,firtu lal
name,fitrat
name,fiyaz ansari
name,fiza khan
name,fiza parveen
name,fool kunwar
name,foola devi
name,fooljhnah
name,foolmaya
name,foolwati
name,for rehman
name,foranta
name,foranti
name,foranti keer
name,fornta
name,forshan anl
name,fozia
name,fra
name,frjana
name,frra
name,fuli paagdiya
name,fuljhadi & rubby
name,fulmiya
name,fulo devi
name,furkan
name,furkhan
name,gaffar ali
name,gaffar sardar
name,gaffur khan
name,gafur
name,gafur @ adrim teli
name,gagan
name,gagan @ mamta
name,gagan bihari sharma
name,gagan kumar
name,gagandeep
name,gahnshyam
name,gaitri devi
name,gajala
name,gajala parveen
name,gajana devi
name,gajender kumar
name,gajender singh
name,gajender singh @ goldy
name,gajendra mehta
name,gajendra singh s/o  indra singh
name,gajendra singh sekhawat
name,gajla
name,gajraj
name,gajwanti @ manju
name,gali no 5/4 samta vihar m. pur part ii delhi
name,galiya
name,galu @ biraj
name,gambhir singh
name,gamer das
name,gandharv mishra
name,gandhi
name,ganesh
name,ganesh jat
name,ganesh jha
name,ganesh kainee
name,ganesh kumar
name,ganesh lal
name,ganesh malik
name,ganesh pandey
name,ganesh sanker @ bablu
name,ganesh singh
name,ganesh yadav
name,ganeshi
name,ganeshi dass
name,ganesi devi
name,ganga
name,ganga bhagat
name,ganga bishan bairwa
name,ganga devi
name,ganga ram
name,ganga sagar
name,ganga sahey
name,ganga singh
name,gangadhar
name,gangajali devi
name,gangaram
name,gango devi
name,ganita devi
name,ganpat
name,ganpati korada
name,ganpatram
name,gantantra mittal
name,gappu
name,gargi
name,gargi ghosh
name,garib das
name,garima
name,garima  bhardwaj
name,garima rai
name,garima sharma
name,garsh
name,garupal singh
name,garv
name,gattu devi
name,gaura kuletha
name,gaurav
name,gaurav @ golu
name,gaurav @ little
name,gaurav aggarwal
name,gaurav chhabra
name,gaurav gupta
name,gaurav kumar
name,gaurav kumar @ sonu
name,gaurav maheshwari
name,gaurav malik
name,gaurav raj
name,gaurav rawat
name,gaurav sethi
name,gaurav shankar
name,gaurav sharam
name,gaurav sharma
name,gaurav singh @  monu
name,gaurav sukla
name,gaurav tyagi
name,gaurav urf raheesh
name,gaurav@ vishal
name,gauravgil
name,gauri
name,gauri rana
name,gauri sahani
name,gauri shanka
name,gauri visht
name,gautam
name,gautam  mandal
name,gautam kumar
name,gautam rehan
name,gautam viviek  @ anil
name,gawali pandharinath yadav
name,gawri devi
name,gayatri
name,gayatri @ babli
name,gayatri @ rani
name,gayatri devi
name,gaytree kumari
name,gaytri
name,gaytri bai
name,gaytri devi
name,gd harendra yadav
name,geernish kumar
name,geesa kha
name,geet
name,geeta
name,geeta  gurung
name,geeta @ kamla
name,geeta @ komal
name,geeta @ mukesha
name,geeta @ nazma
name,geeta @ radhika
name,geeta @ rinki
name,geeta bai
name,geeta bhagat
name,geeta d/o raj kumar
name,geeta devi
name,geeta devi jat
name,geeta devi with her son  aditya
name,geeta kumari
name,geeta oram
name,geeta rani
name,geeta rani barman
name,geeta saini
name,geetanjali
name,geetika
name,geetu
name,gen bahadur
name,genda
name,genda devi
name,gendi
name,gendi bai
name,gendu kunar
name,gensingh
name,ghan sayam
name,ghan shyam
name,ghan shyam @ rajesh
name,ghanshayam
name,ghanshyam
name,ghanshyam @ sunder
name,ghanshyam balmiki
name,ghanshyam giri
name,ghanshyam kushwah
name,ghansyam
name,ghansyam kuswah
name,ghansyam soni
name,ghantoli
name,ghaseeta ram
name,ghasiram koli
name,gheesa singh
name,ghisaram @ amar singh
name,ghurul alam
name,gila bai
name,gilbahar
name,girdhari
name,giri raj
name,girija
name,girija rani
name,girijarani
name,giriraj
name,girish
name,girish chand
name,girish chander kapadi
name,girish chandra
name,girish kumar
name,girish singh patwal
name,girishchandra
name,girishi chand
name,girja
name,girjesh kumar
name,girraj
name,girraj nath
name,girwer singh
name,gita
name,gita pokharial
name,gitika
name,givinda
name,gjender
name,gladwin massey
name,gobind
name,gobind hazra
name,godambari devi
name,gokul
name,goldan kumari
name,golden
name,goldi chopra
name,goldy
name,gollu
name,golu
name,golu @ ramtrilok
name,golu@ bablu
name,gomati @ mona
name,gomti
name,gona bai
name,gonsan topno
name,goopi ram
name,gopal
name,gopal dass
name,gopal dhakad
name,gopal kishan
name,gopal krishan
name,gopal kumhar
name,gopal lal
name,gopal lal meena
name,gopal ram
name,gopal sharma
name,gopal singh
name,gopal singh hada
name,gopal tiwari
name,gopesh
name,gopi
name,gopi chand jain
name,gopi devi
name,gopi nath  haldhar
name,gopi singh
name,gopiram atal
name,gora
name,gora singh
name,gorav
name,gorav chandra
name,gorav kumar
name,gorav tyagi
name,gordhan
name,gordhan das
name,gordhan gujar
name,gordhanlal
name,gori
name,gori devi
name,gori nandy
name,goruav
name,gorv sharma
name,gosia
name,gotam kumar
name,gotiya gurjar
name,gourav
name,gourav @ goldi
name,gourav batra
name,gourav jain
name,gourav kumar
name,gourav mital
name,gourav verma
name,gouri mailwad
name,gouri shankar
name,gouri sharma
name,goutam
name,goutam bhora
name,goverdhan
name,goverdhan dass
name,govind
name,govind @ akash
name,govind bari @ goma
name,govind dev
name,govind kunwar
name,govind patel
name,govind prasad shahu
name,govind ram
name,govind rao
name,govind singh
name,govinda
name,govinda @ govind @ gautam
name,grace p.a.
name,grish chandra
name,groti @ rati
name,grpreet kour
name,gruchran singh
name,gs-1957975 sunil kumar vaag
name,guddi
name,guddi @ nisha
name,guddi bai
name,guddi with 02 children
name,guddi with her son  anand
name,guddibai
name,guddiya @ gita
name,guddiya@guddi
name,guddo
name,guddo @ kamlesh
name,guddu
name,guddu mishra
name,guddu paswan
name,guddu rai
name,guddu singh
name,gudia
name,gudia @ seema
name,gudiya
name,gudiya kumari
name,gudiya oran
name,gudiya rani
name,gudya singh
name,gufraan khan
name,gufran
name,gufran khan
name,gugna
name,gul afshan
name,gul mohd
name,gulab
name,gulab @ amit
name,gulab bano
name,gulab gameti
name,gulab nabbi
name,gulab shah
name,gulab singh
name,gulabsa
name,gulabsha
name,gulafsa
name,gulafsa khatun
name,gulafsha
name,gulafshan
name,gulam  nabi azad
name,gulam rashul
name,gulam sakhar
name,gulashan
name,gulbasha
name,guldasta @ guddu
name,gulesta
name,gulfam
name,gulfam saifi
name,gulfan
name,gulfara
name,gulfasa
name,gulfasha
name,gulfsa
name,gulfsal s/o rasid
name,gulista
name,gulista aapu
name,guljan
name,guljar
name,guljar @ rocky
name,gulnaaz
name,gulnaj
name,gulnaj @ rozi
name,gulnanj
name,gulnaz
name,gulnaza
name,gulpacha
name,gulran
name,gulreg
name,gulsan khatoon
name,gulsana
name,gulsha @ seema
name,gulshad
name,gulshafa
name,gulshan
name,gulshan bhola
name,gulshan chadda
name,gulshan grover
name,gulshan jha
name,gulshan khatton
name,gulshan kumar
name,gulshan kumar @ sonu
name,gulshan sehrawat
name,gulshan singh
name,gulshana
name,gulsher
name,gulshtab
name,gulsida
name,guluram urf chutararam
name,gulwasha
name,guman singh basyal
name,gunanidhi
name,gungun
name,guni divy
name,gunja devi
name,gunja singh
name,gunjan
name,gunjan @ guddu
name,gunjan devi
name,gunjan upadhayay
name,gunjan verna
name,gur charan singh
name,gurbachan singh
name,gurbachan singh s/o darshan singh
name,gurbax singh
name,gurcharan
name,gurcharan singh
name,gurdarshan singh
name,gurdayal
name,gurdeep
name,gurdeep kaur
name,gurfaan
name,gurjeet kaur
name,gurjeet singh @ babbu
name,gurjit singh
name,gurlal
name,gurmeet
name,gurmeet kaur
name,gurmeet sharma
name,gurmeet singh
name,gurmeet singh @ golu
name,gurmel kour
name,gurmit kaur
name,gurmit sharma
name,gurmit singh
name,gurnam
name,gurnam singh
name,gurpreet
name,gurpreet kaur
name,gurpreet singh
name,gurprit
name,gursimaran singh
name,guru charan lal
name,guru lal
name,gurubaksh
name,gurucharan
name,gurudut sharma
name,gurupreet kaur @ nainsi
name,gurupreet singh
name,guruvachan singh
name,gurvinder kaur
name,gurvinder singh
name,gurvinder singh s/o
name,gutam
name,gya parsad
name,gyaan kanwar
name,gyan devi @ biba
name,gyan prakash
name,gyandeep
name,gyanender singh @ jawahar singh
name,gyanendra
name,gyanu kumar
name,gyanwati
name,gyarsi
name,gyarsi devi
name,gyarsi lal
name,gyatri
name,gyatri devi
name,gytri  garg
name,habib s/o karimsab
name,habiba
name,hadarali s/o abdul quam
name,hadisha
name,hafsa draboo
name,hagami
name,haider ali
name,hailena
name,hajari bai
name,haji mohmmad
name,hajrat
name,hajrati
name,hakam singh
name,hakimuddin
name,halima
name,haliya aakhon
name,haliya charpota
name,halke
name,halki bai
name,halkuji
name,hament
name,hamid
name,hamid ahmed
name,hamid khan
name,hamida khatun
name,hamim
name,hamsiran
name,hamza shamim
name,handu
name,haneef
name,hani
name,hanif
name,hanif khan
name,hanish khan
name,hanni kumar @ mandu
name,hanny
name,hansa
name,hansa dave
name,hanshraj
name,hansraj
name,hansraj meena
name,hansraj meena s/o raghunath meena r/o maharajpura
name,hanuman
name,hanuman das
name,hanuman sing
name,hanumanram
name,happy
name,happy @ jagjeet
name,har bilas
name,har parsad
name,har prit kor
name,harak khatri
name,harana
name,hararat
name,harbai
name,harbanschauhan
name,harbansh singh
name,harbas kaur
name,harbhajan singh
name,harbinder singh
name,harbir  singh
name,hardam kumar
name,hardas
name,hardas singh
name,hardass
name,hardeep
name,hardeep @ hunny
name,hardeep gauttam
name,hardeep singh
name,hardev
name,hardik yadav
name,hare chatiyan
name,hare krishana mishra
name,harees sharma
name,harender
name,harender kumar
name,harender singh
name,harendra
name,harendra singh
name,hareshwar prasad
name,hari @ abhishek
name,hari chand
name,hari chander
name,hari dutt
name,hari lal
name,hari mohan
name,hari mohan gurjar
name,hari om
name,hari prasad
name,hari ram
name,hari ram sani
name,hari shankar
name,hari shankar pandey
name,hari singh
name,hari uraown
name,harib
name,harichand
name,haridutt
name,hariesh
name,harikishan
name,harimohan sharma
name,harinarayan paliwal
name,harinder
name,harinder kaur
name,hariom
name,hariom panday@shivam
name,hariom urf kalu yadav
name,hariram s/0
name,harish
name,harish @ kala
name,harish ahuja
name,harish arora
name,harish batra
name,harish chand
name,harish chand dua
name,harish chand joshi
name,harish chand shringi
name,harish chander saroj
name,harish kumar
name,harish kumar pandey
name,harish rahman
name,harish saharan
name,harish sharma
name,harish tanwar
name,harish uniyal
name,harishankar
name,harishankar verma
name,harishchandr
name,harishen @ munna
name,harison
name,harjeet singh
name,harji
name,harjit @ babli
name,harkesh
name,harkesh @ binder
name,harkesh kumar
name,harleen kaur
name,harman singh
name,harmani
name,harmeet kaur
name,harmit kor
name,harnam singh
name,harneet kaur
name,harpal
name,harpal kishan
name,harpal singh
name,harpal singh negi
name,harprasad sahu
name,harpreet dham
name,harpreet gil
name,harpreet kaur
name,harpreet kaur @ geetanjli
name,harpreet kaur w/o
name,harpreet singh
name,harpreet singh bedi @ happy
name,harpreet yadav
name,harprit
name,harry
name,harsh
name,harsh @ aman
name,harsh @ prince
name,harsh chawla
name,harsh dagar
name,harsh kapoor
name,harsh kumar
name,harsh sharma
name,harsh sharma @ goldy
name,harsh singh bisht
name,harsh singhal
name,harsh vardhan sharma
name,harsh verma
name,harsha
name,harsha chauhan
name,harsha chittora
name,harshdeep
name,harshi
name,harshit
name,harshit jain
name,harshita chobe
name,harshita poswal
name,harshmeet singh @ happy
name,harun
name,harun rasheed
name,harvans
name,harvansh shrama
name,harvinder @kala @ravinder
name,harvinder singh sandhu
name,harvindra singh
name,harwindra singh
name,hasan
name,hasan shekh
name,hasbul nisha
name,haseem
name,haseen
name,haseen ahmed
name,haseena
name,hashim
name,hashrat
name,hasibul khan
name,hasibullah
name,hasim
name,hasina
name,hasina bano
name,hasina momin
name,hasir
name,hasmita
name,hawa devi
name,hawa singh
name,hayatul
name,hazara
name,hazari
name,hazari lal
name,hazi abdul samad
name,hazira khatoon w/o saddik
name,hazra
name,hazrat ali
name,hazu roat
name,heeera lal
name,heena
name,heena @ huma
name,heena @ shahjha
name,heena bano
name,heena d/o zamil akhtar
name,heena kaushar
name,heena khatun
name,heena parveen
name,heena praveen
name,heera
name,heera kumari
name,heera lal
name,heera lal @ sunil kanojia
name,heera lal urf heero
name,heera parsad chouchan
name,heera singh
name,heeralal
name,heeralal sahu
name,hem chandra
name,hem lata
name,hem raj
name,hem singh
name,hema
name,hema ( with child 11 year akash ).
name,hema aikka
name,hema aroan
name,hema devi
name,hema devi with with his daughter nalini age 4yrs
name,hema khatun
name,hema koli
name,hema mali
name,hema mehta
name,hema pandey
name,hema sharama
name,hema sharma
name,hemani
name,hemanshu
name,hemant
name,hemant @ chhotu
name,hemant kumar
name,hemant narayran yadav
name,hemant pal
name,hemant raghav
name,hemant sharma
name,hemant@teeku
name,hemanti aary
name,hemavanti devi
name,hemlat
name,hemlata
name,hemlata @ makku
name,hemlata @ pooja
name,hemlata pathak
name,hemleta
name,hemraj
name,hemuna
name,hena praveen
name,henkhochon haokip
name,hera parshad
name,hetal
name,hifjul kha
name,himal
name,himani
name,himani @ payal
name,himani joshi
name,himanshee
name,himanshi
name,himanshi @ roshani
name,himanshi @ varsha
name,himanshi agrwal
name,himanshi kalshi
name,himanshu
name,himanshu @ annu
name,himanshu @ jatin
name,himanshu @ nonu
name,himanshu bisht
name,himanshu dagar
name,himanshu dedha
name,himanshu gautam
name,himanshu mahajan
name,himanshu praser
name,himanshu sahu
name,himanshu sharma
name,himansi
name,himansu
name,himansu garg
name,himashu chabra
name,himmat ram
name,hina
name,hina @huma
name,hina kanwar
name,hina parvin
name,hini bibi
name,hira devi
name,hira lal
name,hiralal
name,hiramani
name,hiri
name,hiri bai
name,hisamuddin
name,hisham singh
name,hiten dev
name,hitender garg
name,hitender kumar
name,hitesh
name,hitesh kumar
name,hitesh widhuri
name,hitlar
name,hom prasad tilija
name,homa soji
name,honey
name,hongsi
name,hoor bano
name,horam
name,hosiyarilal saini
name,hoti lal
name,hrithik
name,hritik methews s/o rainlad methews
name,hudi bai
name,hudi bai kir
name,hukam chand
name,hukam singh
name,hukamchand
name,hukma ram
name,hukum chand
name,huma
name,huma @ nureen jahra
name,huma khan
name,huma parveen
name,humera
name,humera @ arman
name,hurji bai
name,husain mohommad
name,husainpreet kour
name,husana bano
name,huseni bano
name,husina
name,husiya devi
name,husnara
name,husno
name,hyatun mulla
name,iarfan mohammad
name,ibarhim
name,ibraham ali
name,ibraheem
name,ibrahim
name,ibrahim mohd.
name,idrish
name,idrish ali
name,iema
name,iesha
name,ifteshyam akhtar
name,ijhar khan @ golu
name,ikara noor
name,ikbal
name,iklakh
name,ikramuddin
name,ikramudeen
name,ikrar
name,ilayat mudda
name,ilema
name,ilesh parkash @ vasu
name,ilma
name,ilyas
name,imam baksh
name,imaman
name,imaman khatoon
name,imamuddin
name,imamudeen
name,imran
name,imran khan
name,imran khureshi
name,imran s/o maman singh
name,imrana
name,imrana khatun
name,imrana parveen
name,imsaan
name,imtiaz ali
name,imtiyaz
name,imtyaz
name,inayat hussen
name,incee
name,inda bai
name,indal paswan
name,indara
name,indara kawar
name,inder dev
name,inder dev singh
name,inder dutt
name,inder kumar
name,inder lal
name,inder mahipal arya
name,inder pal
name,inder singh bist
name,inder singh sawant
name,inderjeet
name,inderjeet @ munna
name,inderjeet kaur
name,inderjeet kour
name,inderjeet kumar
name,inderjeet mandal
name,inderjeet singh
name,inderjit
name,inderjit kaur
name,indernath bhagat
name,inderpaal singh
name,inderpal
name,inderpal singh @ shanni
name,indervesh
name,indira devi
name,indra
name,indra kanwar
name,indra kumari
name,indra kumari mina
name,indra meena
name,indra megwal
name,indra sain
name,indra wati
name,indraj singh
name,indresh kumar
name,indrvati
name,indta
name,indu
name,indu devi
name,indu shekh
name,injmam akhtar
name,injum
name,inkoo
name,insaf ali
name,insaf ali @ mulla
name,iqarar
name,iqbal
name,iqbal hussain
name,iqbal masin hans
name,iqra
name,iqram
name,iqrar
name,iqubal
name,iram
name,iram aara
name,iram naaz
name,irfa
name,irfan
name,irfan @ bhola
name,irfan @ sonu
name,irfan mohmmad
name,irfan salmani
name,irphan safi
name,irsad
name,irsad khan
name,irshad
name,irshad @ sameer
name,irtu
name,ish sethi
name,isha
name,isha batra
name,isha devi
name,isha garg
name,isha maheswari
name,isha naaz
name,isha thakur and  vidsu thakur
name,isha urf neesa verma
name,ishan
name,ishan khan
name,ishant
name,ishant sharma
name,isharar ahmed
name,ishatkar
name,ishawar singh
name,ishika
name,ishita sharma
name,ishmita verma  d/o ravindra nath verma
name,ishrana
name,ishrat jahan
name,ishrat khatoon
name,ishtkar
name,ishu
name,ishwar
name,ishwar bansal
name,ishwar ram
name,ishwar singh
name,ishwar singh aggarwal
name,ishwari prashad dube
name,ishwer das
name,isika
name,islam
name,islamuddin
name,islamudin
name,ismaliye @ khusbu
name,isnesh
name,israil
name,israr
name,isthar @ nanna
name,istikar
name,istkhar ali @ shanu
name,istyak
name,istyara ali
name,iswar lal raigar
name,iswar sharan
name,iswer singh
name,itwari lal
name,j nelson abiman
name,jaanki
name,jaanu
name,jabbar singh
name,jabir
name,jabir hussain
name,jacky and amit
name,jacob paul s/o
name,jadu nath
name,jafar ali
name,jaffar
name,jafrin
name,jafruddin
name,jag dish kumar gupta
name,jag mohan
name,jaga singh
name,jagan
name,jagan nath
name,jagat
name,jagat narayan
name,jagat singh
name,jagbir
name,jagbir singh
name,jagdamba prashad
name,jagdambika
name,jagdeep
name,jagdeep singh
name,jagdeesh
name,jagdesh ram meghwal
name,jagdiesh arora s/o
name,jagdish
name,jagdish chand
name,jagdish chandra
name,jagdish juneja
name,jagdish kaliya
name,jagdish kalra
name,jagdish kumar
name,jagdish kumar sagar
name,jagdish lal
name,jagdish mushar
name,jagdish nayak
name,jagdish parsad s/o mohru lal
name,jagdish prasad
name,jagdish ram
name,jagdish sharma
name,jagdish singh
name,jagir singh
name,jagjeet singh
name,jagjiwan ram
name,jagmal
name,jagmohan
name,jagmohan gupta
name,jagnath murmu
name,jagpati jha
name,jagrti
name,jagtar singh
name,jagviri
name,jahagir khan
name,jahani
name,jahgeer
name,jahid
name,jahir ahmad
name,jahir alam
name,jahirul nisha
name,jahoor ahmed meer
name,jai
name,jai bhagwan
name,jai chand
name,jai dahiya
name,jai dev @ nanu
name,jai gopal
name,jai kailash
name,jai kishan
name,jai kishan @ bhondu
name,jai kishan gupta
name,jai kumar
name,jai kumar gupta
name,jai narayan jat
name,jai pal
name,jai parkash
name,jai parkash @ babu lal
name,jai prakash
name,jai prakash kashyap
name,jai prakash sharma
name,jai prakash singh
name,jai prakash yadav
name,jai ram kir
name,jai ram mandal
name,jai ram tiwari
name,jai shankar
name,jai shanker
name,jai sharma
name,jai shree
name,jai singh
name,jai singh @ jassu
name,jaibhagwan @ kala
name,jaibir
name,jaichand
name,jaideep
name,jaideep @ monu
name,jaidev
name,jaidul ali sekh
name,jaiguna
name,jaijairam
name,jaimala @ chanchal
name,jaimata
name,jaimati
name,jainab
name,jainab @ huma
name,jainab fatima
name,jainab khan
name,jainaf
name,jainub
name,jaipal
name,jaipal singh
name,jaipal singh @ manoj
name,jaiparkash agawal
name,jaiprakash
name,jaiprkesh
name,jairam and choti mali
name,jairam mandal
name,jairam singh
name,jairam singh yadav
name,jaishmin
name,jaisigh
name,jaismeen
name,jaitun
name,jaivanti
name,jaiveer s/o mansa ram
name,jaiveer singh
name,jaivind kohali
name,jaiwanti
name,jakh bahadur
name,jakir
name,jakir hussain
name,jakra khatoon
name,jalaluddin
name,jalil
name,jalil ansari
name,jalmi
name,jalsingh
name,jalwad hushen
name,jamaal
name,jamad ali
name,jamadar yadav
name,jamal khan @ jimmi
name,jamee
name,jameela
name,jameer turi
name,jamil
name,jamil ahmed
name,jamil khan
name,jamila
name,jamila khatoon
name,jamila khatun
name,jamir ahmad
name,"jamna d/o jaipal r/o d-773, j j colony, madipur, d"
name,jamna devi
name,jamna lal
name,jamnaa devi
name,jamrujaha
name,jamshed
name,jamuna
name,janak singh dadwal
name,janaki devi
name,janam
name,janardam
name,janesh
name,janeshwar
name,jang bahadur
name,jani bai
name,jani khan
name,janid minjh
name,janki
name,janki @ pooja
name,janki @ soni
name,janki devi
name,janki kumari
name,jankidas
name,jankraj sharma
name,janmesh
name,jannat
name,janta
name,jantarpal
name,januka
name,janvi
name,janwi  chaudhary
name,janwi chaudhary
name,japneet kaur
name,jaquir
name,jareena
name,jarif
name,jarim
name,jarina
name,jarina @ heena
name,jarina @ laxmi
name,jarina khatoon
name,jarnail singh
name,jasbir
name,jasbir kaur
name,jasbir kaur w/o
name,jasbir singh
name,jasbir singh @ billa
name,jashgul kaur
name,jashinal
name,jasim ahemad
name,jasina khatoon
name,jasina khatun
name,jasiram
name,jaskaran singh
name,jaskirat singh@ golfi
name,jasleen kaur
name,jaslin
name,jasmeet kour
name,jasmen
name,jasmina
name,jasoda
name,jaspal
name,jaspal singh
name,jaspreet
name,jaspreet kaur
name,jassi
name,jasvant
name,jasveen
name,jasveer
name,jasveer kour
name,jasveer singh
name,jasvinder
name,jasvinder kaur
name,jasvinder kaur @ gogi
name,jasvinder kaur @ roji
name,jasvinder kaur w/ gurbeg singh
name,jasvinder kour
name,jasvinder singh
name,"jasvinder singh, kawal jeet kaur (wife 35 yrs), an"
name,jasvindir
name,jasvir
name,jasvir kaur
name,jaswant
name,jaswant giri
name,jaswant singh
name,jaswinder kaur
name,jat ram
name,jatan singh
name,jatin
name,jatin  raina
name,jatin @ sonu
name,jatin @satish
name,jatin kashyap@ jitu
name,jatin kumar
name,jatin kumar @ jeetu
name,jatin pal
name,jatin sharma
name,jatinder kaur
name,jauli
name,javade
name,javal singh
name,javed
name,javed @ chota
name,javed abbas
name,javed khan
name,javed siafi
name,javid
name,javitri
name,javuneesha
name,jawahar lal
name,jawahar lal mittal
name,jawahar singh
name,jawed
name,jawed ahmad
name,jawed malik
name,jawhar lal
name,jay
name,jay bhagwan
name,jay dev jha
name,jay kumar
name,jay narayan
name,jay noor
name,jay prkash rohal
name,jay shree panchal
name,jaya
name,jaya chauhan
name,jaya parbha @ pooja
name,jaya saini
name,jayada
name,jayada khatoon
name,jayantadass
name,jayanti
name,jayanti @ pooja
name,jayanti bhag
name,jayda khatoon
name,jaydurga
name,jayesh singatvadiya
name,jaykumar @ sindu
name,jaynarayan  meena
name,jayoti
name,jayotli
name,jayshing
name,jayuti soni
name,jeba
name,jebi khan
name,jedu
name,jeenat
name,jeenat d/o
name,jeenat jha
name,jeeren topno
name,jeesan
name,jeeshan khan
name,jeet pal  @jitu
name,jeet ram
name,jeet singh ramola
name,jeete
name,jeeth p k
name,jeetram
name,jeetu
name,jeetu gautam
name,jeevan
name,jeevan suyal
name,jeevanlata tuddu
name,jeeya lal
name,jenab
name,jenab parvin
name,jenifer
name,jenny
name,jesmin
name,jeta
name,jetender @ sonu
name,jewa
name,jgdish sharma
name,jhaban
name,jhagdoo
name,jhagdu rzak
name,jhakar singh
name,jhalla re
name,jhanjhariya
name,jhansi rani samuel
name,jharna
name,jharna dass
name,jharna sardar
name,jhawar lal bakshi
name,"jhingi d/o hago barjo r/o vill. murchi, post+p.s."
name,jhora begam
name,jhoti
name,jhuhi
name,jhuma
name,jhumki
name,jhunna bai
name,jhunnu sarkar
name,jibanti har
name,jigar
name,jile singh
name,jimi pal
name,jimmi
name,jina
name,jinat
name,jincy varghese
name,jioty bajaj
name,jisaan
name,jisan
name,jishan
name,jishan khan
name,jishan rehman
name,jishant
name,jism mehar singh bedi
name,jisu
name,jit bahadur
name,jitan ram
name,jitander
name,jite
name,jitender
name,jitender @ ann
name,jitender @ jeetu
name,jitender @ jitu
name,jitender agarwal
name,jitender gupta
name,jitender kumar
name,jitender kumar jha
name,jitender rai
name,jitender rajak
name,jitender s/o arjun singh
name,jitender sehrawat
name,jitender sharma
name,jitender singh
name,jitender soni
name,jitender tiwari
name,jitender yadav
name,jitender@ monu
name,jitender@jita
name,jitendera singh
name,jitendr
name,jitendra
name,jitendra gayri
name,jitendra kumar
name,jitendra kumar khant
name,jitendra singh
name,jitendra yadav
name,jitesh
name,jitesh agarwal
name,jitin @ chunni
name,jittender
name,jitu
name,jitu singh
name,jitu@jitendra rajpoot
name,jiwan dhir
name,jiya
name,jiya batra
name,jiya lal
name,jiya rahman
name,jiyaul
name,job pulikotin
name,jockyipai
name,jodhi kumar
name,joga ram
name,jogender
name,jogender kumar
name,jogender singh
name,joginder
name,joginder kaur
name,joginder mandal
name,joginder pal @ lokki
name,joginder singh
name,joholal soren
name,joity
name,jomiya
name,jon vergis
name,joni
name,jony
name,joohi
name,joria
name,jorj vargees
name,joshna bai
name,josin jomon
name,jot ram
name,jot singh
name,jotyi
name,joy amal
name,joy kashyap
name,joya ansari along with her mother fauji puri
name,joyaa
name,joyate
name,joydeep singh
name,joyti
name,joyti @ bhagwati
name,joyti rani
name,joyti sharma
name,jubaira
name,jubed
name,jubeda
name,juber
name,jugal kishor chouhan
name,jugan @ jugal kishor
name,jugani
name,jugender khetpal
name,juhewuddin
name,juhi
name,juhi @ ansu
name,julee
name,julekha banu @ sitara
name,julfi @ sonu
name,julficar
name,julfikaar
name,juli
name,juli devi
name,jully
name,jumman
name,jumrati
name,juna
name,juna d/o prem bahadur
name,junaid
name,juneb bano
name,junl ansari
name,junna khan
name,justin
name,juvel
name,jwala
name,jya @ jayawanti
name,jyoti
name,jyoti  gulati
name,jyoti  kumari  meena
name,jyoti @ gudya
name,jyoti @ muskan
name,jyoti @ pooja
name,jyoti @ punima
name,jyoti @ shalu
name,jyoti / navjot kor / neha
name,jyoti bai
name,jyoti devi
name,jyoti dubey
name,jyoti fransis
name,jyoti gaba
name,jyoti gosyami
name,jyoti gupta
name,jyoti jatav
name,jyoti jingir
name,jyoti joshi
name,jyoti kanwar
name,jyoti kumari
name,jyoti manchand
name,jyoti meghwal
name,jyoti panchal
name,jyoti pandey
name,jyoti prakash
name,jyoti prasad
name,jyoti ram
name,jyoti shahu
name,jyoti sharma
name,jyoti sona
name,jyoti swroop
name,jyoti tiwari
name,jyotsana @ jyoti
name,jyotsana mohti
name,jyoty
name,k munni rab
name,k. jasodha
name,kaamini
name,kaari tafseer alam
name,kaarti devi
name,kabal singh
name,kabid
name,kabir
name,kabul singh
name,kachan
name,kachri
name,kadir ali
name,kadu @nisha khatik
name,kafia
name,kaif
name,kaifiya siddaki
name,kailaki devi
name,kailash
name,kailash chand
name,kailash chand @ kannu
name,kailash chand jain
name,kailash chand sharma
name,kailash chand verma
name,kailash chandra
name,kailash garg
name,kailash kour d/0 pooran r/o ghamudki ps sikri
name,kailash kumar
name,kailash singh
name,kailash singh adhikari
name,kailashi devi
name,kailesh chand
name,kaishav
name,kajal
name,kajal @ bulbul
name,kajal @ kukki
name,kajal @ payal
name,kajal @ shagun
name,kajal @ soni
name,kajal @ sonia
name,kajal @ sunita
name,kajal @kuttal
name,kajal choudhary
name,kajal d/o
name,kajal guta
name,kajal kanwar
name,kajal kapoor
name,kajal kumari
name,kajal saini
name,kajal sharma
name,kajal singh
name,kajal w/o sandeep
name,kajal@ poonam
name,kajal@sundri
name,kajamuddih
name,kajar mouray
name,kajol
name,kajul choudhry
name,kala
name,kala bai
name,kala bai d/o ramswroop nayak bhopa
name,kalap nath yadav
name,kalashi devi bairwa
name,kalavati
name,kalawati
name,kalawati sharma
name,kalawati with a child mayank (4 years)
name,kalayan
name,kale
name,kaleem
name,kaleram
name,kali
name,kali bai
name,kali bai w/o hari singh banjara r/o chortalai  hal
name,kali charan
name,kali charan sain
name,kali devi
name,kali devi meena
name,kali ram
name,kali urf rakha
name,kalicharan
name,kalip
name,kalish
name,kalla
name,kalla bai
name,kallo
name,kallu
name,kallu @ rameshwar
name,kalma khatoon
name,kaloo giri
name,kalpadma
name,kalpana
name,kalpana patidar
name,kalpana urf loharu
name,kalpesh
name,kalpeshwari devi
name,kalpna
name,kalpna singh
name,kalu
name,kalu @ sanjay
name,kalu @ surjan
name,kalu bhatiya
name,kalu lal khatik
name,kalu lal meena
name,kalu luhar
name,kalu ram
name,kalu@ sanjya
name,kalua @ mukesh
name,kaluram
name,kaluram saini
name,kalusingh
name,kalwant singh
name,kalwati
name,kalyan
name,kalyan datt sharma
name,kalyan singh
name,kalyan singh @kallu
name,kalyan singh devra
name,kalyani banodha
name,kalyani kumari
name,kalyani patro
name,kamakshya @ mona
name,kamal
name,kamal  singh
name,kamal jit singh
name,kamal jyoti sharma
name,kamal kakkad
name,kamal kant chouhan
name,kamal kishor
name,kamal kishor bairva
name,kamal kishor radhey
name,kamal kishor saini
name,kamal kishor soni
name,kamal kishore
name,kamal kishore sharma
name,kamal kumar
name,kamal kumar @ guddu
name,kamal meen
name,kamal panwar
name,kamal sharma
name,kamal shayam sukha
name,kamal singh
name,kamal urf babu
name,kamal yadav
name,kamal@ kala
name,kamala
name,kamala d/o gokul singh r/o suradiya ps jawaja
name,kamala devi
name,kamaldeep
name,kamaljeet
name,kamaljeet singh
name,kamalkishore
name,kamana devi
name,kamar jahan @ banno
name,kamil
name,kamini
name,kamini alongwith her daughter namely megha age-9yr
name,kamini devi
name,kamini sharma
name,kamini w/o vicky
name,kamjeet
name,kamla
name,kamla devi
name,kamla devi bairwa
name,kamla meena
name,kamla mehta
name,kamla pardad
name,kamla prasad
name,kamlajeet
name,kamlash  ( with two child )
name,kamlesh
name,kamlesh ( with 1 year child)
name,kamlesh @ asha
name,kamlesh @ gordi
name,kamlesh @ kajal
name,kamlesh badoni
name,kamlesh devi
name,kamlesh gupta
name,kamlesh kanwar
name,kamlesh krant
name,kamlesh kumar
name,kamlesh kumar urf sonu s/o harish
name,kamlesh kumari
name,kamlesh kumawat
name,kamlesh mehto
name,kamlesh panday
name,kamlesh urf jula
name,kamlesh with her two child lucky & vanshika
name,kamleshwar kumar
name,kamli
name,kamna
name,kamna devi
name,kamni
name,kamni devi
name,kamraan
name,kamre alam
name,kamre alam @ nabi karim
name,kamreen
name,kamruddin
name,kamrudeen
name,kamrulnisha
name,kamta
name,kana ram
name,kanahiya soni
name,kanak lata
name,kanchan
name,kanchan @ chotu
name,kanchan @ rekha
name,kanchan bai
name,kanchan balai
name,kanchan chaudhary
name,kanchan d/o kailash yadav
name,kanchan dev
name,kanchan devi
name,kanchan kumari
name,kanchan manjhi
name,kanchan pandey
name,kanchan sharma
name,kanchaniya
name,kanchi
name,kanchi sing
name,kanchn
name,kanda swari
name,kangana
name,kanhaiya
name,kanhaiya @saurabh
name,kanhaiya lal
name,kanhaiya sharma
name,kanhaiya urf kare
name,kanhaiyalal
name,kanhaya
name,kanheya
name,kanheya lal
name,kanhiya
name,kanhiya sukla
name,kanhiya thakur
name,kanhyalal
name,kanika
name,kanika kathuria
name,kanika madan
name,kanika sharma
name,kanishakraj
name,kanisk dashora s/o rajendra parsad dashora
name,kanki
name,kanku
name,kanku bai
name,kanku dendor meena
name,kanok
name,kanta
name,kanta bai
name,kanta devi
name,kanta kumari
name,kanta prasad
name,kanta sharma
name,kanti
name,kanti @ kajal
name,kanti devi
name,kanti kumari
name,kanti prshad
name,kantil lal
name,kanwar ali
name,kanwar baljit singh
name,kanwar pal
name,kanwar sain
name,kanwar saini
name,"kanya bai with her 1,1/2 yr. child(girl)"
name,kanya devi
name,kapiil shah
name,kapil
name,kapil @ prince
name,kapil aroda
name,kapil bhatia
name,kapil dev
name,kapil dutt
name,kapil jakhad
name,kapil jhakhar
name,kapil kumar
name,kapil kumar kashyap
name,kapil sahani
name,kapil sharma
name,kaptan
name,kaptan singh
name,karamjeet
name,karamjeet kaur
name,karamjeet kour @ sagandeep kour
name,karamvir
name,karamvir naagar
name,karan
name,karan bajaj
name,karan chauhan
name,karan gulyani
name,karan gupta
name,karan jeet singh
name,karan kumar
name,karan kumar khatik
name,karan pandey @ kumar pandey
name,karan sabharwal
name,karan singh
name,karan singh @ karna
name,karan singh urf rahul
name,karan trehan
name,karan verma @ golu
name,"karandeep singh ,@ balu"
name,karansingh
name,karanveer
name,kareshan
name,karim
name,karima
name,karina
name,karina @ kavita
name,karishama
name,karishan
name,karishan lal
name,karishma
name,karishma bathi
name,karishma d/o
name,karishma devi
name,karishma pandit
name,karisma
name,karma devi
name,karma kumari
name,karma yadav
name,karmbir
name,karmi indwar
name,karmveer
name,karmveer singh
name,karmveer singh negi
name,karnesh
name,karshana
name,karshana kumari
name,karshma with two children
name,kartar singh
name,kartik
name,kartik @ kaku
name,kartik das
name,kartik pawar
name,kartika
name,karuna
name,karuna reddi
name,karunakar dehra
name,kashi nath singh
name,kashi v
name,kashiram
name,kashis
name,kashish
name,kashish gupta @ hema gupta
name,kashish sharma
name,kashiv
name,kashmir singh
name,kashum
name,kasid
name,kasim
name,kasim ansari
name,kasish w/o
name,kastoori
name,kasturi
name,kasturi bai
name,kasturi devi
name,kasumbi
name,katwa
name,katyayani
name,kausal kumar
name,kaushal
name,kaushal chaudhary
name,kaushal kumar
name,kaushal s/o dinesh
name,kaushal@lala
name,kaushaliya
name,kaushalya devi
name,kaushar
name,kaushar jahan
name,kaushik kumar
name,kauslender  singh
name,kauva
name,kaval raj kapoor
name,kavilash
name,kavit
name,kavit goyar
name,kavita
name,kavita @ babita
name,kavita @ chanchal
name,kavita @ meena
name,kavita & sangita
name,kavita bai
name,kavita bansi d/o babulal bansi r/o n chimnigate mo
name,kavita d/o
name,kavita devi
name,kavita devi alongwith her son nitin age- 7 yrs
name,kavita gochar
name,kavita gupta
name,kavita harijan
name,kavita kanwar
name,kavita kumari
name,kavita manchanda
name,kavita pal
name,kavita talash
name,kawa lal
name,kawal kumari
name,kawaljeet @ rahul
name,kawita
name,kayamuddin
name,kayum
name,kayum ali
name,kazal
name,kbeta
name,kedarmal
name,kedarnath
name,kehkasa
name,kehkasha
name,kela kanwar
name,kelama devi
name,kelashi
name,keli devi
name,kesar
name,kesav mehta s/o bhupender mehta
name,kesavi devi
name,kesha
name,kesha sharma
name,keshanti
name,keshar
name,keshar ansari
name,keshar ninama
name,keshav
name,keshav bhardwaj
name,keshav bhati
name,keshav dutt
name,keshav kumar
name,keshav mattur
name,keshav raj
name,keshave mahta
name,keshram
name,keshri chand
name,keshu kumari
name,kesnata devi @ rajni
name,kesri prashad sharma
name,keta
name,ketan
name,keval thakur
name,kewal
name,kewal singh
name,khadak singh
name,khairti lal
name,khairu nisha
name,khajan singh
name,khalid
name,khalid ali
name,khalid khan
name,khalidur rehman
name,khalil
name,khalil @ balue
name,khalil maziz
name,khamchand
name,khanchan
name,khangara ram
name,khasbhoo
name,khashbu
name,kheem singh
name,khemchand
name,khemraj
name,kherul nisha
name,khetra nath
name,khima sunar
name,khimanand
name,khokan sarkar
name,khooshboo
name,khshbu
name,khubchand
name,khubhu
name,khubi ram
name,khuma ram
name,khumlo maria goretti
name,khursheed
name,khurshid sidhiki
name,khurshida
name,khurshida bano
name,khursid
name,khursid alam
name,khusaboo
name,khusbhoo
name,khusbhu
name,khusboo
name,khusbu
name,khusbu devi
name,khusbu regar
name,khush naseeb
name,khushabu
name,khushal  singh
name,khushal mani
name,khushbari@ khushi
name,khushbhu
name,khushboo
name,khushboo @khushi
name,khushboo khan
name,khushboo kumari
name,khushboo sharma
name,khushbu
name,khushbu devi
name,khushbu lohar
name,khushbu rani
name,khushi
name,khushi  kumari
name,khushi mho
name,khushi panday
name,khushi ram
name,khushnaseeb
name,khushnasiba
name,khushnudi begum
name,khushnuma
name,kifayat tula khan
name,killo kumari
name,kimat singh
name,kimmi@neelam
name,kingkar mandal @ deepak
name,kiniya
name,kinya devi @ pinu
name,kiran
name,kiran @ kanta
name,kiran @ vina
name,kiran and maya both sisters
name,kiran bala
name,kiran d/o
name,kiran d/o suraj prashad
name,kiran devi
name,kiran gupta
name,kiran kanwar
name,kiran kaur
name,kiran kumar
name,kiran kumari
name,kiran mala
name,kiran meena
name,kiran or vikram
name,kiran pal
name,kiran pal singh
name,kiran pande
name,kiran ravtela
name,kiran sen
name,kiran thapa
name,kiran vharma w/o vimal vharma
name,kiran yadav
name,kirann
name,kiranti
name,kirashan avatar gupta
name,kiriti
name,kirodimal
name,kirorimal
name,kirpa
name,kirpa sankar
name,kirshan
name,kirshan pal
name,kirshanpal
name,kirshn goapal jadhon
name,kirshna
name,kirti
name,kirti (25) & son netik
name,kirti ahuja
name,kirti chawla
name,kirti sonkar
name,kirti srivastav
name,kirti thakur
name,kirti w/o lalit
name,kirtiman
name,kisan
name,kishan
name,kishan @ sunny
name,kishan agrawal
name,kishan chand @ rahul
name,kishan chand joshi
name,kishan dutt
name,kishan kumar
name,kishan lal
name,kishan lal kanojia
name,kishan rai
name,kishan sharma
name,kishan singh
name,kishan singh adhkari
name,kishan soni
name,kishan yadav
name,kishan yadav s/o thag yadav
name,kishana bai
name,kishmat
name,kishn lal
name,kishnaram
name,kishor
name,kishor  singh
name,kishor ahuja
name,kishor matta
name,kishor negi
name,kishor rai
name,kishor saini
name,kishor yadav
name,kishore
name,kishore dutt
name,kishore kumar
name,kishore yadav
name,kismat/ sngu
name,kismti khatoon @ khushboo
name,kisori lal
name,kitti
name,klash kumar
name,klu kumari rokaya
name,km  meenu sharma
name,km aksha @ joya
name,km anamkhan
name,km anjali
name,km antim
name,km arti
name,km asha
name,km barkha
name,km devyani
name,km dipali
name,km dipti
name,km doli
name,km durgesh
name,km geetali
name,km gita
name,km gitali
name,km guddiya
name,km jolly
name,km jyoti
name,km komal
name,km maheswari
name,km meenu
name,km mohini
name,km neha
name,km nisha
name,km pooja
name,km poonam
name,km preeti
name,km priya
name,km priyanka
name,km puja
name,km reena
name,km reetu
name,km rippi
name,km ruby
name,km rukshar
name,km sarika  kothari
name,km sayma
name,km shakshi
name,km shika
name,km shina
name,km shivani
name,km simarjeet kaur
name,km sivhani
name,km soni
name,km soniya
name,km sunita
name,km sweta jain
name,km tanjeem
name,km taseem
name,km ujama khatun
name,km varsha
name,km veshali
name,km vijeta
name,km- pooja
name,km.  shaba
name,km. alka
name,km. ankita
name,km. annju
name,"km. bhavna,"
name,km. dayji
name,km. dikksha mavi
name,km. guddi
name,km. kajal
name,km. menakshi
name,km. neha
name,km. pooja
name,km. pratima
name,km. ranjna
name,km. rekha chilwal
name,km. rubina
name,km. sarita
name,km. shama
name,km. sonali
name,km. sonam
name,km. soni
name,km. swati
name,km. tanuja
name,km. ushman
name,km.deyji
name,km.prinka
name,km.soniya
name,km0 anjli
name,km0 hina
name,km0 imrana
name,km0 komal
name,km0 komal tomar
name,km0 mamta
name,km0 moni
name,km0 priyanka
name,km0 reena
name,km0 rubi
name,km0 shilpa
name,km0 soniya
name,km0 usha
name,km0 versha
name,kmles kumar
name,kmo naina
name,kmo reshma
name,knheyalal
name,kohinoor
name,koilu oran
name,kokil berman
name,kokila
name,kokila meena
name,komal
name,komal @ kumkum
name,komal @ manju
name,komal @ nidhi
name,komal @ pinki
name,komal / kabila
name,komal berwal
name,komal bharti
name,komal devi
name,komal jaiswal
name,komal kohli
name,komal kumari
name,komal panwar
name,komal sharma
name,komal tiwari
name,komal with her 7 years aged daughter diya
name,komal yadav
name,konika
name,konti bai meena
name,kooki
name,kosaleya d/osagar singh
name,kosalya
name,kosalya with a child ashu
name,kosar bano
name,koshal
name,koshalya
name,koshalya @ maya
name,koshalya with her daughter 5 years
name,koshlya
name,koslya
name,kosylaya
name,kouchu
name,koushik dutta
name,koyal
name,koyali
name,kr. amita mishra
name,kr. pratibha
name,kranti
name,kranti devi
name,krashana
name,krashna
name,kripal singh
name,kripya minch
name,krisana braman
name,krish
name,krish topar jon
name,krishama
name,krishan
name,krishan @kishan
name,krishan chand arora
name,krishan dass
name,krishan gopal
name,krishan kishore
name,krishan kumar
name,krishan kumar @ pappu
name,krishan lal
name,krishan lal @krishna
name,krishan lal arora
name,krishan lal gulyani
name,krishan pal
name,krishan pal @ kishan
name,krishan parkash
name,krishana
name,krishana bhandari
name,krishana kumar
name,krishana yadav
name,krishen kumar
name,krishka
name,krishma
name,krishma tomar
name,krishn kant joshi
name,krishna
name,krishna bai
name,krishna bhatt
name,krishna devi
name,krishna giri
name,krishna jha
name,krishna kumari
name,krishna nand
name,krishna pandey
name,krishna w/o hiralal
name,krishna with two child
name,krishna@manisha
name,krishnal
name,kriti
name,kritika
name,kritika@kittu
name,ku  anchal
name,ku aachal
name,ku dolly
name,ku moni
name,ku ponam
name,ku rajindre
name,ku rangeeta
name,ku rikha
name,ku rube
name,ku- shashi pal
name,ku- sonu
name,ku-pooja
name,ku.  kamini
name,ku. ankita
name,ku. anshita singh
name,ku. babali
name,ku. bharati
name,ku. bharati sharma
name,ku. fatma
name,ku. hansa ( rekha )
name,ku. kamla yadav
name,ku. kanchan chouan
name,ku. kanchan duvedi
name,ku. khubshu
name,ku. meena
name,ku. monu
name,ku. neeru
name,ku. neha
name,ku. neha raj
name,ku. nirmla
name,ku. nisha shirma
name,ku. pinkee
name,ku. poonam
name,ku. prabha sharma
name,ku. preeti seni
name,ku. preeti sharma
name,ku. puja
name,ku. pushpa
name,ku. rajni
name,ku. reetu
name,ku. rekha
name,ku. rekha kumawat
name,ku. sandiya
name,ku. seema
name,ku. seetal rawat
name,ku. shabnam
name,ku. shashi
name,ku. sheela
name,ku. shivani
name,ku. sonia
name,ku. suman
name,ku. swati
name,ku. syama
name,ku.rekha
name,ku.shiv baai
name,ku.swati pondayl
name,kudeep
name,kulbhushan
name,kulbir singh
name,kuldeel
name,kuldeep
name,kuldeep @ bholi
name,kuldeep @ kalan
name,kuldeep @ kullu
name,kuldeep @ sonu
name,kuldeep gaur
name,kuldeep gupta
name,kuldeep gupta @ shivam
name,kuldeep kasyp
name,kuldeep kour
name,kuldeep kukreti
name,kuldeep kumar
name,kuldeep singh
name,kulina momin
name,kulli
name,kulli devi
name,kulsum
name,kulvinder
name,kulvinder kaur
name,kulvinder kour
name,kulwant singh
name,kulwinder singh
name,kum  mamta
name,kum a akansha tyagi
name,kum nidhi
name,kum sangita
name,kum savitri
name,kum usmani
name,kum. maya
name,kum. rekha
name,kumail
name,kumar
name,kumar anand
name,kumar pal
name,kumara meena
name,kumara pushpa
name,kumarage dona dhanasiri chandra latha
name,kumare  dali
name,kumari   bulbul
name,kumari  bhabya goyal
name,kumari  kiran
name,kumari  sunita
name,kumari aasu
name,kumari anita
name,kumari anjali
name,kumari anjeta
name,kumari anju
name,kumari anju rawat
name,kumari ankita singhal
name,kumari anupama
name,kumari archana
name,kumari archana chauhan
name,kumari archna
name,kumari arti
name,kumari asha
name,kumari asha urf hema
name,kumari babita
name,kumari banti
name,kumari bharti
name,kumari bhoomika
name,kumari deepa
name,kumari dipti
name,kumari divya urf kamal d/o babu lal bairwa
name,kumari doli
name,kumari endra chand
name,kumari farhin
name,kumari firdosh
name,kumari geeta
name,kumari gori
name,kumari guddi
name,kumari heena bharati
name,kumari hemlata
name,kumari himani
name,kumari himanshi
name,kumari hina parveen
name,kumari hirawati
name,kumari indira chand
name,kumari jahida
name,kumari jeda
name,kumari joyti
name,kumari jyothi
name,kumari jyoti
name,kumari kajal
name,kumari kamlesh
name,kumari kanta @ kajal
name,kumari kaushal
name,kumari khalida
name,kumari khana gulsan
name,kumari khusbu singh
name,kumari khushabu
name,kumari kiran
name,kumari komal
name,kumari kuljeet kaur
name,kumari lalita
name,kumari lata
name,kumari laxmi
name,kumari lelina
name,kumari mamata
name,kumari mamta
name,kumari mamta varma
name,kumari manisha
name,kumari manjeet
name,kumari manju
name,kumari maya
name,kumari meera
name,kumari mheraj
name,kumari minakshi
name,kumari minu
name,kumari mona
name,kumari monika mahavar
name,kumari monki
name,kumari nagma
name,kumari neelam
name,kumari neetu
name,kumari neha
name,kumari nenu
name,kumari pallavi
name,kumari parvinn
name,kumari payal
name,kumari payal sharma
name,kumari pinki
name,kumari pinku
name,kumari pinky
name,kumari pooja
name,kumari praya
name,kumari preeti
name,kumari preeti kuntal
name,kumari prem
name,kumari priya
name,kumari priyanka
name,kumari priyanka agarwal
name,kumari puja
name,kumari rachana
name,kumari rachna
name,kumari radha
name,kumari radha sharma
name,kumari rani
name,kumari ranjita
name,kumari reena
name,kumari reetu
name,kumari rekha
name,kumari rekha natheniyal
name,kumari renu
name,kumari resham
name,kumari reshma
name,kumari ritika sethi
name,kumari ritu
name,kumari ritu dabi
name,kumari rohini
name,kumari roshan
name,kumari sabnam
name,kumari sabnam @ monu
name,kumari sahista
name,kumari sajida
name,kumari saloni
name,kumari samrin naz @ simran
name,kumari sangeeta
name,kumari sanju
name,kumari santra devi jogi
name,kumari saroj
name,kumari seema
name,kumari shakshi
name,kumari shakuntala urf chhotan
name,kumari shalu
name,kumari shilpa
name,kumari shima devi
name,kumari shital
name,kumari shivani
name,kumari shri devi
name,kumari sima rawat
name,kumari sona
name,kumari sonam
name,kumari soni
name,kumari soniya
name,kumari sonu
name,kumari sumaila
name,kumari suman
name,kumari sunita
name,kumari suruti
name,kumari sushila
name,kumari talat aara
name,kumari tanu
name,kumari tena pawar
name,kumari usha
name,kumari vaishali vaishnav
name,kumari vandna
name,kumari varsha
name,kumari vinita
name,kumkum
name,kumod yadav
name,kumresh
name,kumud kumari
name,kunal
name,kunal @ kannu
name,kunal kishore
name,kunal kumar
name,kunal kumar singh
name,kunal mayank
name,kunal sharma
name,kunda swami
name,kundan
name,kundan chohan
name,kundan kr
name,kundan kumar choudhary s/o kedar choudhary r
name,kundan raj
name,kundan ram
name,kundan singh
name,kundan singh @ richapal singh
name,kunden
name,kundin
name,kunj bihari
name,kunod kumar ray
name,kuntesh @ kunti
name,kunti
name,kunwar sen
name,kuparth shah
name,kurban
name,kurban ali
name,kureja
name,kush
name,kush gupta
name,kushagra
name,kushal
name,kushal  gupta
name,kushal sharma
name,kusham
name,kushamvir
name,kushbu
name,kushi
name,kushma
name,kushmi devi
name,kushmita
name,kushum
name,kushum @ khushbu
name,kushumavati
name,kushumlata
name,kuso devi
name,kusum
name,kusum devi
name,kusum lata
name,kusum meena
name,kusuma
name,kusuma devi
name,kusumakar mishra
name,kusumlata
name,kuwar pal singh
name,kuwarjeet sharma @ vikash
name,la l    babu
name,labbhi
name,lad bai
name,lada bai  marubhat
name,ladakunvar
name,laddha ram
name,ladli
name,lahida
name,laja
name,lajja devi
name,lajjavati
name,laka ram
name,lakh ram
name,lakhami singh
name,lakhamichand
name,lakhan
name,lakhan @ chottu
name,lakhan bajadur
name,lakhbir kaur
name,lakhe sari gaur
name,lakhi
name,lakhi devi
name,lakhmi
name,lakhmi chand
name,lakhraj
name,lakhsmi @ rekha
name,lakhsmi devi
name,lakhu parsad
name,lakhua
name,lakhvinder
name,lakhvinder singh
name,lakhwinder sharma
name,lakhya dona sherppa
name,lakki
name,lakki prajapti
name,lakky
name,laksh @ dipanshu
name,lakshay
name,lakshaya sharma
name,lakshit pandey
name,lakshman nath
name,lakshman sah
name,lakshman singh
name,lakshmi
name,lakshmi devi
name,lakshmi kumari
name,lakshmi shah
name,lakshy jain
name,lakshya chauhan @ lucky
name,lakshya sharma
name,lal baano
name,lal babu
name,lal babu prasad
name,lal bahadur jha
name,lal chand
name,lal jee
name,lal ji parshad
name,lal kunwar urf vishnu kunwar
name,lal man gupta
name,lal metho
name,lal mohammed
name,lal prasad narala
name,lal singh
name,lala
name,lala bhai
name,lala ram
name,lalan devi
name,lalan singh
name,lalaram
name,lalaram @ kalu
name,laldhari ram
name,lali
name,lali  devi
name,lali @ deepa
name,lali @ poonam
name,lali davi
name,lali nisha
name,lali urf kismat
name,lalit
name,lalit @ golu
name,lalit @lalu s/o shambhudayal r/o rana ki ka kooaa
name,lalit alias lowan
name,lalit arya
name,lalit gulati
name,lalit kathuriya
name,lalit kumar
name,lalit mohan rawat
name,lalit pandey
name,lalit prasad
name,lalit rana
name,lalit rastogi
name,lalit saini
name,lalit sharma
name,lalit singh bisht
name,lalita
name,lalita  devi
name,lalita bai
name,lalita choudhry
name,lalita devi
name,lalita dobhal
name,lalita gameti
name,lalita kumari
name,lalita kunwar
name,lalita luthra
name,lalita meena
name,lalita sharma
name,lalital mohan
name,laliya
name,lallu
name,lallu yadav
name,lalmuni koda
name,laltes
name,laltha prashad
name,laltia dass
name,lalu
name,lalu ram
name,lalutha
name,lamani @ khedu
name,lambhu devi
name,lasar
name,lashma devi
name,laskshita
name,lata
name,lata @ neha
name,lata devi
name,lata jain
name,lata kumari
name,lata lalwani
name,lata mandal
name,lata patidar
name,lata sen
name,lata sharma
name,lata thakur
name,lateef khan
name,latesh
name,latoor
name,latur lal
name,latur s/o gopal koli
name,laukush @banti
name,lav
name,lavali
name,lave kumar sharma
name,lavi
name,lavish kumar
name,lavkush
name,lavli
name,lavli gupta
name,lavpreet kour
name,lavtar singh
name,lawli / lakky
name,lawrence s
name,laxami
name,laxita
name,laxman
name,laxman bhadur
name,laxman dash
name,laxman dass
name,laxman kumar
name,laxman lal tundwal
name,laxman mehtu
name,laxman pandit
name,laxman prasad
name,laxman rai
name,laxman rao
name,laxman shah
name,laxman singh
name,laxman sinsh
name,laxmanram
name,laxmeena
name,laxmi
name,laxmi  berwa
name,laxmi  kumari
name,laxmi @ gudiya
name,laxmi @ kajal
name,laxmi @ komal
name,laxmi @ lalita
name,laxmi @ mona
name,laxmi @ pooja
name,laxmi @ roma
name,laxmi @ sapna
name,laxmi @ sujata
name,laxmi / aasan
name,laxmi alongwith her son shankar aged 2 yrs
name,laxmi babu
name,laxmi bai
name,laxmi chand
name,laxmi d/o
name,laxmi deve
name,laxmi devi
name,laxmi devi w/o late sh hukan chand
name,laxmi divi
name,laxmi kant
name,laxmi koli
name,laxmi kumar
name,laxmi kumari
name,laxmi narayan
name,laxmi narayan @ tushar
name,laxmi narayan malpani
name,laxmi narayan verma
name,laxmi sarpota
name,laxmi shah
name,laxmi sharma
name,laxmi urf billu
name,laxmi@nankai
name,laxmikant @kaka
name,laxminarain
name,layba noor
name,layman paswan
name,lc mojis
name,leela
name,leela  kanwar
name,leela daroga
name,leela devi
name,leela dhar narang
name,leela kumari
name,leela meena
name,leela nath
name,leela ram
name,leela ram @ bablu
name,leela with a child
name,leelawati
name,leelu
name,leena
name,leena rai
name,lehru lal
name,lekhraj
name,lekhraj pahuja
name,lekhram
name,lekose joseph
name,leo paul
name,libin lukkha
name,lila
name,lila bai
name,lila devi
name,lila kumari
name,lilabai
name,liladevi
name,lilaki
name,lilaki & pooja
name,lilaram
name,lilavati kumari
name,lilima @ manshi
name,lilu
name,lilu ram
name,limca
name,lisha
name,liveri santam
name,liyakat
name,liyakat ali
name,liyakat ansari
name,lllllllllllllllllll
name,lok nath
name,lokender
name,lokender singh
name,lokendra
name,lokendra pal singh
name,lokesh
name,lokesh @ happy
name,lokesh deswal
name,lokesh kumar
name,lokesh kumar ojha
name,lokesh manchanda
name,lokesh s/o hari singh
name,lokesh varma
name,lokindra singh
name,long shree devi
name,love manjhi
name,lovely
name,lovly @ ladi
name,lta seni
name,lucki anand
name,lucky
name,lucky rana singh
name,lukkad @ kishore
name,lukman
name,lushi
name,luv kumar @ tony
name,luv kumar sharma
name,luxmi
name,luxmi rani
name,m bahadur
name,m ithilesh
name,m rajeev
name,maadhuri rai
name,maahi
name,maalti @ mamta
name,maan kunwar
name,maan singh
name,maanmati rokaye
name,maansingh aswal
name,maatwar singh
name,maaya
name,mabiya
name,machhala
name,madam sahnaj
name,madan
name,madan gopal
name,madan jain
name,madan kumar
name,madan kumar chaudhari
name,madan lal
name,madan lal shrama
name,madan mohan
name,madan mohan lal
name,madan mohan meena
name,madan pal
name,madan singh
name,madanlal
name,madhan singh
name,madharam
name,Madhav
name,madho
name,madhu
name,madhu @ anita
name,madhu @ radha
name,madhu devi
name,madhu ishmta
name,madhu kumari
name,madhu kunwar
name,madhu nayak
name,madhu ram
name,madhu sharma
name,madhu shukla @ shabana ben ajmeri
name,madhu sudan
name,madhu w/o pawan kumar
name,madhubala
name,madhuni haldar
name,madhuri
name,madhuri barman
name,madhuri bhandari
name,madhuri kumari
name,madhuri pal
name,madhuri sharma
name,madhusudan prasad
name,madhvi  sharma
name,madhvi @ madhu
name,madhwi
name,madina
name,madina khatu
name,madina khatun
name,magat ram
name,mager sahu
name,maha dev sharma
name,mahabir
name,mahabir prasad
name,mahadev
name,mahadev @ dalip
name,mahadev parshad
name,mahadevi
name,mahak
name,mahak singh
name,mahammd sarfroj
name,mahasingh
name,mahaveer
name,mahaveer gurjar
name,mahaveer jain
name,mahaveer mali
name,mahaveer mehto
name,mahaveer singh
name,mahaveer singh yadav
name,mahaveer tyagi
name,mahavir
name,mahbir parsad
name,mahboob
name,mahbub ali
name,mahendar  s/o ramesh  cast keer
name,mahender
name,mahender @manish
name,mahender chaudhary
name,mahender kumar
name,mahender lal
name,mahender mishra
name,mahender pal
name,"mahender s/o dhanna ram r/o b-341, j j colony, mad"
name,mahender sahani
name,mahender sharma
name,mahender singh
name,mahender singh negi
name,mahender verma
name,mahendra
name,mahendra kumar
name,mahendra prajapat
name,mahendra salani
name,mahendra singh
name,mahendra singh chotele
name,mahendra yadav
name,mahesh
name,mahesh @ madhusudan
name,mahesh @ mahsu
name,mahesh balwani
name,mahesh chand gupta
name,mahesh chand tiwari
name,mahesh jatav
name,mahesh khurana @ monu
name,mahesh kumar
name,mahesh kumar @munna
name,mahesh kumar yogi
name,mahesh meena
name,mahesh pal
name,mahesh saini
name,mahesh sharma
name,maheshar jahan
name,mahfooj
name,mahfooz
name,mahfuj
name,mahi
name,mahi@munasvi
name,mahima
name,mahima aggarwal
name,mahima bagga
name,mahinder
name,mahinder bhakuni
name,mahinder singh
name,mahinder yadav
name,mahindra kumar
name,mahinudin
name,mahipal
name,mahipal singh yadav
name,mahjabi
name,mahkar
name,mahlikka
name,mahmun khatoon
name,mahnatha sahni
name,mahraj
name,mahroj ali
name,mahrul nisha
name,mahtab
name,mahtab ali
name,mahud ansari
name,mahveer singh
name,mahvish
name,mahzbin
name,maigo
name,maina
name,maina @ meenu
name,maina bai  gujari
name,maina d/o ratna lal  gurjar
name,maina devi
name,mainka
name,mainka kumari
name,mairi jeems
name,mairy kumari
name,maisan
name,maj- koko khaing
name,majid
name,majid ansari
name,majida
name,majidunisha
name,majoo devi
name,majrula
name,majunew
name,makan singh
name,makbul
name,makhan singh
name,makrud alam
name,maksood mohd
name,maksud ahmed
name,mala
name,mala dev i
name,mala devi
name,mala devi @ nisha
name,mala witrh two child ritik age-3 & rohan age-6 yrs
name,malchand
name,mali ram
name,malika
name,malika biwi
name,malkeet
name,malkeet singh
name,malkiat singh
name,mallik  jayswal
name,mallika
name,mallika jayaswal
name,mallo
name,malti
name,malti devi
name,malti prajapati
name,malvika
name,mam kaur
name,maman singh
name,mamanbai
name,mamata
name,mamata kumari
name,mamchand
name,mamini
name,mamita
name,mammta
name,mamoita rai
name,mamraj sharma s/o genda lal sharma
name,mamt and his  son ranvir singh
name,mamta
name,mamta  d/o
name,mamta @ deepa
name,mamta @ geeta
name,mamta @ varsha
name,mamta bai
name,mamta begam
name,mamta bhandari
name,mamta d/o
name,mamta devi
name,mamta garg
name,mamta jha
name,mamta kakker
name,mamta kumari
name,mamta meena
name,mamta negi
name,mamta pal
name,mamta paliwal
name,mamta pandey
name,mamta patidar
name,mamta rani
name,mamta rani koli
name,mamta sabbarwal
name,mamta sharma
name,mamta@lalita
name,mamtha
name,mamu ram
name,mamuna @ dholi
name,mamuni
name,mamuni das
name,mamuni munda
name,man devi
name,man mohan
name,man mohan aggarwal
name,man mohan mehta
name,man singh
name,mana devi
name,mana sarkar
name,manak chand
name,manak lal
name,manak paramik
name,manak rebari
name,manali
name,manash
name,manav
name,manav shankar
name,manbai rekwar
name,manbhar bai
name,manbharbai
name,manbhari
name,manchan devi with her daughter age-1.5
name,manda bai
name,mandan lal
name,mandeep
name,mandeep kaur
name,mandeep kour
name,mandeep kumar
name,mandeep singh
name,mandi devi
name,mandira  devi
name,mandira devi
name,mandira mondal
name,mandothi
name,mandu ram
name,mandvi sharma @ shiva
name,maneesh @ monti
name,maneesh kansal
name,maneesha
name,maneeta
name,manender pratap
name,manesh chadda
name,manfool bai
name,manful
name,manful bai
name,mangal
name,mangal bind
name,mangal chand
name,mangal singh
name,mangala devi
name,mangat singh
name,mangelal
name,mangeram
name,mangeshwar
name,mangi bai
name,mangi bai d/o ramgopal lodha 21 years
name,mangi lal
name,mangi ram singh
name,mangilal
name,mangilal kumhar
name,mangla devi
name,mangla ram
name,mangla urf mangi bai
name,manglesh
name,mangol jao singh
name,mangta
name,mangu
name,mangubai
name,mani
name,mani kant
name,mani kumar
name,mani manohar  prasad
name,manikchand
name,manimegla
name,maninder @ mani
name,manira minj
name,maniram
name,manisa
name,manish
name,manish  kumar
name,manish ( with daughter purwa 7 years )
name,manish @ annu
name,manish @ bittu
name,manish @ mannu
name,manish @ mantu
name,manish @ mukesh
name,manish @ tutu
name,manish ahuja
name,manish aneja
name,manish bansal
name,manish chabra
name,manish chouhan
name,manish dimri
name,manish garg
name,manish gautam
name,manish ghai
name,manish goyal
name,manish jain
name,manish kandlr
name,manish kapoor
name,manish khandelwal
name,manish kumar
name,manish kumar  mandal
name,manish kumar  sharma
name,manish kumar @ montu
name,manish kumar mishra
name,manish kumar saket
name,manish kumar sharma
name,manish kushwaha s/o ramesh
name,manish lamba
name,manish maheshwari
name,manish malhotra
name,manish panday
name,manish rana
name,manish saini
name,manish sasodiya
name,manish sehrawat
name,manish sharma
name,manish taygi
name,manish verma @ monu
name,manisha
name,manisha  aamliya
name,manisha @ jyoti
name,manisha @ lutka
name,manisha @ mansi
name,manisha @ yogita
name,manisha bhardwaj
name,manisha chowhan
name,manisha damor
name,manisha devi
name,manisha dhoundiyal
name,manisha garg
name,manisha khandelwal
name,manisha kumari
name,manisha meena
name,manisha patidar
name,manisha raj
name,manisha rani
name,manisha sharma
name,manit kumar
name,manita
name,manita uraw
name,manjar alam
name,manjeet
name,manjeet @ manish
name,manjeet kaur
name,manjeet kumar
name,manjeet singh
name,manjesh
name,manjinder kaur
name,manjit
name,manjit  kour
name,manjit singh
name,manjit singh tomer
name,manjiv singh
name,manjoo
name,manju
name,manju @ rachna
name,manju @ taruna
name,manju bai
name,manju bai  bagri
name,manju bairwa
name,manju bhasin
name,manju bohra
name,manju d/0 baboo lal jatav
name,manju devi
name,manju jha
name,manju kavar
name,manju kumari
name,manju kumari kalbi
name,manju nagar
name,manju nayak
name,manju rana
name,manju roy
name,manju saini
name,manju salvi
name,manju sharma
name,manju singh
name,manju with her child ritika
name,manju@ minaxi
name,manjula @ riya
name,manjula kumari
name,manjusha
name,manka
name,manku ram jat
name,mankuri devi
name,manlisa bairwa
name,manmath nayak
name,manmeet kaur
name,manmeet kumar
name,manmeet singh saini
name,manmohan
name,manmohan @ monu
name,manmohan kandwal
name,manmohan khurana
name,manni @ manish
name,manni bai
name,manno
name,mannu
name,mannu jain
name,mannu yadav
name,mannulal
name,manohar
name,manohar @ mannu
name,manohar kumar
name,manohar lal
name,manohar singh
name,manohar vishnoi
name,manoish
name,manoj
name,manoj  kumar age-24 & satesh  kumar age 18
name,manoj  vajpay
name,manoj bansal
name,manoj gaur
name,manoj gupta
name,manoj jain
name,manoj jha
name,manoj joshi
name,manoj kanwar
name,manoj kaushik
name,manoj khanduri
name,manoj kumar
name,manoj kumar agarwal
name,manoj kumar age-25 and his son rahman age-1-1/2
name,manoj kumar josi
name,manoj kumar khurana  alongwith e-rickshaw
name,manoj kumar rajhans
name,manoj kumar shrivastav
name,"manoj kumar, jawalaprasad, r/o j.j. colony sawada,"
name,manoj mahto
name,manoj patra
name,manoj sachdeva
name,manoj sahni
name,manoj saini
name,manoj sethi
name,manoj sharma
name,manoj singh
name,manoj singh bisht
name,manoj upadhay
name,manoj yadav @ manoj
name,manoj@ radhe krishan
name,manoj@monu
name,manojkumar
name,manorma
name,manorma sharma
name,manormapal
name,manosh yadav
name,manoti dass
name,manowar hussain
name,manphool
name,manpreet
name,manpreet @ simaran
name,manpreet kaur
name,manpreet kaur @ preet
name,manpreet kaur @ simran
name,manpreet kaur @preet
name,manpreet singh
name,manpritkour
name,mansa
name,mansavi @mahi
name,mansha
name,mansharam
name,manshi shing
name,mansi
name,mansi @ minakshi
name,mansi bajaj
name,mansi khurana
name,mansi raghav
name,mansoor alam
name,mansoor ali
name,mansur ali
name,mansur malik
name,mantasha
name,manti devi
name,mantosh
name,mantu
name,mantu gupta
name,mantu kumar
name,manu
name,manu bhai
name,manu devi
name,manu kanwar
name,manuja
name,manuvar hussain
name,manvendra singh @ tiger
name,manver singh
name,manvi
name,manvir singh
name,manwi
name,maqsood alam
name,mariam
name,mariam  mumtaz
name,marium
name,mariya
name,mariyam
name,mariyam @ sonam
name,mariyam khalique
name,mariyam sarjo
name,marjana
name,marjina
name,marshilah
name,marti kalasua
name,marya
name,maryam
name,maryana
name,marzina khatoon
name,masheen yadav
name,mashli
name,masoom
name,mast ram
name,mastan
name,master hansraj
name,masum jannat
name,masuma khatun @ manju
name,mata parsad
name,matadeen
name,matbar singh
name,mathura @ vijay
name,mathura singh
name,matok
name,matul  devi
name,maujim
name,mausam
name,maushid
name,maya
name,maya @ almola
name,maya @ neha
name,maya bai
name,maya dass
name,maya devi
name,maya dhaval
name,maya kumari
name,maya kvr
name,maya lakhera
name,maya meena
name,maya yadav
name,mayak
name,mayank
name,mayank @aakash
name,mayank chaudhary @ rahul
name,mayank pandey
name,mayank sharma
name,mayur agarwal
name,mayur bhatia
name,mayuri
name,mazhar
name,mazhar s/o azimudeen
name,mazida
name,md  tayab
name,md aagad
name,md aalam
name,md aarif
name,md aariv
name,md abbas
name,md afjal
name,md aktab alam
name,md alamin
name,md aslam
name,md chand
name,md eklok
name,md faruk
name,md hasan
name,md hasan @ sahil
name,md hassan
name,md imran
name,md imtiyaz
name,md inaam ahmad s/o vishal ahmad
name,md irfhan
name,md javed
name,md kadir
name,md kamruddin
name,md mustafa
name,md mustak
name,md naseem
name,md noori
name,md rafi
name,md rahmat ali
name,md rahul
name,md ramjani
name,md saeed
name,md sahid
name,md sakil
name,md salim
name,md savir
name,md sehjan
name,md shahid
name,md shahnawaz
name,md sokat
name,md zahid
name,md. aakil
name,md. aaqif
name,md. afsar
name,md. akhlakh
name,md. ali
name,md. alikhan
name,md. anus
name,md. anvar
name,md. arfan
name,md. arman
name,md. ashik
name,md. asif @ sahil @ ashu
name,md. basir @ bechan
name,md. danish
name,md. ehasan alam
name,md. gaffar
name,md. hasrat khan
name,md. ibrahim
name,md. imran
name,md. imtyaj
name,md. jisan
name,md. khalid
name,md. mohsin
name,md. mujmmil
name,md. mustak
name,md. nadaim
name,md. raju
name,md. sabir
name,md. saleem
name,md. samim
name,md. saran
name,md. shoab
name,md. sohail
name,md. sufiyan
name,md. tavrej
name,md. waseem
name,md.ansar
name,md.badrealam
name,md.gulsher alvi
name,md.tosheeb
name,md.yunus
name,meela devi
name,meena
name,meena  pawar
name,meena @ beena
name,meena @ pooja
name,meena and harsh
name,meena begum
name,meena chauhan
name,meena devi
name,meena devi & akash
name,meena jat
name,meena kanwar
name,meena kanwar rajput
name,meena kawar
name,meena kumari
name,meena turi
name,meena w/o
name,meena yadav
name,meenakashi w/o amar
name,meenakshi
name,meenakshi @ nisha
name,meenakshi kevat
name,meenakshi raj sharma
name,meenakshi rawat
name,meenakshi sharma
name,meenat khan
name,meenaxi
name,meenaz khan
name,meenu
name,meenu @ minakshi
name,meenu @ monika
name,meenu bahadur
name,meenu chawla
name,meenu d/o
name,meenu devi
name,meenu kashyap
name,meenu kumar
name,meenu kumari
name,meenu rani
name,"meenu s/o shiv kumar r/o c-78, shivaji park, punja"
name,meenu singh
name,meenu vishwas
name,meenu yadav
name,meer hashan
name,meera
name,meera & manish
name,meera devi
name,meera jana alongwith minor girl omrita jana
name,meera sharma
name,meeramai
name,meesh khatoon
name,meeta jain
name,meeta jena
name,meeta lal gurjar
name,meeta sharma
name,meethu
name,meethu sarkar
name,meetu
name,mega kumari
name,megh singh
name,megha
name,megha @ kaka
name,megha alongwith daughter 6 month
name,megha arya
name,megha bansal
name,megha bhasin
name,megha das
name,megha gupta
name,megha@sandhya
name,meghana
name,meghanath suwedi
name,megharaj kirad
name,megharam
name,megharam meena
name,meghashayam  sharma
name,meghu kumar
name,megraaj
name,mehak
name,mehak kapil
name,mehak singh
name,mehandi hasan
name,mehar jahan @ nargis
name,meharban
name,meharuddin
name,mehbob ali
name,mehboob
name,mehboob alam
name,mehboob ali
name,mehboob mehandi
name,mehfooj
name,mehib alam
name,mehinder
name,mehnaj
name,mehnaz
name,mehnaz azmi
name,mehphal singh
name,mehraj
name,mehronisha
name,mehru nisha
name,mehruddin
name,mehrunisha
name,mehtab
name,mehtab alam
name,mehvish
name,mehwish
name,mem
name,mema
name,mena
name,menadevi
name,menakshi with husband rohit with children krishna
name,menka
name,menpal
name,menu kashyap
name,mercy
name,mero topto
name,merry kerakeha
name,mesak
name,methun
name,meti kumari
name,metily ritayard sonu sharma
name,meva devi
name,mh sahil
name,mh. yameen
name,mhd. firoz
name,mhega
name,mhendar singh
name,mho aamir
name,mho javed
name,mho najim
name,mho. alpej
name,mho. majid
name,mho. taiyaybh
name,mho. zuber
name,mhoomad sakir
name,mhosin
name,michael
name,midda
name,midhana sahani
name,miha singh
name,mihir
name,mikel
name,milan
name,milap chand
name,mili
name,milka
name,milkhi ram
name,mina meena
name,minakchi
name,minakshi
name,minakshi asawara
name,minakshi purohit
name,minakshi sainai
name,minakshi sharma
name,minakshi sharma @ kallo
name,minakshi with children (1)kajal (2)palak
name,minaksi
name,minaksi mehra
name,minakumari
name,minakxi
name,minaxi
name,minaxi chakma
name,minaxni
name,minder kumar
name,mini kumari
name,minitwa
name,minka d/o nandu
name,minkashi
name,mintu
name,mintu devi
name,mintu mulla
name,minu
name,minu kumari
name,mira
name,mira devi
name,miraz
name,miraz ali
name,mis pushpa rajput
name,mis radha regar
name,misbah
name,mishbha sams @ simran
name,mishri lal
name,mishrilaal
name,misri lal
name,miss aanu megwal
name,miss afreen
name,miss alfiya
name,miss anju maida
name,miss badi
name,miss deepika
name,miss deepmala
name,miss elvis sianhoimuan
name,miss geeta salvi
name,miss heera
name,miss kala
name,miss kalapana
name,miss kamlesh
name,miss kanchan
name,miss kanika
name,miss koshalya
name,miss leela
name,miss leela  purohit
name,miss madhu meghwal
name,miss mamta
name,miss manisha
name,miss manju
name,miss manjula
name,miss meena
name,miss monika
name,miss nilofer
name,miss nirmala
name,miss pramila
name,miss rachana
name,miss ramila
name,miss ranjana
name,miss reena
name,miss rekha
name,miss santosh
name,miss seema
name,miss sima
name,miss sunita
name,miss sushila kumari
name,miss. bebi
name,miss. hansa
name,miss. laxmi kumari
name,miss. meera
name,miss. santra
name,mitali
name,mitali sahu
name,mithalesh
name,mithelash
name,mithi urf mamta
name,mithilesh  kumari
name,mithilesh kumar sharma
name,mithlesh
name,mithlesh @ mamta
name,mithlesh kumar
name,mithlesh kumari
name,mithlesh mishra
name,mithlesh sharma
name,mithlesh yadav
name,mithu
name,mithu lal
name,mithu sarkar
name,mithun
name,mithun kumar
name,mithun malakar
name,mitlesh
name,mitlesh kumar mishra
name,mitnu & santhosh
name,mitthu
name,mitthun
name,mittopuri
name,mjudi
name,mmt. meena regar
name,mmta
name,mnisha
name,mnoj sethi
name,mnyak sharma / monu
name,mo nadim
name,mo sarif
name,mo vahid
name,mo- anjum
name,mo. aasif
name,mo. farman
name,mo. firoj
name,mo. safik
name,mobarkar
name,mobin
name,mobsheera haider (shadiya)
name,mod- akram
name,modh danish
name,modh israil
name,modh yakum
name,modh. mustafa
name,Modi
name,mogan
name,mogli
name,moh  farman
name,moh an kumar
name,moh arif
name,moh iqbal
name,moh irfan
name,moh suhel
name,moh.
name,moh. aalam
name,moh. aazad
name,moh. ali
name,moh. harun
name,moh. imran
name,moh. raees
name,moh.jakir
name,moh.javed
name,moh0 umar
name,mohabbat ali
name,mohad islam
name,mohak kaul
name,moham madhav
name,mohamad
name,mohamad abdul matin
name,mohamad awar
name,mohamad faisal
name,mohamad faruk
name,mohamad sahajeet
name,mohamad sajid
name,mohamad umar
name,mohammad afjal
name,mohammad ali
name,mohammad ali imam
name,mohammad gazi khan
name,mohammad humayoun
name,mohammad ishtiaque ahmad
name,mohammad jaan
name,mohammad kaif
name,mohammad nasim
name,mohammad rasid
name,mohammad saraj
name,mohammad shahid
name,mohan
name,mohan @ hemant kumar
name,mohan @ sonu
name,mohan adiwasi
name,mohan dagar
name,mohan devi
name,mohan kumar
name,mohan lal
name,mohan lal saini
name,mohan lal sharma
name,mohan pandey
name,mohan ram
name,mohan sada
name,mohan sharma
name,mohan singh
name,mohan singh meena
name,mohan singh tyagi
name,mohan swaroop
name,mohani
name,mohani @ manika
name,mohani bai
name,mohanlal
name,mohanram
name,mohar singh
name,mohar snigh
name,moharan  devi
name,mohardi
name,mohatter
name,mohd  ashlam
name,mohd  javed
name,mohd .nimat
name,mohd aakib
name,mohd aashiq
name,mohd abusala
name,mohd afzal
name,mohd ahmad @ guddu
name,mohd ahshan
name,mohd akhtar
name,mohd akil
name,mohd ali @ chanki
name,mohd anwar
name,mohd anwar-ul-haq
name,mohd arif
name,mohd arsad
name,mohd ashikeen
name,mohd ashim
name,mohd asif
name,mohd aslam
name,mohd asraf ansari
name,mohd ataullah
name,mohd ayub
name,mohd azad
name,mohd azam
name,mohd chand babu
name,mohd danish
name,mohd faijan
name,mohd faiz
name,mohd faiz @ kallu
name,mohd faraz
name,mohd farhan
name,mohd farman
name,mohd firoz
name,mohd gaffar
name,mohd haider
name,mohd hanif
name,mohd haseef
name,mohd hasnain
name,mohd imran
name,mohd imran @ munna
name,mohd iqbal
name,mohd israr
name,mohd jahid
name,mohd jahoor
name,mohd jaid
name,mohd javed sideki
name,mohd javedh
name,mohd kaif
name,mohd kaim
name,mohd kamaal
name,mohd kamran
name,mohd kashif
name,mohd kausar
name,mohd khairul
name,mohd khalid
name,mohd mahfooz alam
name,mohd masoom billa
name,mohd miraj ansari
name,mohd monish
name,mohd mujahid ansari
name,mohd mukeem
name,mohd mustkeen
name,mohd nadeem
name,mohd nawab
name,mohd nazeer
name,mohd nazim
name,mohd nihal
name,mohd noman
name,mohd parveen
name,mohd parvez
name,mohd rafiq
name,mohd rahim s/o mohd akbar
name,mohd raja
name,mohd rashid
name,mohd rizwan
name,mohd sabbir
name,mohd sabir anjar
name,mohd saddam
name,mohd sadique
name,mohd sahil
name,mohd sajad ali
name,mohd sajim
name,mohd salahuddin
name,mohd salmaan
name,mohd salman
name,mohd samim
name,mohd sarfraj
name,mohd sayyub
name,mohd shahid
name,mohd shakeeb
name,mohd shakib
name,mohd shan
name,mohd shubhan
name,mohd siraz s/o mohd nisar
name,mohd siwam
name,mohd sohaib
name,mohd suhail
name,mohd suleman
name,mohd tanveer
name,mohd tausif
name,mohd ujjam
name,mohd umar
name,mohd useel
name,mohd ushama
name,mohd uved
name,mohd waseem
name,mohd wazir
name,mohd yasin
name,mohd yunus
name,mohd zahid s/o karimudeen
name,mohd zaid
name,mohd zaki
name,mohd zakir
name,mohd.  amjad
name,mohd.  asif
name,mohd.  rajiq
name,mohd. aajam
name,mohd. afzal
name,mohd. ahamad
name,mohd. ahmad
name,mohd. ajim
name,mohd. akhtar hussain
name,mohd. aklim
name,mohd. ali
name,mohd. almas
name,mohd. altaf
name,mohd. amir
name,mohd. arafaat
name,mohd. arbaz
name,mohd. arif
name,mohd. arjoo
name,mohd. arman
name,mohd. asif
name,mohd. aslam
name,mohd. avaz
name,mohd. danish
name,mohd. fahad
name,mohd. farvej sha
name,mohd. fazil
name,mohd. firdoesh
name,mohd. firoz
name,mohd. gulfan
name,mohd. gulzar
name,mohd. habib
name,mohd. haider
name,mohd. hammad ashraf
name,mohd. hanif
name,mohd. hasan ali
name,mohd. iliyas @ firoj
name,mohd. ilyaash
name,mohd. imran
name,mohd. imtiyaz
name,mohd. iqbal
name,mohd. irfan
name,mohd. izhar
name,mohd. jafruddin
name,mohd. jafrul
name,mohd. javed khan
name,mohd. kaif
name,mohd. kaish
name,mohd. kalam
name,mohd. kasim
name,mohd. khalid @  mohd. harish
name,mohd. ladla @ mohd. kaif
name,mohd. latif
name,mohd. lookman
name,mohd. manudeen
name,mohd. marukh
name,mohd. miraj ansari
name,mohd. mukhtaar
name,mohd. munna
name,mohd. mustfa
name,mohd. nafees
name,mohd. nafish
name,mohd. riyaz
name,mohd. rizwan
name,mohd. saheed
name,mohd. sajid
name,mohd. sakil
name,mohd. salim
name,mohd. samad
name,mohd. sameer
name,mohd. samsher
name,mohd. samsuddin
name,mohd. sarfaraz @ farazi
name,mohd. sazzad ansari
name,mohd. shahdab
name,mohd. shakir
name,mohd. sharukh
name,mohd. shokat
name,mohd. sikender s/o
name,mohd. sultan
name,mohd. used
name,mohd. vashim
name,mohd. whied
name,mohd. yusuf
name,mohd.afzal
name,mohd.amir
name,mohd.asif
name,mohd.javed
name,mohd.kudtusu
name,mohd.mujefir
name,mohd.wahid
name,mohhmad shahil ragraj
name,mohini
name,mohini @ mamni
name,mohini singh
name,mohinuddin
name,mohit
name,mohit  thakur
name,mohit @ himanshu
name,mohit @ sumitra
name,mohit @dua ji
name,mohit agnihothri
name,mohit bedi
name,mohit bhatia
name,mohit brig
name,mohit chaudhary
name,mohit chauhan
name,mohit chouhan
name,mohit gupta s/o late. mahananad
name,mohit kausal
name,mohit kumar
name,mohit kumar sharma
name,mohit lakra
name,mohit maan
name,mohit mathur
name,mohit miglani
name,mohit nautiyal
name,mohit parsad uniyal
name,mohit sharma
name,mohit singh
name,mohit yadav
name,mohm. gulbhar
name,mohmad shadi
name,mohmed kanok
name,mohmmad  sarif
name,mohmmd shahid
name,mohni
name,mohseena
name,mohseena biwi
name,mohsin
name,mohsin khan
name,mohsina
name,mohsina begum
name,moin
name,moinuddin @ chand
name,moka
name,mokida
name,molu
name,momena khatun
name,momin
name,momin kureshi
name,momina
name,momina khatun
name,momita dass
name,mona
name,mona @ amrin fatma
name,mona @ mumtaj
name,mona c/o shyam lal r/odadiya ps sanganer sadr
name,mona rathore
name,mona verma
name,monam sharma
name,moni
name,moni devi
name,moni kumari
name,monika
name,monika  kanwar
name,monika  w/o vikash
name,monika @ sonia
name,monika chorasiya
name,monika d/0 gayan chand jain
name,monika kumari
name,monika mehar
name,monika mishra
name,monika munda
name,monika nath
name,monika panchal
name,monika rani
name,monika sharma
name,monika sharma d/o anil kumar
name,monika tyagi
name,monini @ rupa
name,monish
name,monny
name,monti
name,montu
name,montu verma
name,monty @ monu
name,monu
name,"monu ,nanki"
name,monu @ sonu
name,monu agrawal
name,monu agrwal
name,monu alias kallan
name,monu bansal
name,monu chauhan
name,monu gambhir
name,monu giri
name,monu kumar
name,monu@ neeraj
name,monu@arun
name,monupal
name,mony
name,mookan
name,mool chand
name,mool chand goyal
name,mool chand sharma
name,mool chnad
name,moolchand
name,moolchand urf banti
name,moolchul
name,mooldan singh
name,mooli
name,mooli devi
name,moona
name,moral bai
name,morki devi w/o chala ram bheel
name,mosam kumari
name,moshad ali
name,moshin raza
name,moshri
name,mosim
name,mosmi sekh
name,moti devi
name,moti lal
name,moti zariya devi
name,motilaal
name,motilal
name,motolal
name,mousam
name,mousin
name,mr. ashish khandelwal
name,mr. ashok kumar
name,mr. babu lal
name,mr. balveer singh
name,mr. devindra singh
name,mr. fateh singh
name,mr. hera lal
name,mr. himmat singh
name,mr. kamal kumar
name,mr. kishan lal
name,mr. kishan singh
name,mr. lokesh sharma
name,mr. love soni
name,mr. mahendra singh
name,mr. mohamad anwar
name,mr. mohammad  sahed
name,mr. mohan lal keer
name,mr. narender mali
name,mr. narendra  singh
name,mr. pritesh
name,mr. ram chandr sen
name,mr. satyanara
name,mr. shaitan
name,Mr. Sharma
name,mr.bhagchand
name,mrityunjay
name,mrs nanki
name,mrs neha
name,mrs soni
name,mrs. basanti devi
name,mrs. leela
name,mrs. nidhi
name,mrs. sadiya
name,ms babita rai thapa
name,ms bharti
name,ms irshrat
name,ms janky sawra
name,ms leela bai nayak
name,ms. deepa
name,ms. jaioni
name,ms. jayanti (maid)
name,ms. k. satya
name,ms. narbada
name,mubarik
name,mubarik ali
name,mubashir ali
name,mubshshira
name,mudasar
name,mudbir khan
name,mudrika
name,mudrika yadav
name,mudsay
name,mudsir
name,mudssir
name,muhmad aarif s/o mu.hashin appar bhktiyana srinaga
name,mujaffar
name,mujaffar s/o musarraf
name,mujeeb
name,mujibu rehman
name,mukaram
name,mukat singh
name,mukeemuddin
name,mukesh
name,mukesh  @ munna
name,mukesh @ chotu
name,mukesh @ golu
name,mukesh @ kala
name,mukesh aarya
name,mukesh agarwal
name,mukesh banjara
name,mukesh bluni
name,mukesh chand chaturvedi
name,mukesh chaudhary
name,mukesh chaudhry
name,mukesh chauhan
name,mukesh devi
name,mukesh goyal
name,mukesh gujjar
name,mukesh gupta
name,mukesh gurjar
name,mukesh jat
name,mukesh kanwar
name,mukesh kumar
name,mukesh kumar echra
name,mukesh kumar negi
name,mukesh kumar shav
name,mukesh kumar yogi
name,mukesh kuril
name,mukesh mandal
name,mukesh mewara
name,mukesh panjara
name,mukesh ram
name,mukesh s/o late raju
name,mukesh s/o rate ram jat r/o asodha b/garh
name,mukesh singh
name,mukesh sohli
name,mukesh soni
name,mukesh vaishnav
name,mukesh verma
name,mukhtar
name,mukhtar ahamed
name,mukhtar khan
name,mukhtiyar
name,mukhtyar hussain
name,mukhtyar kaur
name,mukhtyar singh
name,mukiman nazir
name,mukish kumar
name,mukkesh
name,mukram
name,muksndi lal
name,mukti
name,mukul
name,mukul @ sonu
name,mukul kumar
name,mukul sharma
name,mukul tiwari
name,mukul verma
name,mukul yadav
name,mukund kumar
name,mukund upadhyay
name,mul chand
name,mul chand kumawat
name,mula ram
name,muli
name,mulina
name,multan singh
name,mum and singh
name,mumtaj
name,mumtaj ahmad
name,mumtaz
name,mumtaz @ babi
name,munajir alam
name,munbura bibi
name,munder lal
name,muneer
name,munender bahuguna
name,munender pratap singh
name,munender singh
name,munesh
name,munesh bhati
name,munesh sharma
name,muni
name,munia
name,munish singhla
name,munjira bibi
name,munkad ali
name,munmun
name,munna
name,munna @ ravi jaiswal
name,munna kawar
name,munna kumar
name,munna kumar @ pankaj
name,munna lal
name,munna lal chohan
name,munna lal jain
name,munna ram
name,munna sanover
name,munna shah
name,munnadevi
name,munnakumar
name,munnawar ali
name,munne alias driver
name,munnem meena
name,munni
name,munni devi
name,munni khatun
name,munni kumari
name,munni sharma
name,munni w/o ami lal
name,munnia
name,munnu
name,munny
name,munshi lal
name,munshi prasad yadav
name,munsi ram
name,muntajar
name,muntiyaj
name,muntjar
name,muntrin
name,muqhtar muslim
name,murad husain
name,murari
name,murari lal maharaj
name,murarilal
name,murjina
name,murli
name,murli dhar
name,murshida
name,mursida
name,murti
name,murti anuragi
name,murtibai
name,musarrat
name,mushir
name,mushir ahmed
name,mushkan
name,mushrraf
name,musibat aki
name,muskaan
name,muskan
name,muskan @ chandni
name,muskan @ juhi
name,muskan @ ruksar
name,"muskan d/o shiv kumar r/o c-78, shivaji park, punj"
name,muskan kannojiya
name,muskan kaur
name,muskan khatun
name,muskan urf suman
name,muskan varma
name,muskan@ruksher
name,muskarn
name,muskhan
name,muskuran
name,muslim
name,muslim shekh
name,musmi
name,musra khatoon
name,musrat
name,mustafa
name,mustafa mandal
name,mustak ahmed
name,mustaq
name,mustikeem khan
name,mustkeem
name,mustkeem ali
name,mustki begam
name,mustkim
name,muzamiil
name,muzim shah
name,muzmil
name,n. kumar
name,na
name,naajim
name,nabal ahamd
name,nabav shekh
name,nabi hussain
name,nabi@ bhura
name,nabijan
name,nabila
name,nachita
name,nadeem
name,nadeem kha
name,nadeem s/o shahanshah
name,nadem
name,nadhim
name,nadim
name,nadir
name,nadir tanzeem
name,naeem
name,naeem khan
name,nafe singh
name,nafeesa
name,nafisa
name,nagaji
name,nagender
name,nagender @ shambhu
name,nagender singh
name,nagendra parihar
name,nagia
name,nagina
name,nagma
name,nagma begam
name,nagma khan
name,nagma khatoon
name,nagma khatun
name,nagma parveen
name,nagma praveen
name,nahani kanwar
name,nahar singh
name,nahid
name,nahid @ huma
name,nahid @ shabia
name,nahid fatima
name,nahida
name,naim
name,naim malik
name,naima
name,naimuddin
name,nain singh
name,naina
name,naina @ geeta
name,naina begum
name,naina bwgum
name,naina kaushik
name,nainshi
name,naisi ram
name,naitik
name,naitik@kanaya
name,najar hussan
name,najara khatun
name,najarana
name,najda khatoon
name,najim
name,najim urf babbu
name,najimuddin
name,najira
name,najis
name,najiya
name,najiya biwi
name,najma
name,najma  & asma
name,najma khan
name,najma khatun
name,najmin
name,najmin banu pathan
name,najni
name,najo
name,najrana
name,najre alam
name,najreen
name,najrin
name,najrin @ soniya
name,najubai nayak 25 years
name,nakched parsad
name,nakul gehlot
name,naman @ bobbi
name,naman jain
name,naman kaushik
name,namarta
name,namarta d/o
name,name
name,name singh
name,nameeta
name,namen khatun
name,namita
name,namita or nimmi
name,namra parvez
name,nana
name,nanagram
name,nanak chand
name,nanak chandu
name,nanak prasad
name,nanak singh
name,nancy
name,nancy saxena
name,nand kanvari
name,nand kishor
name,nand kishor @ nandu
name,"nand kishor, puppu"
name,nand kishore
name,nand lal
name,nand lal bansal
name,nand lal meena
name,nand ram
name,nanda devi
name,nanda meena
name,nandani
name,nandi
name,nandi devi
name,nandini
name,nandini @ meenu
name,nandini devi (  with child 2 year shivam )
name,nandita
name,nandkishore karpenter
name,nandni
name,nandni d/o late jagdish
name,nandram
name,nandu
name,nandu bai
name,nanhe
name,nanhe khan
name,nanhe lal
name,nanhey
name,nanhu khan
name,nanka bhil
name,nankesh
name,nanki @ sukhi
name,nanku prasad
name,nanni
name,nannu ram
name,nannu@jaypal
name,nano sabroon khan
name,nanshi
name,nanu
name,nanu ram
name,nanveet kaur
name,nar singh
name,nar singh thakur
name,narain dass khurana
name,naraini devi
name,narander
name,narayan
name,narayan dass
name,narayan dutt
name,narayan gadri
name,narayan lal
name,narayan parsad bhushal
name,narayan ram
name,narayan rawat
name,narayan sharma
name,narayan singh
name,narayan singh rawat
name,narayani
name,narbada
name,narbahadur
name,narbda
name,narbir
name,narendar
name,narender
name,narender @ khoti
name,narender kaur
name,narender kumar
name,narender kumar gupta
name,narender kumar vajpai
name,narender saini
name,narender sharma
name,narender sharma @ kala
name,narender singh
name,narender@narender bagdi
name,narendera
name,narendra
name,narendra  mishra
name,narendra kumar
name,narendra kumar jain
name,narendra nagda
name,narendra singh
name,naresh
name,naresh @ sudesh
name,naresh @naneha
name,naresh adhikari
name,naresh bai
name,naresh bansal
name,naresh chand @ pappu
name,naresh chaudhary
name,naresh chauhan
name,naresh garg
name,naresh kuamr
name,naresh kumar
name,naresh kumar sharma
name,naresh mehta s/o hansraj mehta
name,naresh paswan
name,naresh sabarwal
name,naresh semwal
name,naresh singh
name,naresh yadav
name,nareshpal
name,nargesh
name,nargis
name,nargis bano
name,nargish
name,nargish w/o
name,narhasi dass
name,narinder
name,narmada
name,narmda
name,naroo orf narayan
name,narpendra singh negi
name,narsa ram mghwal
name,narsingh pal
name,naruram
name,naryan chamaar
name,naryan singh
name,naryani devi
name,nasar ali
name,naseeba
name,naseef
name,naseem
name,naseem ahmed
name,naseem khan
name,naseema
name,naseema khatun
name,nashim
name,nashima
name,nashimuddin
name,nashrin and her daughter jannat (both)
name,nasiar khan
name,nasibu nisha
name,nasim
name,nasim bano
name,nasim banu
name,nasim hathun
name,nasima
name,nasima @ reshma
name,nasir
name,nasir @ lala bhai
name,nasir husain
name,nasir ull khatun
name,nasira bano
name,nasreema khatoon
name,nasreen
name,nasrin
name,nasrin jaira
name,nasruddin @ dinka
name,nasrudeen
name,nasrul
name,nassin
name,natasha
name,natasha bhan
name,natha bhai bachhani
name,nathani mandal
name,nathi bai
name,nathiya devi
name,nathu
name,nathu lal sankhla
name,nathu singh
name,nathu soni
name,nathulal
name,nathuram
name,natthu
name,natthu ram
name,naulakh
name,naulesh
name,nausad
name,naushad
name,naushi
name,naval bai
name,naval jha
name,naval kishore
name,navdeep
name,navdeep kaur
name,navdeep rana @ mani
name,naved
name,naved ali
name,naved noor
name,naveeda
name,naveela
name,naveen
name,naveen @ naresh
name,naveen bansal
name,naveen chandra pandey
name,naveen joshi
name,naveen kumar
name,naveen kumar pandit
name,naveen lal
name,naveen nischal
name,naveen rastogy
name,naveen rawat
name,naveen seithi
name,naveen sharma
name,naveen singh
name,naveena
name,navendra
name,navi alam
name,navin kumar gutam
name,navin kumpawat
name,navita
name,naviya
name,navjat
name,navjoot
name,navleen kaur d/o
name,navneet
name,navneet giri
name,navneet kaur
name,navneet singh negi
name,navnit garg
name,nawab
name,nawab @ kallu
name,nawab ali
name,nawab hussain
name,nawal kishore
name,nawaz sarif
name,nawed
name,nayaka rahman
name,nayamati
name,nayan saikh
name,nayana kumari
name,nayeem
name,nayna
name,nazahat
name,nazani
name,nazeem
name,nazia
name,nazia firdosh @ khushboo
name,nazia khan
name,nazibuneesha @ shayba
name,nazim
name,nazima
name,nazir ahmed
name,nazir ali
name,nazira
name,nazirul
name,naziya
name,naziya siddiqui
name,nazma
name,nazma khatoon
name,nazmaa
name,nazmin
name,nazmuslam
name,nazneen bi
name,nazrana
name,nazreen
name,nazrin
name,neaha
name,neela kumari
name,neelachal
name,neelajan sen
name,neelam
name,neelam  harijan
name,neelam @ munni
name,neelam @ neelu
name,neelam devi
name,neelam joshi
name,neelam kaur
name,neelam kour @ soni
name,neelam mehta
name,neelam mentily ritayard
name,neelam rani
name,neelam with 4 years baby sukhmani
name,neelam yadav
name,neeli nirmala
name,neelima
name,neelkant sharma
name,neelu
name,neema mishra
name,neema rebari
name,neemi
name,neeraj
name,neeraj @ neetu
name,neeraj bhatt
name,neeraj chauhan
name,neeraj gupta
name,neeraj jain
name,neeraj kalra
name,neeraj kandari
name,neeraj kashyap
name,neeraj kishore
name,neeraj kumar
name,neeraj kumar verma
name,neeraj kumari
name,neeraj sahgal
name,neeraj sharma
name,neeraj shokeen
name,neeraj singh
name,neeraj verma @ chotu
name,neeraj yadav
name,neeru
name,neesa
name,neesha
name,neeshu
name,neeta
name,neeta devi
name,neeta@narayani gayri
name,neeti
name,neetu
name,neetu @ gaytri
name,neetu @ guddi
name,neetu @ kajal
name,neetu devi
name,neetu goyal
name,neetu kapoor
name,neetu kumari
name,neetu pandit
name,neetu sain
name,neetu sharma
name,neetu sharma with a child
name,neetu yadav
name,neeven kakkar
name,neha
name,neha  gupta
name,neha @ baby
name,neha @ monti
name,neha @ neelam
name,neha @ prachi
name,neha bhatia
name,neha chopra
name,neha dabas
name,neha dhiman
name,neha goswami
name,neha gupta
name,neha huq
name,neha jain
name,neha kumari
name,neha mani
name,neha pandey
name,neha parveen
name,neha sharma
name,neha siddiki
name,neha singh
name,neha singh @ nanu
name,neha suman
name,neha thakur
name,neha verma @ deepa
name,neha w/o hem singh
name,nehal
name,nehal kumari
name,neharika @ neha
name,nej bahadur thapa
name,nek mohd.
name,neki ram
name,nekki
name,nelam bhatt
name,nemsi
name,nena
name,nency
name,nenhe sidhque
name,neni
name,nenshi
name,nensi obroy
name,nepal
name,neraj
name,neraj @ pooja
name,nesha
name,netra pal singh
name,netra singh
name,netram
name,netram yadav
name,netrapal
name,newal kishor
name,nibha kumari
name,nibo devi
name,nicharon mosami
name,nida
name,nidhi
name,nidhi d/o late jagat singh
name,nidhi jaysika
name,nidhi kumari
name,nidhi with mother rekha
name,nigar khan
name,nihal singh
name,nihalchand
name,nijam
name,nijamuddin
name,nijamudeen
name,nikahat
name,nikhad
name,nikhat
name,nikhat khatoon
name,nikhil
name,nikhil chauhan
name,nikhil chopra
name,nikhil dhariwal
name,nikhil kr sharma
name,nikhil kumar
name,nikhil saini
name,nikhil shukla
name,nikhil tyagi
name,nikhil urf jimmi choudhri
name,nikhil yadav
name,nikhleshwar bhagat
name,nikil mishra
name,nikita
name,nikita @ sweety
name,nikita pahlwani
name,nikita senger
name,nikita@niki
name,nikkhar
name,nikki
name,nikki kumari
name,nikki sharma
name,nikky
name,nikky singh
name,niksiya
name,nila
name,nila madhava hagglund
name,nilam
name,nilam bhoi
name,nilam devi
name,nilam kumawat
name,nilam sharma
name,nilam singh
name,nilesh
name,nilofar
name,nilu giri
name,nimahe mandal
name,nimesh narwani
name,nimla sharama
name,nimmy
name,nini
name,nipam
name,nipun atnari
name,nipun rathee
name,niraj
name,niraj sahu
name,niranjan
name,niranjan choudhary
name,niranjan day
name,niranjan lal saini
name,nirbhay tiwari
name,nirja
name,nirjala
name,nirjla devi
name,nirma
name,nirma devi bawari
name,nirmal
name,nirmal @ neetu
name,nirmal adhikari
name,nirmal kaur
name,nirmal kour
name,nirmal kumar
name,nirmal nepali @ karan
name,nirmal yadav
name,nirmala
name,nirmala gupta
name,nirmala kumari
name,nirmaljeet singh
name,nirmla
name,nirmla devi
name,nirmla koli
name,nirosha
name,niru
name,nirutma
name,nirvat
name,nirwat
name,nisa shekhavat
name,nisar @ master
name,nisar ahamad
name,nisat parveen
name,nischaya
name,nisha
name,"nisha ,"
name,nisha @ chinu
name,nisha @ neeshu
name,nisha @ ninu
name,nisha @ pooja
name,nisha @ sonu
name,nisha @ unknown
name,nisha aggarwal
name,nisha alongwith muskan age-3 yrs.
name,nisha bano
name,nisha devi
name,nisha hajra
name,nisha joshi
name,nisha kandwal
name,nisha kapoor
name,nisha khurshid
name,nisha kumari
name,nisha parveen
name,nisha pradhan
name,nisha rani
name,nisha saini
name,nisha sharma
name,nisha sharma w/o rajesh sharma
name,nisha singh
name,nisha thakur
name,nisha@neelam
name,nishal
name,nishant
name,nishant @ monti
name,nishant kumar
name,nishant prashad@anshu (with mother)
name,nishant sharma @ gaurav
name,nishant tyagi
name,nishant@ chintu
name,nishar
name,nishith bhattacharya
name,nishtha jain
name,nishu
name,nishu kumari
name,nitam
name,nitasha
name,nitesh
name,nitesh kumar
name,nitesh shyam
name,nithyanandham
name,niti
name,nitika
name,nitin
name,nitin  or rohit
name,nitin @ bhura
name,nitin @ nishu
name,nitin @neeraj
name,nitin chahal
name,nitin dixit
name,nitin gupta
name,nitin jain
name,nitin kumar
name,nitin mohan
name,nitin parkash
name,nitin sharma
name,nitin shukla
name,nitin verma
name,nitin@ babu
name,nitish
name,nitish bhardwaj
name,nitish kumar
name,nitish negi
name,nittin rana
name,nitu
name,nitu @ chander pati
name,nitu @ gudiya
name,nitu @ kalu
name,nitu hada
name,nitu kumari
name,nitu pipliwal
name,nitu rani
name,nitu sharma
name,niwas
name,niyaaz khan
name,nizam
name,nizamuddin @ monu
name,njare alam
name,noni
name,noojo khatoon
name,noomi firdos
name,noor aalam
name,noor ahmad
name,noor ahmed
name,noor alam
name,noor bano
name,noor hasan
name,noor hassan
name,noor islam
name,noor jah
name,noor jala
name,noor jha
name,noor mho
name,noor mhoomad
name,noor mohammad
name,noor shahid
name,noor subha @ heena
name,noora @ kabadi
name,nooralam
name,nooralha
name,noore alam
name,nooreen aarsi
name,noori
name,noorin
name,noorjaha
name,noorjahan
name,noorjama @ tukun
name,noorjhan
name,noornabi
name,noorpa khatoon
name,nooruddin
name,nootan
name,nootan prakash yadav
name,noreen khan
name,norti
name,nosad
name,nosar
name,noshad
name,nosi
name,not available
name,not known
name,novisha
name,nrendr
name,nrotam dat
name,nshima
name,ntasha
name,numesh kumar
name,nupur
name,nupur gupta
name,nupur somi
name,nur ahmad
name,nuraish
name,nurbi
name,nurjaha
name,nursa khatoon
name,nusrant
name,nusrat
name,nusrat jahan
name,nusrat parveen
name,nutan
name,nutan sharma
name,nwed
name,ojas
name,oli ahmad
name,om
name,om beer singh
name,om pal
name,om parkash
name,om parkash ahuja
name,om parkash yadav
name,om prakash
name,om prakash jat
name,om prakash maheshwari
name,om prakash mishra
name,om prakash tyagi
name,om prakash urf uma
name,oma
name,ombeer
name,ombir singh
name,omender
name,omendra
name,omendra singh rajpoot & kana
name,omesh
name,omeshkumar urf raju meena
name,omi
name,omjone ibanuil
name,omkar
name,omkar singh
name,ompal
name,omparkash
name,omparkesh
name,omparsad
name,ompati
name,omperkash
name,omprakash
name,omprakash @ golu
name,omprakash chamoli
name,omprakash pandit
name,omprakash s/o balsingh
name,omprakash sharma
name,omprakesh
name,omprkash
name,omprkesh
name,omveer
name,omwati
name,omwati @ aasha
name,one day male baby
name,onginye gift okofor
name,opendar singh @ tinkal  rajpoot
name,osier
name,ovaish
name,p dinesh raju
name,p ramkumar
name,p s eswaran
name,p. murgesh
name,p. subramani
name,p.kamesh
name,pabitra bhoi
name,pabu dan
name,pabu devi
name,pachuram  verma
name,padam
name,padam bahadur s/o karan
name,padam chand
name,padam singh
name,padama bai luhar
name,padma
name,padma devi
name,pahalwan singh
name,paka kanda swamy
name,pakhali @ jita
name,palak
name,palak @ simran
name,palaram
name,pallavi
name,pallavi panchal
name,pallawi verma
name,pallu
name,pallvi
name,palvi sharma
name,palvinder kaur
name,pamjeet kaur
name,pammi
name,pammy kumari
name,pampa mukharji
name,panaj
name,pancham
name,panchhi ramji
name,panchi
name,panchi lal
name,panchma
name,panchoo bhahi
name,panchu
name,panchuram meena
name,panchuri
name,pancu
name,pandit ram niwas
name,pandu rang
name,pangita
name,pankaj
name,pankaj  chobe
name,pankaj  kumar
name,pankaj @ gaya
name,pankaj @ parveen
name,pankaj baisla
name,pankaj chand
name,pankaj chaudhary
name,pankaj dhami
name,pankaj dhiman
name,pankaj gautam
name,pankaj gupta
name,pankaj jina
name,pankaj kumar
name,pankaj lal kumar
name,pankaj malik
name,pankaj mehra
name,pankaj mishra
name,pankaj ratori
name,pankaj rawal
name,pankaj saini
name,pankaj sehgal
name,pankaj sharma
name,pankaj singh negi
name,pankaj taren
name,pankaj tomar
name,pankaj yadav
name,pankajsheel
name,panku
name,pankuj bansal
name,panmati
name,panna lal
name,panna lal @ sumit
name,pannalal
name,pannu
name,papa rao
name,papiya dass
name,papp
name,pappe das
name,pappu
name,pappu @ gurmeet
name,pappu @ mahender singh
name,pappu @ man mohan kumar
name,pappu @ raju
name,pappu joseph
name,pappu kumar
name,pappu kumar  mandal  s/o gopal parsad mandal
name,pappu mandal
name,pappy
name,papu devi
name,papuu luhar
name,para
name,param
name,paramdeep kaur
name,paramjeet
name,paramjeet kaur
name,paramjeet kaur @ aasha
name,paramjeet kour
name,paramjeet s/o ishaklal
name,paramjeet singh
name,paramjit
name,paramjit kaur
name,paramjit singh
name,paramshela
name,paramveer urf chintu
name,paras
name,paras chawla
name,parash das
name,parashram
name,parashu ram sharma
name,parathvi raj
name,paratibha
name,parbha
name,parbha devi
name,parbhat
name,parbhat jha
name,parbhu dayal
name,parbhu sahni
name,parbhudayal
name,pardeep
name,pardeep @ monu
name,pardeep @ sonu
name,pardeep @rahul
name,pardeep adak
name,pardeep goyal
name,pardeep hemraj
name,pardeep kumar
name,pardeep kumar mathur
name,pardeep mohauti
name,pardeep saini
name,pardeep singh
name,pardep kumar meena
name,pardeshi
name,pardhuman kumar gupta
name,pareen bhardwajd
name,pareeti
name,parem devi urf gothi
name,parem varma
name,parerna
name,pargat singh
name,pargati thakur
name,parhalad yadav
name,pari
name,pari mohmad
name,pariksha
name,parinka
name,pariti  kumari
name,parjinder singh
name,parkash
name,parkash @ sagar
name,parkash agarwal
name,parkash kaur
name,parkash kumar
name,parlad pilly
name,parmanand
name,parmeshwar
name,parmeshwar das
name,parmeshwari
name,parmeswari
name,parmila
name,parmila sona
name,parmila with a child mahak
name,parminder
name,parminder singh
name,parminder singh @ ajuba
name,parmita
name,parmita ray
name,parmjeet kaur /pammo
name,parmjeet rai
name,parmo kumar jain
name,parmod
name,parmod  kumar
name,parmod kamat
name,parmod kumar
name,parmod kumar pal
name,parmod s/o  ganga shran
name,parmod sharma
name,parmod tiwari
name,parmodh
name,parmood
name,parnav kumar
name,parniti
name,paro
name,parsanjeet sarkar
name,parsann  bai
name,parsant
name,parshant sharma
name,parshotam ram
name,parshu ram singh
name,parsi devi
name,parsnath
name,parsuram prasad
name,partab chand soni
name,partap
name,partap @ pappu
name,partap singh
name,parteek
name,parth
name,parth madan
name,partibha
name,partik kumar
name,partik munchal
name,partima
name,partul gautam
name,partyush gupta
name,paru devi
name,parul
name,parul devi
name,parvashi
name,parvati
name,parvati bai
name,parveen
name,parveen  kumat saini
name,parveen @ punit
name,parveen @ puran
name,parveen aggarwal
name,parveen kaur @ simi
name,parveen khatun
name,parveen kumar
name,parveen sha
name,parveen suyal
name,parveena
name,parvej
name,parvej ahmed
name,parvej alam
name,parven
name,parven devi
name,parvesh
name,parvesh @ poni
name,parvesh kumar
name,parvesh kumari
name,parvesh@pankaj
name,parvez
name,parvin bano
name,parvinder
name,parvinder @ manoj
name,parvinder kaur
name,parvinder singh
name,parvti urf tunni
name,parwati
name,parwati balai
name,parwati devi
name,parwati meena
name,parwati rawat
name,paryanka
name,pasanjeet
name,patan dev mehto
name,pataso devi
name,patav
name,patender
name,patik@monu
name,patras massey@ chhuttan
name,patric meter
name,paul nepal
name,pavan
name,pavan kumar
name,pavan kumar aggarwal
name,pavan kumar sharma
name,pavan sharma
name,pavi
name,pavitra
name,pavnesh
name,pawan
name,pawan @ pintu
name,pawan alias lakshman
name,pawan bay
name,pawan dhyani
name,pawan dixit
name,pawan gupta
name,pawan jangir
name,pawan kumar
name,pawan kumar @ sanu
name,pawan kumar @ sonu
name,pawan kumar chourasiya
name,pawan kumar gupta
name,pawan kumar sharam
name,pawan kumar shri vastav
name,pawan lakhwani
name,pawan malhotra
name,pawan meghwal
name,pawan preet kaur
name,pawan rana
name,pawan saini
name,pawan saini alongwith rohit age 2.6 yrs
name,pawan singh
name,pawansingh
name,pawna
name,pawni
name,payal
name,payal ahari
name,payal goyala
name,payal jain
name,payal kanvar
name,payal kumari
name,payal kumari jain
name,payana nagar
name,pear bano
name,peena
name,peentu
name,peenu
name,peer mohmmad
name,pemaram
name,penzin kunga
name,pera chandra
name,perdeep
name,perkash
name,permeshwar parsad
name,perveen kumar
name,pervez aalam
name,pervinder
name,phakir  chand
name,phalguni
name,pharjana
name,philomina
name,phirdos alam
name,phol bano
name,phol kumari
name,phol kumari devi
name,pholwati
name,phool chand
name,phool kumari
name,phool kuwar @ mangal singh
name,phool watiya devi
name,phoola
name,phooleshwar yadav @ babu lal
name,phooli devi
name,phoolla
name,phoolmani
name,phoolo passwan
name,phoolwanti
name,phoolwati
name,phoolwati @ phoolo devi
name,phul kumari
name,phulbi
name,phulkana
name,pinkey
name,pinki
name,pinki  bai
name,pinki  kumari
name,pinki @ rukhsar
name,pinki bai
name,pinki bhui @ rinki bhui
name,pinki chanda
name,pinki devew/0
name,pinki devi
name,pinki gupta
name,pinki kumari
name,pinki mishra
name,pinki patwari
name,pinki sharma
name,pinki yadav
name,pinkoo @ guddu
name,pinku
name,pinku devi with daughter mansi kumari
name,pinku kanwar
name,pinky
name,pinky @ monika
name,pinky @ rahul
name,pinky devi
name,pinky kawar
name,pinky meena
name,pinky verma
name,pinky w/o bejander balmiki r/o surkhpur jjr
name,pinttu
name,pintu
name,pintu  chaudhary
name,pintu devi
name,pintu kumar
name,pintu meghwal
name,pintu saini
name,pintu tarfdar
name,pintu thakur
name,pirmika tirkey
name,piroj
name,piryanka
name,pista
name,pitar topo
name,pitika
name,piuesh
name,piyari
name,piyus
name,piyush
name,piyush @ kalu
name,piyush anand
name,piyush kalra
name,piyush mehto
name,piyush singh
name,poga
name,pokhar das
name,poma ram
name,poneem
name,pooga
name,pooja
name,pooja  d/o
name,pooja ( with child )
name,pooja @ chunnu
name,pooja @ hemlata
name,pooja @ kalpana
name,pooja @ meera
name,pooja @ neha
name,pooja @ nishal
name,pooja @ puspa
name,pooja @ rajiya
name,pooja @aafrin
name,pooja & his daughter partigya
name,pooja arora
name,pooja bairva
name,pooja bairwa
name,pooja bhandari
name,pooja bhatt
name,pooja chaudhry
name,pooja chauhan
name,pooja chawriya
name,"pooja d/o ramrati r/o govt school, ladpur,delhi"
name,pooja devi
name,pooja garg
name,pooja gop
name,pooja goyal
name,pooja gujar
name,pooja gupta
name,pooja gurjar
name,pooja handa
name,pooja jayshwal
name,pooja jonwal
name,pooja kanwar
name,pooja kashyap
name,pooja khatri
name,pooja kumari
name,pooja mahli
name,pooja maindai
name,pooja mehut
name,pooja pal
name,pooja pandey
name,pooja pandya
name,pooja panwar
name,pooja prajapati @ pratibha
name,pooja raghav
name,pooja rani
name,pooja rani and munna goswami
name,pooja rani dass
name,pooja rathor
name,pooja saini
name,pooja sharma
name,pooja shrama
name,pooja soni
name,pooja soren
name,pooja taneja
name,pooja verma
name,pooja w/o dharambir
name,pooja w/o mahender
name,"pooja with three child (vikash,aakash,khushi)"
name,pooja@neha
name,pooja/varsha
name,poojadevi
name,pool kumari
name,poonam
name,poonam  kewat
name,poonam @ anita
name,poonam @ muskan
name,poonam @ neelam
name,poonam @ pinki
name,poonam @ purnima
name,poonam chand
name,poonam d/o bheem singh
name,poonam das
name,poonam devi
name,poonam gupta
name,poonam kewat
name,poonam kumar
name,poonam kumari
name,poonam mishra
name,poonam rai
name,poonam rani
name,poonam sharma
name,poonam soni
name,poonam w/o
name,poonam w/o indraj
name,poonam yadav
name,pooran chand
name,pooran chand sharma
name,pooran singh saini
name,pooranmal
name,poornima
name,popinder
name,poshetty gajjala
name,pphola
name,prabhakar
name,prabhakar bisi
name,prabhakar pandey
name,prabhash yadav
name,prabhat
name,prabhatilal
name,prabhatyashi urf harsit
name,prabhila @ gudia
name,prabhjeet singh
name,prabhjit singh
name,prabhjot kaur
name,prabhu
name,prabhu dayal
name,prabhu dayal sharma
name,prabhu lal
name,prabhu swaroop
name,prabhudayal
name,prableen kaur @ cherry
name,prachi
name,prachi  sharma
name,pradeep
name,pradeep @ chagul
name,pradeep @ pankaj
name,pradeep @ sunny
name,pradeep aggarwal
name,pradeep agrawal
name,pradeep gupta@pintu
name,pradeep kumar
name,pradeep kumar chauhan
name,pradeep kumar sharma @ deepu
name,pradeep lakhera
name,pradeep mehta
name,pradeep rawat
name,pradeep saini
name,pradeep shah
name,pradeep singh
name,pradeep yadav
name,pradeep@kale
name,pradep
name,pradep kumar
name,prafhool pandey
name,praful naag
name,pragati singh
name,pragti
name,prahlad
name,prahlad prasad
name,prahlad sharma
name,prakash
name,prakash chand
name,prakash chand meena
name,prakash gupta
name,prakash lal gupta
name,prakash meena
name,prakash prajapt
name,prakash regni
name,prakash soni
name,prakesh
name,prakesh gupta
name,prakul
name,pram jeet dabas
name,pram prkash sharma
name,pramal mishra
name,pramatma pandey
name,prameela
name,prameshwar
name,prami
name,pramil
name,pramila
name,pramila katara
name,pramila urf pinki
name,pramjeet
name,pramjot singh
name,pramod
name,pramod @ popat
name,pramod choudhary
name,pramod gupta
name,pramod kumar
name,pramod kumar s/o
name,pramod kumar tiwari
name,pramod mahashay
name,pramod mehto
name,pramod mishra
name,"pramod mishra s/o devi prasad mishra r/o 330, j bl"
name,pramod paswan
name,pramod shrama
name,pramod tyagi
name,pramood
name,prankur dobhal or  monu
name,prannab dey
name,pransis kallu
name,prasant
name,prasant kumar
name,prasant tiwari
name,prasanta
name,prashanat chabra @ deepak chabra
name,prashansa
name,prashant
name,prashant jain
name,prashant kumar
name,prashant lakhera
name,prashant mishra
name,prashant yadav
name,pratap singh
name,prateek bahl
name,prateek bhaskar
name,prateek kumar tiwari
name,pratha
name,prati
name,pratibha
name,pratibha devi
name,pratibha pareek
name,pratiksha @ sanjali muram
name,pratima and her son aakash
name,pratima pandey
name,pratul chatarjee
name,praveen
name,praveen @ khushboo
name,praveen @ neetu
name,praveen @ puran
name,praveen @ vinay
name,praveen bano
name,praveen bharti
name,praveen jain
name,praveen kumar
name,praveen kumar @papees
name,praveen kumar chauhan
name,praveen kumar girdhar
name,praveen kumar pal
name,praveena
name,praveena bai
name,pravendra
name,pravendra singhal
name,pravesh
name,pravin kasana
name,pravindra singh
name,prayatan prabhas
name,prdeep
name,prdeep soni
name,pree
name,preena parbhakar
name,preet
name,preet kumar
name,preetam kumar
name,preetam singh
name,preeti
name,preeti   @    radha
name,preeti  kumari
name,preeti  sharma
name,preeti @ reetu
name,preeti @monu
name,preeti bharti
name,preeti chaudhary
name,preeti chopra
name,"preeti d/o daulat ram r/o a-629, jj colony madipur"
name,preeti d/o sahab singh
name,preeti devi
name,preeti gupta
name,preeti joshi
name,preeti kaur
name,preeti khosla
name,preeti kumari
name,preeti singh
name,preeti wadhva
name,preeti with a madhuri
name,preety
name,preety hans
name,preety malhotra
name,prem
name,prem bai
name,prem ballabh
name,prem chand
name,prem chandra joshi
name,prem devi
name,prem giri pradhan ji
name,prem kishore
name,prem kumar
name,prem kumar sharma
name,prem kuwar
name,prem lal
name,prem lata
name,prem nath
name,prem nath pandey
name,prem pal
name,prem parkash seth
name,prem ranjan benerjee
name,prem shaksana
name,prem singh
name,prem singh bidla
name,prem singh bisht
name,prem singh chauhan
name,prem singh negi
name,prem wati
name,prema devi
name,premature devi @ neetu
name,premawati
name,premchand
name,premi
name,premi devi
name,premjit kaur
name,premla  or soni
name,premlata
name,premnarayan
name,premo devi
name,prempal
name,premsingh
name,premwati
name,premwati@radha
name,prete
name,preti
name,preyank
name,preyojit nath
name,prezi
name,prhalad kumar
name,priju
name,prince
name,prince @ pungari
name,prince kumar
name,prince shonak
name,prince singh
name,prince verma
name,prinka
name,prinka bhanshali
name,prinka jha
name,prinka shrma
name,prinkaya @ pinki
name,prinkya ragav
name,prinsh
name,pritam
name,pritam kaur
name,pritam singh
name,pritee
name,prithvi chand
name,priti
name,priti @ minakshi
name,priti @doli
name,priti gujrati
name,priti kaur
name,priti priya
name,priti rawat
name,priti sagar
name,priti suman
name,priti tomar
name,priti yadav
name,pritibha adrash
name,pritika
name,pritika  kumawat
name,prittam dass
name,prity
name,priya
name,priya  chturvedi
name,priya @  himanshi
name,priya @ nandani
name,priya @ sonu
name,priya @ sonu d/o
name,priya @ sushma
name,priya devi
name,priya dhingra
name,priya gahlot
name,priya gautam
name,priya gupta
name,priya jain
name,priya kaur
name,priya kaur sandhu
name,priya kmari maurya
name,priya kumar
name,priya kumari
name,priya mali
name,priya mishra
name,priya rawat
name,priya sexena
name,priya urf laxmi devi with her son
name,priyak davi
name,priyaka
name,priyaki rav
name,priyanka
name,priyanka  jatav
name,priyanka  kumari
name,priyanka - pinki
name,priyanka @ anjali
name,priyanka @ khushboo
name,priyanka @ maruti
name,priyanka @ pinki
name,priyanka @ pinky
name,priyanka @ priya
name,priyanka bagcdani d/o gulab bagcdani r/o 11/95 c.h
name,priyanka chaturvedi
name,priyanka chauhan
name,priyanka d/o
name,priyanka das
name,priyanka dhama
name,priyanka jat
name,priyanka kumari
name,priyanka lohiya
name,priyanka mal
name,priyanka mandal
name,priyanka rani
name,priyanka rawat
name,priyanka sagar
name,priyanka sharma
name,priyanka soni
name,priyanka tirki
name,priyanka w/o mahesh purve
name,priyanka with a child tusar
name,priyanka with sangeeta d/o om parkash aged 18 yrs
name,Priyansh
name,priyanshu
name,priyansi
name,priyansu jain
name,priynka
name,priynka katara
name,prkesh veer @ babuu
name,prmod paswan
name,promila gobe
name,prsant
name,prshant
name,prya @ choti
name,pryanika
name,pryanka
name,pryanka @ soni
name,pryanka god
name,pryinka
name,puja
name,puja @ gudiya
name,puja chauhan
name,puja devi
name,puja kanvar
name,puja salvi
name,puja sawariya
name,puja sharm
name,puja urf rekha
name,"puja with son-ishant, daughter-diya"
name,puja yadav
name,puja@rakhi
name,pujja
name,pukharam
name,pulita
name,pulkit
name,pulkit sharma
name,punam
name,punam kumari
name,punam mishra
name,punam shakya
name,punarjyoti lahiri
name,puneet
name,puneet @ arun
name,puneet chawla
name,puneet jain
name,puneeta
name,punia
name,punit
name,punit gupta
name,punit khandelwal
name,"punit kumar @ ankur m.no.-7404660980, 9813186044."
name,punit sharam
name,punit sharma
name,punit yadav
name,punita
name,punkaj
name,punnet
name,punni devi
name,puran
name,puran  singh
name,puran chand
name,puran chand joshi
name,puran chandra bahuguna
name,puran mal
name,puran rai
name,puran regar
name,puran singh
name,puran singh rastogi
name,puran singh rawat
name,puranmal
name,purnima
name,purnima @ priya
name,purnima devi
name,purnima ghose
name,purnima gosawmi
name,purnima thapa
name,purnmal
name,purva
name,pusgpender
name,pushank
name,pushapa
name,pushkar
name,pushkar koshik
name,pushpa
name,pushpa bhil
name,pushpa brahman`
name,pushpa devi
name,pushpa gyhelot
name,pushpa hatwal
name,pushpa jha
name,pushpa kumari
name,pushpa lamoon
name,pushpa rani
name,pushpa sahu
name,pushpa sinha
name,pushpa soni
name,pushpa tejshri
name,pushpa thapa
name,pushpan
name,pushpanjali nayak
name,pushpawati
name,pushpender
name,pushpender kaur @ khushi
name,pushpendr
name,pushpendra
name,pushpendra singh rathore
name,puskar singh
name,puskar singh dhami
name,puspa
name,puspa mintiz
name,puspa& rekha
name,puspak kandpal
name,puspendar
name,puspender
name,puspha
name,puswa swami ratan
name,putulu devi
name,pyar mohmad
name,pyare lal
name,pyarelal
name,pyari
name,r .k. dahmi
name,rabhida
name,rabin
name,rabina
name,rabina khatoon
name,rabina khatun
name,rabita
name,rabiya
name,rabpreet singh
name,rachana
name,rachana mishra
name,rachana yadav
name,rachna
name,rachna @ aarti
name,rachna sharma
name,rachna with her son tushar age- 9 year
name,rachna(with baby boy)
name,rachnu
name,rachpreet kaur
name,rada
name,rada bai
name,rada sharn
name,radat shyam
name,radesyam
name,radha
name,radha @ pappu
name,radha @ pinki
name,radha @ sonam
name,radha bai
name,radha d/o
name,radha devi
name,radha devi & with her daughter nandini age- 6 mont
name,radha kishan  yadav
name,radha raman
name,radha sharma
name,radhab kumari
name,radhabai
name,radhadalal
name,radhamohan
name,radhe shyam
name,radhesayam
name,radheshyam
name,radheshyam gupta
name,radheshyam sen
name,radhey shyam
name,radhey shyam sachdeva
name,radhey shyam verma
name,radheyshyam saini
name,radhika
name,radhika bhatia
name,radhika jain
name,radhika muktan
name,radhika pal
name,radhyshyam
name,radikha
name,raeeyan
name,rafal singh
name,rafat yashmeen
name,rafeddin
name,rafi
name,rafiq
name,rafiq ahmed
name,raghav sharma
name,raghbir
name,raghu sahu
name,raghubeer singh
name,raghubir singh
name,raghubir singh fauji
name,raghunandan das
name,raghunandan pawar
name,raghuveer
name,raghuveer singh
name,raghuvinder kaur bhatia
name,raghuvir
name,ragib
name,ragina
name,ragini
name,ragni
name,ragwender sharma
name,rahat
name,raheesh
name,rahi@ beby
name,rahil
name,rahil perveen
name,rahila maqbool
name,rahim
name,rahimuddin
name,rahimun nisha w/o abdul kadir
name,rahina
name,rahis ahmed
name,rahish
name,rahish ahmad
name,rahish kha
name,rahishudeen
name,rahisuddin
name,rahmat @ tinku
name,rahmat ali
name,rahnuma
name,rahu kumar
name,rahul
name,rahul @ bhola
name,rahul @ boby
name,rahul @ bunty
name,rahul @ joni
name,rahul @ ravinder
name,rahul @ vijay
name,rahul @ vimalesh
name,rahul bhaskar
name,rahul bhiram
name,rahul chauhan
name,rahul dhawan
name,rahul drall
name,rahul dubey
name,rahul gupta
name,rahul jain
name,rahul kaushik
name,rahul kumar
name,rahul kumar @ honny
name,rahul kumar tiwari
name,rahul mishra
name,rahul nath gupta
name,rahul nath joshi
name,rahul pandey
name,rahul parikh
name,rahul paswan
name,rahul pratap
name,rahul rawat
name,rahul roy
name,rahul sagar
name,rahul shah
name,rahul sharma
name,rahul shrivastav
name,rahul shukla
name,rahul singh
name,rahul singh bisht
name,rahul sisodiya
name,rahul tiwari
name,rahul tyagi
name,rahul verma
name,rahul vijay
name,rahul yadav
name,rahul@akash
name,rai singh
name,rainu
name,raisha bano
name,raishma
name,raisingh
name,raisuddin
name,raj
name,raj  kohli
name,raj @golu
name,raj & pani devi
name,raj a
name,raj bahadur
name,raj bai
name,raj bala @ bharati
name,raj dev singh
name,raj dhameja
name,raj kamal
name,raj kapoor
name,raj karan
name,raj kaur
name,raj kishor
name,raj kishor mishra (work kartar ply wood factory kh
name,raj kishore
name,raj kumar
name,raj kumar  (chotu)
name,raj kumar @ kale
name,raj kumar @ raju
name,raj kumar choudhry
name,raj kumar meena
name,raj kumar mishra
name,raj kumar saraf
name,raj kumar sethi
name,raj kumar yadav
name,raj kumare
name,raj kumari
name,raj kumari @ laxmi
name,raj kumari @ moni
name,raj kumari yadav
name,raj kumer
name,raj pal
name,raj ram
name,raj rani
name,raj shabnam
name,raj shri
name,raj tilak
name,raj u parshad s/o dagru parshad
name,raj upadhyay
name,raja
name,raja @ vikash
name,raja babu
name,raja devi
name,raja kumar
name,raja kumar thakur
name,raja muttu
name,raja ram
name,raja ravidas
name,raja rawat
name,rajam singh
name,rajan
name,rajan @ nazibula khan
name,rajan kumar
name,rajan verma
name,rajani
name,rajani ure priti
name,rajani yadav
name,rajanti meena
name,rajaram
name,rajaram @ radhey
name,rajaram nayak
name,rajat
name,rajat dahiya
name,rajat garg
name,rajat gupta
name,rajat kuamr
name,rajat kumar
name,rajat maheshwari
name,rajat ragahv
name,rajat sarma
name,rajat tyagi
name,rajbala
name,rajbala sharma
name,rajbeer
name,rajbir
name,rajbir ahlawat
name,rajbir singh
name,rajbir@changa
name,rajbiri
name,rajdev
name,rajdev bind
name,rajdut
name,rajeena
name,rajeet kumar singh
name,rajeev
name,rajeev @ neetu
name,rajeev dutt
name,rajeev giri @ raju
name,rajeev gupta
name,rajeev jha
name,rajeev kumal
name,rajeev kumar
name,rajeev kumar @ sandeep
name,rajeev kumar sehti
name,rajeev kumar@ raju
name,rajeev lochan
name,rajeev luka
name,rajeev sharma
name,rajeev singh
name,rajeev sirohi
name,rajeev verma
name,rajend
name,rajendar prasad
name,rajendar sen
name,rajendar shing
name,rajendar singh
name,rajender
name,rajender @ kaku
name,rajender goyal
name,rajender joshi
name,rajender kand pal
name,rajender kumar
name,rajender kumar / titu
name,rajender kumar dheer
name,rajender kumar sehgal
name,rajender nath
name,rajender prasad
name,rajender singh
name,rajender singh rawat
name,rajenderi
name,rajendra
name,rajendra  pandey
name,rajendra chourasiya
name,rajendra kumar
name,rajendra pal
name,rajendra podhar
name,rajendra s/o babu lal mali
name,rajendra singh
name,rajesh
name,rajesh @ chotu
name,rajesh @ kalu
name,rajesh agarwal
name,rajesh aggarwal
name,rajesh anand
name,rajesh arora@kamal
name,rajesh bai
name,rajesh garg
name,rajesh god
name,rajesh gupta
name,rajesh james
name,rajesh kalia
name,rajesh kumar
name,rajesh kumar gupta
name,rajesh kumar pal
name,rajesh kumar paswan
name,rajesh kumar sharma
name,rajesh kumat
name,rajesh kumawat
name,rajesh kuwar
name,rajesh mandal
name,rajesh mehra
name,rajesh mehta
name,rajesh metho
name,rajesh mishra
name,rajesh naydu
name,rajesh paswan
name,rajesh patra
name,rajesh ram
name,rajesh rawat
name,rajesh saini
name,rajesh sharma
name,rajesh sharma @ raju
name,rajesh singh
name,rajesh tiwari
name,rajeshvr
name,rajeshwar@moni
name,rajeshwari
name,rajeswary@rajo@chanchal
name,rajia
name,rajibul
name,rajider singh
name,rajina
name,rajina biwi
name,rajinder  s/o hawa singh jat r/o shamlo kalan
name,rajinder bhasin alias babbu
name,rajinder kaur
name,rajinder kaur @ raju
name,rajinder kaur w/o
name,rajinder singh
name,rajish
name,rajit kumar
name,rajiv
name,rajiv @ raju
name,rajiv bagoriya
name,rajiv chawala
name,rajiv goyal
name,rajiv kumar
name,rajiv madhur gupta
name,rajiv shah
name,rajiya
name,rajiya bano
name,rajiya w/o aashkim
name,rajjit kumar
name,rajkali
name,rajkaranta
name,rajkarnta
name,rajkiran
name,rajkumar
name,rajkumar @ kala
name,rajkumar @ raju
name,rajkumar bhil
name,rajkumar chawla
name,rajkumar jain
name,rajkumar khanna
name,rajkumar saini s/o madan lal saini
name,rajkumar sharjma
name,rajkumari
name,rajkumari  yadav
name,rajkumari with her daughter
name,rajkumari@babli
name,rajkumarm
name,rajl /raju
name,rajlaxmi
name,rajmani
name,rajna
name,rajneesh bairwa
name,rajneesh kumar
name,rajnesh
name,rajnesh gupta
name,rajnesh kumar
name,rajni
name,rajni arya
name,rajni bala @ manisha
name,rajni d/o ram singh
name,rajni devi
name,rajni dhawan
name,rajni jaswal ( with two child )
name,rajni kanwar
name,rajni kaur
name,rajni mahraval
name,rajni seth
name,rajni w/o harivinder singh
name,rajnish dev
name,rajnish gupta
name,rajnish kumar
name,rajo
name,rajo baluram sansi
name,rajo dalal
name,rajo devi
name,rajo sharma
name,rajpal
name,rajpal bhatiya
name,rajpal sharma s/o mahadev prasad
name,rajpal singh
name,rajputra sudhakar singh
name,rajrani
name,rajshree
name,raju
name,raju  sonker
name,raju @ budh bahadur
name,raju @ chhotu
name,raju @ rahul
name,raju @ rajkumar
name,raju @ ramu
name,raju alias rajaram
name,raju damor
name,raju dass
name,raju devi
name,raju garg
name,raju gharami
name,raju ghosh
name,raju gupta
name,raju jha
name,raju jogi
name,raju kanwar
name,raju kashyap
name,raju khan
name,raju kumar
name,raju kumar mandal
name,raju kuswha
name,raju lal
name,raju mahto
name,raju meena
name,raju ninama
name,raju ram so harlal ji bishnoi r/o ramesh colony sa
name,raju rathor
name,raju singh
name,raju verma
name,raju yadav
name,"raju, sahi ram, khusbu"
name,raju@rajesh
name,rajuddin
name,rajudi doda
name,rajveer
name,rajveer sing
name,rajveer singh
name,rajvi kumar
name,rajvir
name,rajwanti
name,rajwanti kaur
name,rajwati
name,rakeeba
name,rakesh
name,rakesh  gupta
name,rakesh  singh
name,rakesh @ chand
name,rakesh @ sonu
name,rakesh @bablu
name,rakesh @sudama
name,rakesh alias kalua
name,rakesh arora
name,rakesh bhatia
name,rakesh chander sharma
name,rakesh chhatwal
name,rakesh deewan @ bittu
name,rakesh gupta
name,rakesh jatav
name,rakesh kapoor
name,rakesh khatik
name,rakesh kumar
name,rakesh kumar  bhardwas
name,rakesh kumar agrwal
name,rakesh kumar arora
name,rakesh kumar garg
name,rakesh kumar meena
name,rakesh kumar soni
name,rakesh kumar yadav
name,rakesh panday
name,rakesh sarkar
name,rakesh sharma
name,rakesh singh
name,rakesh soni
name,rakesh sonkar
name,rakesh tabiyaad
name,rakesh tyagi
name,rakesh yadav
name,rakesh yadav @ jony
name,rakha
name,rakhee
name,rakhi
name,rakhi @payal
name,rakhi chauhan
name,rakhi devi
name,rakhi jha
name,rakhi kumari
name,rakhi sharma
name,rakhi soni
name,"rakhi with two child (devraj age-3 yrs,deepak age-"
name,rakho hari
name,rakki
name,rakkibhul
name,raksha devi
name,rakshit garg
name,rakshit ghai
name,rakshit singh
name,ram
name,ram aashre @ bablu
name,ram anuj kumar
name,ram ashray
name,ram ashre
name,ram avatar
name,ram avtar
name,ram awtar
name,ram ayodhya
name,ram babu
name,ram babu shah
name,ram bahadur
name,ram bai
name,ram baran
name,ram bhajan
name,ram bharose
name,ram bhateri devi
name,ram bhrose
name,ram chander
name,ram chander jha
name,ram chandra mishra
name,ram charan
name,ram darshan
name,ram das gupta
name,ram dass
name,ram dayal
name,ram deeta mehto
name,ram dev yadav
name,ram devi
name,ram devi sharma
name,ram dhar
name,ram dulare
name,ram dutt
name,ram dutt gupta
name,ram gopal
name,ram gopal urf gopiram meena
name,ram govind
name,ram janm
name,ram jatan
name,ram ji
name,ram ji gupta
name,ram jivan
name,ram jiyavan
name,ram kali
name,ram khiladi
name,ram kishan
name,ram kishan gola
name,ram kishan tomar
name,ram kishor
name,ram kishore
name,ram kuamr
name,ram kumar
name,ram kumar sharma
name,ram lagan singh
name,ram lakhan
name,ram lakhan s/o
name,ram lal
name,ram lal bhardwaj
name,ram lal dangi
name,ram lata
name,ram ldaike
name,ram milan
name,ram murat singh
name,ram narain
name,ram narayan
name,ram narayan meena
name,ram naresh
name,ram naresh tiwari
name,ram naresh yadav
name,ram nath choudhary
name,ram nath yadav
name,ram naywaj singh
name,ram nichatar
name,ram niwas
name,ram parkash teneja
name,ram parsad
name,ram partap singh bhandaree
name,ram parvesh
name,ram prakash
name,ram prashad
name,ram pyare
name,ram pyari
name,ram ratan
name,ram rati
name,ram sagar
name,ram sagar kumar
name,ram sanjeevan
name,ram saveroop
name,ram sawer
name,ram shabad
name,ram shakal
name,ram sharan yadav
name,ram singh
name,ram singh negi
name,ram siroman
name,ram subhak
name,ram sumet
name,ram sunder
name,ram suresh
name,ram suresh @ babloo
name,ram swaroop
name,ram swroop
name,ram uadagar jha
name,ram varaksh chaoudhary
name,ram veer
name,ram vilas choudhary
name,ram wati
name,ram wati devi
name,ram yadav
name,rama
name,rama @mona
name,rama bai
name,rama devi
name,"rama dua w/o surender dua r/o 16/28, east punjabi"
name,rama kumari
name,rama nand
name,rama ram
name,rama sharma
name,rama singh
name,rama tiwari
name,ramaiya
name,ramakant
name,raman
name,raman @ rancho
name,raman d/o
name,raman dixit
name,raman kumar
name,raman kumar @ rupi
name,raman rajak
name,raman ralhan
name,raman s/o gavinder and ansh s/o farukh khan
name,raman sharma
name,raman singh
name,raman verma
name,ramanand jha
name,ramanand ray
name,ramanand tyagi
name,ramavtar
name,ramba @ kamla
name,rambabu
name,rambai
name,rambarose
name,rambha
name,rambhajan
name,rambharos
name,rambhool
name,rambhul
name,rambir
name,rambir singh
name,rambiri
name,rambrij
name,ramchander
name,ramchander nuriya
name,ramchander singh
name,ramchandr
name,ramchandra
name,ramchandra od
name,ramchandra parsad kurmi
name,ramdas
name,ramdas mahadw kamble
name,ramdev
name,ramdev jha
name,ramdev sharma
name,ramdevi
name,ramdhan
name,ramdhani w/o shivprasad
name,ramdhin gujair
name,ramdin
name,ramdin verma
name,ramdulari
name,ramdulari @ gulabu
name,ramdutt
name,ramdyal @ faggu lal mehto
name,ramdyal singh @ faaggu lal mehto
name,rame
name,rame singh
name,rameh chand
name,ramender
name,ramesh
name,ramesh  bansal
name,ramesh  dutt
name,ramesh @ dilwar
name,ramesh @ rakesh
name,ramesh babu
name,ramesh chand
name,ramesh chand tirvedi
name,ramesh chander
name,ramesh chander gupta
name,ramesh dubey and his son anoop debey
name,ramesh kuamar
name,ramesh kumar
name,ramesh lal
name,ramesh malik
name,ramesh meena
name,ramesh megwal
name,ramesh panwanr
name,ramesh ram
name,ramesh roat
name,ramesh singh
name,ramesh singh negi
name,ramesh singh visth
name,ramesh tiwari
name,ramesh upreti
name,ramesh yadav
name,ramesh yogi
name,rameshwar
name,rameshwar kumar
name,rameshwer nagar
name,rameshwer urf kallu
name,rameswar gadri
name,ramfare yadav
name,ramgopal singh
name,ramhetu
name,ramila bai
name,raminder kaur
name,ramjan
name,ramjan khan
name,ramjanam
name,ramjani
name,ramjanki bai
name,ramjas
name,ramjeet
name,ramjeet thaukar
name,ramji
name,ramji lal
name,ramjiyawan
name,ramkali
name,ramkanya veshnav
name,ramkaran gujar
name,ramkaran verma
name,ramkesh
name,ramkhilawan
name,ramkiashan
name,ramkish
name,ramkishan
name,ramkishan gupta
name,ramkumar
name,ramkumar tiwari
name,ramkumari devi
name,ramlakhan
name,ramlakhan yadav
name,ramlal
name,ramlal nath
name,ramli rathore
name,rammurti
name,ramnath
name,ramnath @ rahul
name,ramnihor
name,ramnihor nishad
name,ramniwas
name,ramniwas jat
name,ramniwasj @ pintu
name,ramotar
name,ramotar @ nanu
name,rampaal
name,rampal
name,rampal alis ram lal
name,rampal jain
name,rampal singh
name,rampati
name,rampayari
name,ramphal
name,rampher pathak
name,ramprasad
name,ramprasad @ ramu
name,ramprasad sodani
name,ramrati
name,ramsagar maheto
name,ramsati
name,ramsawroop
name,ramsem
name,ramsewak
name,ramsingh rahond
name,ramsurat
name,ramswaroop
name,ramswroop
name,ramswroop s/o jaidev mena
name,ramswrup bhatya
name,ramtek
name,ramu
name,ramu @ ramesh
name,ramu @raju
name,ramu dubey
name,ramu kunwar
name,ramu urf rambabu
name,ramu yadav
name,ramu@ ramchandar
name,ramulu bumulu
name,ramvati
name,ramveer
name,ramvihar chorsiya
name,ramvilash
name,ramvir
name,ramwatar
name,ramwati
name,ran jeet singh
name,rana
name,rana gandhi
name,rana partap ahuja
name,ranbir
name,ranbir singh
name,ranbir singh @ sonu
name,randeep
name,randheer singh @ dheera
name,randhir
name,randhir kumar
name,randhir ram
name,randhir singh parmar
name,rangeeta
name,rani
name,rani @ lali
name,rani @ raju
name,rani bakhla
name,rani d/0 devaram
name,rani devi
name,rani kaur
name,rani kumari
name,rani ranjan @ golu
name,rani sharma
name,rani shrivastav
name,rani singh
name,ranipal d/o
name,ranita
name,raniya
name,ranjan
name,ranjan devi
name,ranjan kumar
name,ranjan kumari
name,ranjan rawat
name,ranjan singh
name,ranjan singh rai
name,ranjana
name,ranjana d/o sandhya
name,ranjana devi
name,ranjana mukharji
name,ranjana singh
name,ranjay pandit
name,ranjeet
name,ranjeet  kumar
name,ranjeet kumar
name,ranjeet s/o mohan paswan
name,ranjeet singh
name,ranjeeta
name,ranjit
name,ranjit kaur
name,ranjit kumar chopra
name,ranjit singh
name,"ranjita devi and his son priyanshu age 2,1/2 yrs"
name,ranjita w/o
name,ranjna
name,ranjnika jat
name,ranju
name,ranju devi
name,ranju kumari
name,ranju sharma
name,ranki
name,ranpal singh
name,rantesh
name,ranu
name,ranu @ rani
name,ranu tiwari
name,ranu yadev
name,ranveer
name,ranveer singh
name,ranvir
name,rasab
name,raseel
name,rashab
name,rashi
name,rashi aggarwal
name,rashi bansal
name,rashid
name,rashid ahmead
name,rashid ali
name,rashid hussain
name,rashid@robhi
name,rashida
name,rashida bano
name,rashida khatoon
name,rashika
name,rashimi dayal
name,rashma jacob
name,rashmi
name,rashmi @ ishika
name,rashmi @ kajal
name,rashmi @ nidhi
name,rashmi @ rinku
name,rashmi chawla
name,rashmi jha
name,rashmi jhaa
name,rashmi kumari
name,rashmi rator
name,rasid
name,rasida khan
name,rasmi
name,raspal
name,rasul
name,ratan  @ sushil
name,ratan  lal
name,ratan lal
name,ratan lal sharma
name,ratan singh
name,ratani
name,rathan lal ji
name,rati pal
name,ratikant maghi
name,ratiman
name,ratmo devi
name,ratn lal
name,ratna vati sahu
name,ratnesh
name,ratneshwar roy
name,ratneswar mishra
name,ratni
name,ratni@jasoda
name,rattan kumar
name,rattan vail
name,ratul viswas
name,ratwari chaudhary
name,raud ali
name,rauf mohammad
name,raunaf jahan
name,raveena
name,raveena khaton
name,ravena
name,ravi
name,ravi @ manish
name,ravi @ nanna
name,ravi @ rinkku
name,ravi @golu
name,ravi arora
name,ravi bhushan
name,ravi chandra natarajan
name,ravi choudhary
name,ravi dutt
name,ravi dwivedi
name,ravi gupta
name,ravi kant
name,ravi kant boity
name,ravi kapoor
name,ravi kumar
name,ravi kumar batra
name,ravi kumar gangwal
name,ravi kumar ojha
name,ravi kumar s/o ajay kumar
name,ravi kumar soni
name,ravi kumar verma
name,ravi lakra
name,ravi lohni
name,ravi meena
name,ravi nayak
name,ravi panday
name,ravi parkash solanki
name,ravi parkash@ papan
name,ravi pruthi
name,ravi raj sheker
name,ravi raj singh
name,ravi rakuwar
name,ravi ram
name,ravi rawat
name,ravi shankar
name,ravi shankar goswami
name,ravi sharma
name,ravi shrivastav
name,ravi singh
name,ravi sinha
name,ravi soni
name,ravi swarnkar
name,ravi teja nikkam
name,ravi tiwari
name,ravi tripathi
name,ravi@ yadram
name,ravidutt
name,ravikant
name,ravikant mahawar
name,ravikant sharma
name,ravina
name,ravina @ khusbu
name,ravina kumari
name,ravina yadav
name,ravinath
name,ravinda kumari
name,ravindar
name,ravinder
name,ravinder @ bacchi
name,ravinder @ papu
name,ravinder @ rinku
name,ravinder @arun
name,ravinder bahadur
name,ravinder dhaka
name,ravinder kaur
name,ravinder kaur @ rajni
name,ravinder kaur @ simmy
name,ravinder kaur asha
name,ravinder kr malhotra
name,ravinder kumar
name,ravinder kumar rai @ dannu kumar rai
name,ravinder mandal
name,ravinder morya
name,ravinder prakash
name,ravinder singh
name,ravinder singh @ bunty
name,ravinder singh @raghav
name,ravinder singh rana
name,ravinder tyagi
name,ravindera tiwari
name,ravindr
name,ravindra jindwal
name,ravindra kumar
name,ravindra singh
name,ravindra singh kandari
name,raviraj s/o mahaveer singh
name,ravish
name,ravish kumar
name,ravishankar
name,ravita
name,ravita  @ shyamwati
name,rawana
name,rawana khatoon
name,rawi devi
name,rayish
name,razi
name,razi ahmad
name,razia
name,razia devi
name,razia sultan
name,razida khatoon
name,razim
name,raziya
name,raziya jano
name,razni
name,rebecca xavier
name,redhema munde
name,reekha
name,reema
name,reema jha
name,reema rajpoot
name,reema sharma
name,reemi sarkar
name,reena
name,reena  age 20 yae
name,reena ( with child durgesh 4 years).
name,reena @ laxmi
name,reena bhil
name,reena dass
name,reena devi
name,reena gupta
name,reena jain
name,reena jain w/o atul jain r/o h.no. wz-11 bhagwan d
name,reena kumari
name,reena kumari sharma
name,reena mehar
name,reena sain
name,reena saini
name,reena with pooja and kishan
name,reenu
name,reeta
name,reeta  and her doughter surabhi
name,reeta @ rachna
name,reeta devi
name,reeta jain
name,reeta kapkoti
name,reeti
name,reetima
name,reetu
name,reetu @ reeta
name,reetu shrama
name,rehaan
name,rehan
name,rehana
name,rehana banu
name,rehana begam
name,rehana praveen
name,rehman khan
name,rehmat
name,rehmat ali
name,rehmati
name,rejaul sekh
name,reka
name,rekha
name,rekha  devi
name,rekha @ bhuri
name,rekha @ boby
name,rekha @ mamta
name,rekha @ muskan
name,rekha @ pukar
name,rekha bai
name,rekha davi
name,rekha devi
name,rekha devi @ geeta
name,rekha harijan
name,rekha kanwar
name,rekha kumari
name,rekha meena
name,rekha rani
name,rekha saini
name,rekha urf annu
name,rekha urf riya
name,rekha varhat`
name,rekha vays
name,"rekha with two doughters pooja, lakhsmi"
name,rekhai
name,rekhwan
name,rema
name,rena
name,rena bai
name,rena devi
name,rencho
name,rennu
name,renu
name,renu @ aasa
name,renu @ pali
name,renu @ rinki
name,renu @ soni
name,renu bala
name,renu d/olt. kanda swami
name,renu devi
name,renu gupta
name,renu joshi
name,renu kumari
name,renu mandiya
name,renu pal
name,renu parcha
name,renu rajawat
name,renu verma
name,renuka
name,renuka @ reshu
name,renuka parmar
name,repu marwaha
name,resham
name,resham talwar
name,resham yadav
name,reshama
name,reshami
name,reshma
name,reshma @ chandani
name,reshma ahari
name,reshma bi
name,reshma kami
name,reshma khatoon
name,reshmi
name,reshmi sarkar
name,resmi jat
name,revakshi
name,revndrshing
name,revti
name,reyaz ahmed malik
name,rghuraj singh
name,richa
name,richa aggarwal
name,richa kumari
name,richa pathak
name,richa tyagi
name,richaraj
name,ridhakaran sharma
name,ridhima
name,rihaan
name,rihal ali
name,rihan
name,rihana
name,rihana khatoon
name,rijakpal
name,riju
name,riju devi
name,rijul aggarwal
name,rijvan
name,rijwan
name,rijwan aalam
name,rijwana
name,rijwana tarnum
name,rikkenchi
name,rima
name,rima khan
name,rima singh
name,rimasha
name,rimjhim
name,rimmi kaur
name,rimmi singh
name,rimpi
name,rimpy
name,rimzim
name,rina
name,rina @ moti
name,rina devi
name,rina rangaswami
name,rina/ rinu
name,rinesh
name,rini
name,rinju
name,rinka
name,rinka @ rinku rathour s/o  naresh kumar r/o  66 ha
name,rinkal
name,rinke devi
name,rinki
name,rinki jaiswal
name,rinki kumari
name,rinkoo
name,rinku
name,rinku & joyti
name,rinku d/o harvir singh
name,rinku devi
name,rinku kumari
name,rinku malav
name,rinku pal
name,rinky
name,rinky devi
name,rinukanwr
name,risabh
name,rishab
name,rishab kumar
name,rishab uniyal
name,rishabh
name,rishabh jain
name,rishabh kumar
name,rishaw
name,rishi
name,rishi kakdia
name,rishi mandal
name,rishi pal
name,rishi raj
name,rishipal
name,rishiraj
name,rishma ali
name,rishu
name,rishu @ vishal bansal
name,risiraj
name,rita
name,rita d/o laxman
name,rita das urf sapna das
name,rita devi
name,rita gupta
name,rita jain
name,rita rani
name,rita roy
name,ritesh
name,ritesh agrwal
name,rithik ravinderan @ monu
name,riti mandal
name,ritik
name,ritik gupta
name,ritika
name,ritika rani dass
name,ritika sharma
name,ritu
name,ritu  @ chotti
name,ritu @ shallu
name,ritu arora
name,ritu kumari
name,ritu mundari
name,ritu raj
name,ritu raj kumar
name,ritu sharma
name,ritu shree vastav
name,ritunjay tiwari
name,rituraj
name,riya
name,riya kashyap
name,riya masi
name,riya sahni
name,riyajuddin
name,riyajudhin
name,riyajudin
name,riyajul
name,riyasat
name,riyasat ali
name,riyaz
name,riyazuddin
name,rizvana
name,rizwaan
name,rizwan
name,rizwana
name,rizwana khatun
name,rma kant
name,robert forsis
name,robi
name,robin
name,robin master
name,rocky
name,rocky mehto
name,rohaan sadat
name,rohan
name,rohan haldar
name,rohan kapoor
name,rohan kumar
name,rohan mandl
name,rohan singh
name,rohil
name,rohila
name,rohini
name,rohini kashyap
name,rohit
name,rohit  kumar
name,rohit @ jangu
name,rohit @ nikki
name,rohit @ sonu
name,rohit agarwal
name,rohit agrawal
name,rohit ahlawat
name,rohit arora
name,rohit bairagi
name,rohit beeryani
name,rohit gill
name,rohit gulati
name,rohit gupta
name,rohit jain
name,rohit kumar
name,rohit kumar tiwari
name,rohit kumar yadav
name,rohit rawat
name,"rohit s/o shiv kumar r/o c-78, shivaji park, punja"
name,rohit sharma
name,rohit singh
name,rohit thapa
name,rohit verma
name,rohit yadav
name,rohitash
name,rohitash keer
name,rohtash
name,rohtash saini
name,rohtash singh
name,rohthash
name,roji
name,roji khatoon
name,rojmen
name,rojmeri murum @ versha merrey
name,rolly kumar
name,roma
name,roma kumari
name,ronak
name,rony rao
name,roobi mathur
name,rookmani
name,roop basant meena
name,roop chand
name,roop chand @ mamu
name,roop kishore
name,roop singh
name,roopa
name,roopa devi
name,roopa kumar
name,roopali
name,roopam
name,roopnarayan
name,roopsingh
name,rooshi
name,rosan
name,rosanjahan
name,roshan
name,roshan  kumar
name,roshan aara begam
name,roshan bai
name,roshan khatoon
name,roshan kumar
name,"roshan kumar s/o rajkumar,"
name,roshan lal
name,roshan ram
name,roshan singh
name,roshanara begam
name,roshani
name,roshani bhati
name,roshani bhatiya
name,roshani devi
name,roshanlal
name,roshini praveen
name,roshni
name,roshni balai
name,roshni devi
name,roshni khan
name,roshni kumari
name,rosina
name,rosy massey
name,rozi
name,rozi sharma
name,rozina khatun
name,rozy
name,rsjesh sharama
name,ruanbza khatoon
name,rubal khurana
name,rubbi
name,rubbina
name,rubby
name,rubee
name,rubeena
name,ruben sunwak
name,rubey
name,rubi
name,rubi agrwal
name,rubi devi
name,rubi khan
name,rubi khatoon
name,rubi pravin
name,rubi urf afsana
name,rubi with a child
name,rubina
name,rubina @ ruhi
name,rubina jahan
name,rubiya
name,rubjaan bibi
name,rubo kumari
name,ruby
name,ruby @ shama farveen
name,ruby bhoura
name,ruby kumari
name,ruby panwar
name,ruby raghav
name,ruby w/o
name,ruchendra rana
name,ruchi
name,ruchi devi
name,ruchi kashyap
name,ruchi kumari
name,ruchi singh
name,ruchika
name,ruchika @ gudiya
name,ruchit
name,ruckmani
name,rucksana
name,rudhra pratap
name,rudmal
name,rudra narayan urf sonu
name,rudra pratap
name,ruhhena
name,ruhi khatoon
name,ruji khatun
name,ruka mani devi
name,rukhar
name,rukhsana
name,rukhsana khatun
name,rukhsar
name,rukhsar khan
name,rukhsna  begm
name,rukhsona
name,rukiya bano
name,rukiya khan
name,rukmani
name,rukmani bai
name,rukmani devi @rupa
name,rukmani tiwari
name,ruksaar
name,ruksana
name,ruksana bano
name,ruksana bano with her son or daughter
name,ruksana bi
name,ruksana khatoon
name,ruksana khatoon with her son rahis age- 6 month
name,ruksar
name,ruksar bano
name,ruksar kausar
name,rukshan
name,rukshana
name,rukshana khatun
name,rukshar
name,ruksin
name,rukya jan
name,rumal  kumari
name,rumeet kumar
name,runiya
name,rup lal
name,rupa
name,rupa  kumari
name,rupa devi
name,rupa kumari
name,rupa saini
name,rupa verma
name,rupak kanti dass
name,rupak singh
name,rupal @ khushi
name,rupali
name,rupali @ gudiya
name,rupali jakhotia
name,rupali vishwas
name,rupam devi
name,rupan kumar
name,rupan singh
name,rupanjali patiri
name,rupen gore
name,rupen raj pahwa
name,rupender
name,rupender kaur
name,rupendra ubas
name,rupesh
name,rupesh rathor
name,rupinder singh
name,ruplal kumwat
name,ruppa devi
name,rusan @ karishma
name,rushali
name,rustam
name,rustam shah
name,ruvi
name,ruzina khatun
name,rvina kumari d/0
name,rvindra @bablu
name,s p vinit gupta
name,s/o saroj (father name rakesh)
name,saad
name,saahil nautiyal
name,saahin
name,saalu
name,saana
name,saaniya
name,saanu goyal
name,sabana
name,sabana @ sabbo
name,sabana bano urf baiesa
name,sabana khatoon
name,sabana@moni
name,sabanam
name,sabba
name,sabbab hussain
name,sabbar@ pappu
name,sabbir
name,sabbir ahmad
name,sabbir alam
name,sabbo
name,sabbo bano
name,sabbu
name,sabeeha  khatun
name,sabeena
name,sabeer
name,sabenoor@tamanna
name,sabhana
name,sabhya shrama
name,sabi
name,sabid
name,sabila
name,sabina
name,sabina @ faiziya
name,sabina bano
name,sabir
name,sabir ali
name,sabir hussain
name,sabita
name,sabita devi
name,sabiya
name,sabiya khatoon
name,sablu
name,sabna
name,sabnam
name,sabnam @ soni devi
name,sabnam khatun
name,sabnam@ tinku
name,sabnur @ sonu
name,sabra
name,sabrajeet @ pappu
name,sabreen khatun
name,sabreen@ pinki
name,sabrin
name,sabrina pewel hawell
name,sachi
name,sachi chauhan
name,sachidanand
name,sachin
name,sachin @ vikky
name,sachin bhavi
name,sachin chauhan
name,sachin gayakwad
name,sachin gupta
name,sachin jain
name,sachin kumal taneja
name,sachin kumar
name,sachin kumar garg
name,sachin kumar gupta
name,sachin kumar mittal
name,sachin kumar sharma
name,sachin lakhera
name,sachin pal
name,sachin raghav
name,sachin rajput
name,sachin sharma
name,sachin singh
name,sachin tomar
name,sachin verma
name,sadab
name,sadab urf golu
name,sadab(khura)
name,sadabrij
name,saddam
name,saddam hussain
name,saddam khan
name,saddham
name,saddiq rehman @ saddam
name,sadhana
name,sadhana @ jyoti
name,sadhana devi
name,sadhna
name,sadhna @ sabi
name,sadhna bhardwaj d/o uma shankar bhardwaj
name,sadhna singh @ dimple
name,sadhu yadav
name,sadik
name,sadik ali
name,sadik husain
name,sadip
name,sadiq
name,sadiya
name,sadod ali
name,sadre alam
name,sadur rahman
name,saeshta
name,safali das
name,safali gupta
name,safe akhter
name,safia khatun mandal
name,safika @ haseena
name,safila
name,safina malik
name,safiq @ shanawaj
name,safiya
name,sagan lal chalan
name,sagar
name,sagar @ takla
name,sagar bist
name,sagar choudhary @ chunnu
name,sagar goswami
name,sagar kumar
name,sagar pahwa
name,sagar pal
name,sagar pandey
name,sagar shekh
name,sagir
name,sagir ahmad
name,sagir ali
name,sagira begam
name,sagiran @ sammo
name,sagit
name,sagita@harsita
name,sagrika @ versha
name,sagufta
name,sahab bai
name,sahab ram
name,sahab singh
name,sahab singh alias bitu
name,sahabbudin
name,sahabudeen
name,sahadeb bhuniya
name,sahaja
name,sahajad
name,sahajaha
name,sahajha praveen
name,sahana
name,sahana parveen @ nisha
name,sahana praveen
name,sahanaj khatun
name,sahar bano
name,sahawaj
name,sahbaj s/o latif musalman
name,sahbuddin
name,sahdab
name,sahdev
name,sahdev mishra
name,sahdev tiwari
name,saheb raza
name,saheen
name,sahenaj
name,sahgufta
name,sahi ram
name,sahib alam
name,sahib saran
name,sahiba
name,sahiba @ rubi
name,sahiba @ ruby
name,sahiba d/o
name,sahid
name,sahid hussain
name,sahid khan
name,sahida laskar
name,sahil
name,sahil @ bhola
name,sahil @bohlu
name,sahil alam
name,sahil khan
name,sahil khandelwal
name,sahil kumar
name,sahil ram @ vishal
name,sahil tigga
name,sahima
name,sahin
name,sahina
name,sahira
name,sahishta
name,sahista
name,sahista @ ruksar
name,sahjad
name,sahkir kahan
name,sahlesh kumar
name,sahna
name,sahna parveen
name,sahnabaj
name,sahnaj
name,sahnara
name,sahnawaz
name,sahnaz
name,sahrik @ ikbal
name,sahrukh khan
name,sahrul nisha
name,sahun
name,sahwaj
name,sai das
name,said ahmed
name,said mohmad
name,saida
name,saidas
name,saidul
name,saieman
name,saiesta
name,saif
name,saif ali
name,saif ali @ raza
name,saifali
name,saima
name,saimun nisha
name,sainky
name,saira bano
name,saista
name,saiyada
name,saizad
name,sajan
name,sajana
name,sajda
name,sajia
name,sajid
name,sajid @ chummu
name,sajid ali
name,sajid hussain
name,sajid hussen
name,sajida
name,sajini
name,sajiya
name,sajiya katun
name,sajiya safi
name,sajjan
name,sajjan kumar
name,sajju
name,sajma
name,sajmeen
name,sajni
name,sajruddin
name,saka bai
name,sakal deep
name,sakal rai
name,sakcham
name,sakchan
name,sakeena
name,saket
name,sakhichander
name,sakib
name,sakib @ nadir
name,sakil
name,sakila
name,sakila damor
name,sakina
name,sakina@kajal
name,sakir
name,sakir @ sahil
name,sakir ali
name,sakiran begam
name,saksham
name,sakshi
name,sakshi @ july d/o
name,sakshi @ soniya
name,sakshi dikshit
name,sakshi sharma
name,sakshi vaid
name,saksi
name,saksi chandna
name,saksi sharma
name,saku kunwar
name,sakuntala
name,sakuntla
name,salama
name,salama khatun
name,salaman
name,salauddin
name,saleem
name,saleem ansari
name,saleem qureshi
name,salesh girsa
name,salim
name,salim  kha
name,salim malik
name,salima
name,salin malhotra
name,salinder
name,salini
name,sally
name,salma
name,salma bano
name,salma biwi
name,salma khatun
name,salma roshni
name,salmaan
name,salmakhatun
name,salmam
name,salman
name,salman @ shera
name,salman ahmad
name,salman khan
name,salmi
name,salomi hemroda
name,saloni
name,salu
name,salupa
name,sam midde
name,sama
name,sama parveen
name,samad
name,samadh
name,samadhan more
name,samaiali
name,samaprveen
name,samar singh
name,samay singh
name,samayddin
name,sambhu
name,sambhu paswan
name,same singh
name,sameem
name,sameem ahmed
name,sameena
name,sameer
name,sameer khanna
name,sameer khen
name,sameeruddin
name,samer bahadur
name,samiksa tiwari
name,samiksha  rathor
name,samim @ sonu
name,samim malik
name,samima
name,samima khatun
name,samina
name,samina khatoon
name,samir
name,samir hasan
name,samir mishra
name,samir raj pal
name,samiron
name,samit s/o lt.gulab singh
name,samiya meena
name,samman
name,sammiuddin
name,samon
name,samoti
name,sampat bai
name,sampat sadashiv saluke
name,samra
name,samreen
name,samreen khatun
name,samreen praveen
name,samrin
name,samsad
name,samser khan
name,samsida
name,samsuddin
name,samsudin
name,samsung s singh
name,samundri
name,samvedna
name,samya
name,san jan devi
name,sana
name,sana fatma
name,sana khatoon
name,sana praveen
name,sanaali
name,sanam lohar
name,sanand jha
name,sanat patra
name,sanaullah
name,sanavvar
name,sanchit gupta
name,sanchit mittal
name,sandee[
name,sandeep
name,sandeep  kummer
name,sandeep  tomar
name,sandeep @ golu
name,sandeep @ leelu
name,sandeep @ monu
name,sandeep @ sonu
name,sandeep alongwith auto
name,sandeep dahiya ms/o azad singh r/o village bound p
name,sandeep dhaka
name,sandeep dubey
name,sandeep goyal
name,sandeep gupta
name,sandeep kapoor
name,sandeep kasera
name,sandeep kaur
name,sandeep kumar
name,sandeep kumar @messi
name,sandeep kumar sharma
name,sandeep larse s/o dashrath larse
name,sandeep meghawal
name,sandeep narwal
name,sandeep negi
name,sandeep pawar
name,sandeep rawat
name,sandeep s/o pappu urf munesh kumar r/o chadseena p
name,sandeep sahu
name,sandeep saini
name,sandeep sharma
name,sandeep singh
name,sandeep thakur
name,sandeep verma
name,sandeep yadav
name,sandeep@sonu
name,sandeepa
name,sandha devi
name,sandhaya
name,sandhya
name,sandhya @ soni
name,sandhya bhardwaj
name,sandhya mishara
name,sandhya pranak
name,sandhya rani
name,sandhya sharma
name,sandhya w/o arjun singh jatav
name,sandip
name,sandip kumar
name,sandiya singvi
name,sandna & khusi
name,sandya
name,saneha
name,saneha sharma
name,sangeena
name,sangeet
name,sangeeta
name,sangeeta @  pooja
name,sangeeta devi
name,sangeeta jan
name,sangeeta kumari
name,sangeeta mahali
name,sangeeta meena
name,sangeeta mishra
name,sangeeta pandey
name,sangeeta shah
name,sangeeta with son pushapender douter archana
name,sangeta
name,sangit
name,sangita
name,sangita & vinita
name,sangita choudhary
name,"sangita devi with daughter sonia 3yrs 6month, and"
name,sangita yadav
name,sangram singh
name,sangram singh @ gujjar
name,sanha
name,sania
name,sania parveen
name,sanita
name,sanita @ anita
name,saniya
name,sanjai sharma
name,sanjan kumari d/o
name,sanjana
name,sanjay
name,sanjay @ babblu
name,sanjay @ bablu
name,sanjay @ gindo
name,sanjay @ habdu
name,sanjay @ mani
name,sanjay @ rajender
name,sanjay @ sanju
name,sanjay @sunil
name,sanjay bansal
name,sanjay bhalla
name,sanjay bhandari
name,sanjay bharti
name,sanjay bhati
name,sanjay charee
name,sanjay chauhan
name,sanjay chug
name,sanjay dayal @ shaul
name,sanjay gomes
name,sanjay gulati
name,sanjay gupta
name,sanjay handda
name,sanjay jain
name,sanjay kewat
name,sanjay khemchandani
name,sanjay kotari & wife dimple
name,sanjay kumar
name,sanjay kumar @ pappu
name,sanjay kumar kukreja
name,sanjay kumar s/o
name,sanjay kumar tripathi
name,sanjay malik
name,sanjay manchanda
name,sanjay mandal
name,sanjay mashi
name,sanjay mehta
name,sanjay patwa
name,sanjay ram
name,sanjay rana
name,sanjay s/o deep chand
name,sanjay s/o hawa singh
name,sanjay s/o ramkalyan bairwa r/o kesoli ps kawai
name,sanjay saha
name,sanjay saini
name,sanjay sharma
name,sanjay singh
name,sanjay tyagi
name,sanjay yadav
name,sanjay@ghasu
name,sanjay@sonu
name,sanjeet
name,sanjeet kumar
name,sanjeeta d/o soram caste ahedi r/o balda ps kelwar
name,sanjeev
name,sanjeev @ kaku
name,sanjeev @ sonu
name,sanjeev bansal
name,sanjeev bhardwaj
name,sanjeev dass
name,sanjeev gautam
name,sanjeev goswami
name,sanjeev kumar
name,sanjeev kumar gupta
name,sanjeev kumar jha
name,sanjeev kumar soni
name,sanjeev panday
name,sanjeev rai
name,sanjeev ratan
name,sanjeev ray
name,sanjeev s/o
name,sanjeev saad
name,sanjeev sarkar
name,sanjeev sharma
name,sanjeev shekhar
name,sanjeev tirpathi
name,sanjeev verma
name,sanjeevan
name,sanjeevan lal
name,sanjey
name,sanjey kumar
name,sanjida
name,sanjit kumar
name,sanjit misra
name,sanjiv
name,sanjiv kumar
name,sanjiv kumar jain
name,sanjiv pathak
name,sanjna
name,sanjna @ sunita
name,sanjogta
name,sanjoh sorang
name,sanju
name,sanju bai
name,sanju devi
name,sanju devi @ anjli  ( with child sukaneya age 1 ye
name,sanju kanwar w/o
name,sanju kumari
name,sanju sharma
name,sanju shekhawat
name,sanju singh
name,sanju tamang
name,sanju urf sanjya
name,sanju urf yatendra singh
name,sanju yadav
name,sanjya chhetri
name,sankar gupta
name,sankar lal
name,sankarlal
name,sanna
name,sanni
name,sanni singh
name,sanno
name,sanny
name,sanny kumar
name,sanny s/o ram shanker
name,sano devi
name,sanoj
name,sanoj kumar
name,sanoshi
name,sanpat
name,sansaar singh
name,sant lal
name,sant mahendra singh
name,sant mishra
name,sant ram
name,santara
name,santi
name,santi bai
name,santi devi
name,santi with sons suraj and nitin
name,santlal@golu
name,santna
name,santo @ neelam
name,santok luhar
name,santosh
name,santosh  kumar
name,santosh ( with two child vishal & rakhi ).
name,santosh @ choteylal
name,santosh bai
name,santosh d/o gokul singh r/o kudi taragar  ps jawaj
name,santosh devi
name,santosh joshi urf pooja
name,santosh kaur
name,santosh kuamr
name,santosh kumar
name,santosh kumar dube
name,santosh kumar panday
name,santosh kumar singh
name,santosh kumar sukala
name,santosh kumar vishvkarma
name,santosh kumari
name,santosh kuumar
name,santosh mahto
name,santosh pandey
name,santosh rani
name,santosh s/o pradeep mandal
name,santosh salvi
name,santosh singal
name,santosh singh
name,santosh uppadhya
name,santosh with a child rishi kumar
name,santoshi
name,santoshi kumari
name,santoshi mehto
name,santra
name,santram
name,santram @ santu
name,santram meena
name,santrm
name,santro
name,santro devi
name,santu
name,santu & ramesh
name,sanu
name,sanwar lal
name,sany@aman
name,sapan kumar
name,sapana
name,sapana mongia
name,sapana sharma
name,sapita kumari
name,sapna
name,sapna @ babi
name,sapna @ rajni
name,sapna dubey
name,sapna gurjar
name,sapna mandal
name,sapna porwal
name,sapna rawat
name,sapna shaha
name,sarabjeet singh
name,sarabjit kaur
name,sarad chaubay
name,sarad raghuvansi
name,sarafat
name,sarafraj
name,sarah thomson
name,sarah wells
name,sarain
name,saral
name,sarangthem monika
name,saranjeet singh
name,saranthem monika
name,sararwati
name,saraswati
name,saraswati devi
name,saraswati thapa
name,sarbari parveen
name,sarbash
name,sarbjeet @ ronak
name,sarbjeet mishra
name,sarda
name,sardar amarjeet sahni
name,sardar gurmeet singh chauhan
name,sardar kawaljeet singh
name,sardar pal singh
name,sardar santbir singh
name,sardar sarbjeet singh
name,sardeep
name,sardhu sharma
name,sareen bano
name,sarfaraj
name,sarfraj
name,saridevi
name,sarif mohammed
name,sarik
name,sarika
name,sarika devi
name,sarika mishra
name,sarika panjawani
name,sarip ahmad
name,sariq rahaman
name,sarita
name,sarita @ lali
name,sarita choudhary
name,sarita devi
name,sarita kumari
name,sarita sharma
name,sarjaha
name,sarjeet
name,sarju
name,sarkar govinda
name,sarla
name,sarla devi
name,sarmeela
name,sarmila
name,sarmila devi
name,saroj
name,saroj @ kalu
name,saroj @ savita
name,saroj bala ( with four children )
name,saroj devi
name,saroj god
name,saroj kumar
name,saroj kumari @ rajni
name,saroj pandey
name,saroj patel
name,saroj verma
name,saroja w/o
name,sarojani
name,sarojini
name,sarojni
name,sarojni saxena
name,saroop singh
name,saroz
name,sarsawati devi
name,sarshwati sarkar
name,sarswati
name,sarswati devi
name,sartaj
name,sartaj ali
name,sarthak dadwal
name,saru
name,saruf
name,sarvan kumar
name,sarvan mehto
name,sarvash prashad
name,sarves
name,sarvesh
name,sarvesh kumar
name,sarvesh kumar pandey
name,sarvesh kumar@lallan
name,sarvjeet singh
name,sarwan kumar
name,sarwesh kumari
name,sarwitavm
name,sashi
name,sashi bala
name,sashi devi w/o- dinesh lal
name,sashi kala
name,sashi mittal
name,sashi pal
name,sashi partap
name,sashikala
name,sat pal
name,sat prakash
name,satan choudhary
name,satayanarayan
name,satbar
name,satbir
name,satbir @ sahil
name,satbir chada
name,satbir kaur
name,satbir kumar
name,satbir singh
name,sateesh
name,satender
name,satender dass
name,satender kumar
name,satendra
name,satendra  singh
name,satendra kumar
name,satendra pal singh
name,satendra singh
name,satish
name,satish chand
name,satish chand jain
name,satish chander
name,satish chander jha
name,satish chandra
name,satish chawla
name,satish kannaujiya
name,satish kumar
name,satish kumar aggarwal
name,satish kumar bhatnagar
name,satish kumar jangid
name,satish kumar meena
name,satish kumar sharma
name,satish sindhi
name,satish@moolchand@baba
name,satnam kaur
name,satnam kour
name,satnam singh
name,satnarayan meena
name,satnosh
name,satosh
name,satpal
name,satpal chauhan
name,satpal kaura
name,satpal khanna
name,satpal morya
name,satpal singh
name,satrohan saday
name,satrudan
name,satrughan muttun
name,sattaram
name,sattu f @ santosh devi
name,satu singh
name,satveer
name,satvida
name,satvir singh
name,satwander koor
name,satwanti
name,satwinder kaur
name,satya
name,satya dev singh
name,satya mukhi
name,satya narain
name,satya narayan bacchan
name,satya parkash
name,satya parkash tiwari
name,satya prakash bansal
name,satya prakesh malani
name,satya sunder pauigrali
name,satyadev
name,satyam
name,satyam jha
name,satyanarayan
name,satyanarayan  dholi
name,satyanarayan darji
name,satyanarayan harijan
name,satyanarayan lohar
name,satyanarayan soni
name,satyapal
name,satyapal singh
name,satyaprakash
name,satyaprakash @ raja
name,satyavati
name,satyawan
name,satyender
name,satyender @ kalu
name,satynarayan
name,satyvati
name,satyvrat
name,saud
name,sauhal
name,sauni khatoon
name,saurab
name,saurab gupta
name,saurabh
name,saurabh @ chhotu
name,saurabh @ monu
name,saurabh @ peeru
name,saurabh beeryani
name,saurabh gupta
name,saurabh kumar
name,saurabh pande
name,saurabh rana
name,saurabh s/o
name,saurabh ujjwal
name,saurav
name,savan
name,savan @ anju
name,saveena
name,saveroon
name,saveta
name,savia
name,saviha
name,savina
name,savita
name,savita  devi
name,savita @ guddu
name,savita @ sabina
name,savita devi
name,savita devi w/o sandeep patel
name,savita jain
name,savita jha
name,savita kumar
name,savita meena
name,savita sharma
name,"savita, manav & deepansu"
name,"savita, sagar, panap"
name,saviti
name,savitri
name,savitri @ savita
name,savitri bai
name,savitri devi
name,savitri jatav
name,savitri raksha
name,savreen khatoon
name,savrin
name,sawali mahto
name,sawan gupta
name,sawan kumar
name,sawana
name,sawana parveen
name,sawana@pinki
name,sawariya khatun
name,sawarmal
name,sawati
name,sawatri devi
name,saweta singh
name,sawrn singh
name,sawtri devi
name,sayada
name,sayana
name,sayara
name,sayara begum
name,sayari
name,sayda begam
name,sayeri
name,sayja
name,sayma
name,sayna
name,sayna parveen
name,sayra
name,sazi
name,sazia
name,sazia praveen
name,sazid
name,saziya
name,saziya siddiqui
name,sazmin
name,sazya
name,schin arora
name,sedarath
name,seeba
name,seekha
name,seelam
name,seema
name,seema     meena
name,seema ( with child jatin 3 years )
name,seema @ devki
name,seema @ neha
name,seema @ simran
name,seema bai
name,seema bai w/o maghraj cast kirad  age 33 yaer r/o
name,seema chauhan
name,seema dangi
name,seema das
name,seema devi
name,seema gujar
name,seema jatav
name,seema khatun
name,seema kumari
name,seema kunwar
name,seema murmu
name,seema puri
name,seema rathore
name,seema saini
name,seema setiya
name,seema sinha
name,seema uraf lalita
name,seema vadhawa
name,seema verma
name,seema vishwakarma @ sapna
name,seema w/o devender singh
name,seeriya bibi
name,seeta
name,seeta @asha
name,seeta bai
name,seeta behen
name,seeta devi
name,seeta masar
name,seeta nag
name,seeta ram
name,seetal
name,seeva @ pinky
name,seeva khan
name,sefali @ sweta
name,sehbaj khan
name,sehboob
name,sehdev mukhiya
name,sehin
name,sehjal
name,sehjamal urf munna
name,sehnaaz baano
name,sehnaj
name,sehnawaj
name,sehnaz
name,sehran nisha
name,sehrunisa
name,sehzad
name,sehzada iqwal
name,sejan
name,sekha nur mohmad
name,selars
name,selva raj
name,sema devi
name,sen kanwar gochar
name,senser
name,senthia
name,sera
name,serul khatun
name,sethi
name,seti
name,seva pati
name,sevak @ pitambar lal
name,seweta
name,sh amrik singh
name,sh attar singh
name,sh birma
name,sh jainarayan
name,sh labh singh
name,sh lalchand
name,sh om prakash
name,sh pankaj khurana
name,sh phool chand sharma
name,sh pratap singh
name,sh prem singh
name,sh rajendr
name,sh ramnarayan
name,sh reddy ashraiya
name,sh santosh s/o sh ramavtar
name,sh sardar singh yadav
name,sh satpal
name,sh sri ram
name,sh tejpal singh
name,sh vinod kumar
name,sh.  santosh choudhary
name,sh. amar singh
name,sh. bharu singh
name,sh. ganpat lal
name,sh. janardhan prasad
name,sh. madan jain
name,sh. manish puri
name,sh. muzaffar ahmad thoker
name,sh. ram bahadur
name,sh. ram lal
name,sh. ramhet koli
name,sh. veer singh
name,sh. yogesh
name,sh.shiv charan singh
name,sh.vipin kumar yadav
name,shabana
name,shabana @ gudiya
name,shabana begam
name,shabana khatun
name,shabanam
name,shabanm
name,shabbenour
name,shabbi
name,shabbir
name,shabbo devi
name,shabi abbas
name,shabi kumari
name,shabi rza
name,shabila
name,shabina
name,shabina khan
name,shabina praveen
name,shabir
name,shabnam
name,shabnam praveen
name,shabnur
name,shaboob
name,shabra
name,shabreen
name,shabreen fatima
name,shabuddin shah
name,shadab
name,shadab ali
name,shadan @arif
name,shadhana
name,shadhik alli
name,shadhna
name,shadik
name,shadiya
name,shadna
name,shafi mohd
name,shafibul
name,shagufta
name,shagufta islam
name,shagufta@munny
name,shah aftab
name,shah ali
name,shah mohd
name,shahabuddin
name,shahbaz
name,shahboob
name,shahbuddin
name,shaheen
name,shahera
name,shahgujta
name,shahib kumar
name,shahiba
name,shahid
name,shahid ahmad
name,shahid alam
name,shahid kha
name,shahid khan
name,shahida
name,shahin
name,shahin begum
name,shahin praveen
name,shahina @ moti
name,shahir
name,shahista d/o abdul vahid r/o khampur ps chhapar zu
name,shahjad
name,shahjad khan
name,shahjadi khatoon
name,shahna
name,shahnabaz
name,shahnaj
name,shahnam
name,shahnawaj
name,shahnawaj @ sanu
name,shahnawaz
name,shahnawaz shah
name,shahnaz
name,shahnaz begum
name,shahnaz khatum
name,shahnaz khatun
name,shahnaza
name,shahnwaj
name,shahrish
name,shahruf
name,shahrukh
name,shahrukh @tauhid
name,shahrukh khan
name,shahvaj
name,shahwaj
name,shahzad
name,shahzadi
name,shaid
name,shaifali
name,shaikh ajamat
name,shail
name,shaila
name,shailash
name,shailender
name,shailesh
name,shailesh kumar rai
name,shailesh tiwari
name,shaili
name,shailja jakhmola
name,shaina
name,shaira
name,shajid
name,shajiya
name,shakar
name,shakeela begum
name,shakeena
name,shakhtnsana singh
name,shakib
name,shakil
name,shakil ahamad
name,shakil ahmad
name,shakina bano
name,shakir
name,shakir @ bau
name,shakshi
name,shakshi sagar
name,shakshi@ megha
name,shakti
name,shakti kumari
name,shakti singh
name,shakun
name,shakuna bano
name,shakuntala
name,shakuntala devi
name,shakuntala sharma
name,"shakuntala@pooja, divya 2 sal,  diya 5 sal"
name,shakuntla
name,shakuntla devi
name,shakuntla/baby
name,shakutal
name,shalender
name,shalesh
name,shalid
name,shalig ram
name,shalini
name,shalini @ rakhi
name,shalini @ shallu
name,shalini agrawal
name,shalini with child ayush age-6 yrs
name,shallu
name,shaloo @ chinto
name,shalu
name,shalu @ sheetal
name,shalu @ sudesh
name,shalu rathore
name,shalu sabarwal
name,shalu sharma
name,shalu singh
name,sham singh
name,shama
name,shama basi
name,shama parveen
name,shama praveen
name,shama rani
name,shambhu
name,shambhu gupta
name,shambhu jha
name,shambhu lal
name,shambhu munda
name,shambu dayal
name,shambu gujar
name,shami khurana
name,shami walia
name,shamim
name,shamim akhtar
name,shamim ansari
name,shamima
name,shamina
name,shampa
name,shamrin
name,shamshad
name,shamsher  singh
name,shamsher ali @ raja
name,shamshina
name,shamshudin
name,shamsuddin
name,shan mohamad
name,shan mohd
name,shan mohd.
name,shana
name,shanah bano
name,shanaj bano
name,shanawaz
name,shanawaz@heena
name,shanaz
name,shanbhu dutt
name,shanbhu lal
name,shani
name,shani alam @shakir
name,shanichari
name,shanjhan
name,shankar
name,shankar dass
name,shankar gupta
name,shankar kumar
name,shankar kumar @ kalu
name,shankar lal
name,shankar lal gopalani
name,shankar lal meena
name,shankar lal verma
name,shankar malhotra
name,shankar parsad shah
name,shankar sharma
name,shankar singh
name,shankar uppal
name,shankar verma
name,shankar@ kalu
name,shankarlal
name,shankarlal s/o sukharam
name,shanker
name,shanker jha s/o brahmdev jha
name,shankri meena
name,shankuntla
name,shanno
name,shanshak sharma
name,shanta
name,shanta koul
name,shanta meena
name,shanti
name,shanti  w/o shiv kumar
name,shanti bai
name,shanti bandiya
name,shanti devi
name,shanti devi alongh with her daughter khushi  3 yrs
name,shanti gosai
name,shanti lal
name,shanty devi
name,shanty mandal
name,shanu
name,shanu devi
name,shanvaj
name,shanwaj
name,shanwaz anwar
name,sharad kumar
name,sharadhha
name,sharanjeet kour
name,sharat chandran
name,sharda
name,sharda @rajbala w/o ramkishan
name,sharda devi
name,sharda kharadi
name,sharda rao
name,shardanand
name,shardha nand
name,sharee chand @ babu
name,sharib
name,sharinimle
name,sharjprit cour
name,sharmila
name,sharmila @ sanu
name,sharmili
name,sharmistha
name,sharukh
name,sharukh khan
name,sharuna
name,sharwan singh
name,shashai ranjan shah
name,shashank
name,shashank  sanghi
name,shashank sharma
name,shashank yadav
name,shashi
name,shashi @ kajal
name,shashi bala
name,shashi bhusan
name,shashi bhushan
name,shashi kala
name,shashi kant
name,shashi pal
name,shashi pandit
name,shashi seni
name,shashi shrada khalko
name,shashibala
name,shashid khan
name,shashikant
name,shashikant brahaman
name,shashikant mishra
name,shashwat
name,shaswat roy
name,shathi davi
name,shatish kumar
name,shaturughyan chaudhary
name,shaubha ram
name,shaukat khan
name,shaulal
name,shaurabh
name,shavani
name,shaving khatoon
name,shavitri
name,shayam
name,shayam kishor singh
name,shayam kumar
name,shayam lal
name,shayam singh @ sonu
name,shayam sunder
name,shayampuri
name,shayamveer singh
name,shayana
name,shayma
name,shaymu meena
name,shayna
name,shayra
name,shazad @ sanju
name,shazida
name,shbana khatun
name,sheak shakir
name,sheeak azzul hak rahaman
name,sheela
name,sheela bhanat
name,sheela devi
name,sheela jain
name,sheela kumar
name,sheela kumari
name,sheela nain
name,sheela rani
name,sheelu
name,sheelu lata sahu
name,sheensar pal
name,sheenu
name,sheetal
name,sheetal and child jeet
name,sheetal prsad
name,sheetal verma
name,shefali
name,shefali@puja
name,sheh nawaz
name,shehnaz
name,shehnaz @ ravina
name,sheikh azhar ali
name,sheikh hamidral
name,sheikh matin @ munna
name,sheikh sadam
name,sheikhsai ful
name,sheilesh kumar
name,sheish jha
name,shekh malik
name,shekh nasir husain
name,shekh sana
name,shekhar
name,shekhar chand
name,shekhar chand @ makkhan
name,shekher
name,shekiba sheikh mohammad
name,shela
name,shelender yadav
name,shelendra
name,shelesh
name,shelly
name,shenaz
name,sher hasan
name,sher khan
name,sher mahomad
name,sher mohmd
name,sher ram
name,sher singh
name,sheru
name,sheru khan
name,shetal
name,shetal rani
name,shetan
name,shetan gurjar
name,shgita
name,shi girdhari
name,shi8vprakash
name,shib lal singh
name,shiba
name,shibu
name,shidharth shukla urf sumit
name,shiena
name,shifali roshan
name,shika haldhar
name,shikha
name,shikha garg
name,shikha gaud
name,shikha haldar
name,shikha kumari
name,shikha rai
name,shikha saklani
name,shikha singh
name,shikha soni
name,shil kherval
name,shila devi
name,shilap
name,shilly parveen
name,shilpa
name,shilpa rani
name,shilpi
name,shilpi kumari
name,shilu
name,shima
name,shima kawar
name,shimala
name,shimla
name,shimla devi
name,shimpi kumari
name,shimran d/o
name,shine
name,shipra
name,shipra pandey
name,shiraj
name,shirishty
name,shish pal
name,shish ram
name,shishpal
name,shishram
name,shishram yadav
name,shishul pal
name,shispal
name,shisupal
name,shital
name,shital & manisha
name,shiteel
name,shittal
name,shiv achariy
name,shiv bhola @ sanjay
name,shiv charan
name,shiv devi
name,shiv kant
name,shiv kant paswan
name,shiv kumar
name,shiv kumar @ rohit
name,shiv kumar @ shibhu
name,shiv kumar rai
name,shiv kumar sharma
name,shiv kumar verma
name,shiv kumari
name,shiv lal nehara
name,shiv mangal rai
name,shiv mohan
name,shiv narayan
name,shiv pal
name,shiv paswan
name,shiv prakash
name,shiv prasad
name,shiv prasad singh
name,shiv ram @ neppu rai
name,shiv sagar
name,shiv sahota @ karan
name,shiv shakti singh
name,shiv singh
name,shiv vesh
name,shiva
name,shiva bai
name,shiva kumar
name,shiva noz
name,shiva singh
name,shiva singhal
name,shivaji rai
name,shivalika
name,shivam
name,shivam @ sweeti
name,shivam arora
name,shivam avwsthi
name,shivam jain
name,shivam kosik
name,shivam koushik
name,shivam mishra
name,shivam rajpurohit
name,shivam s/o
name,shivam saini
name,shivam shkula
name,shivangi
name,shivani
name,shivani :yadav @ shalu
name,shivani @ rinki
name,shivani bhatnagar
name,shivani d/o late sh. rakesh
name,shivani devi
name,shivani gupta
name,shivani sharma
name,shivani@prachi
name,shivbhagvan
name,shivcharan
name,shivji  mathur
name,shivkumari
name,shivlal
name,shivnath
name,shivnath shah
name,shivraj
name,shivraj sain
name,shivraj singh
name,shivram
name,shivyalam
name,shiwani
name,shiwani @ seema
name,shiwani sharma
name,shiwani siyal
name,shiya
name,shjad ali
name,shkil khan
name,shkundla devi
name,shkuntala
name,shkuntala devi
name,shkur khan
name,shlender
name,shm. santosh
name,shma
name,shmejha
name,shneha
name,shoab jamal
name,shoaib
name,shoan singh kandari
name,shobha
name,shobha bano
name,shobha devi
name,shobha kumari
name,shobha ram
name,shobha wati
name,shobharam
name,shobhit kumar
name,shobhit prsad
name,shobina
name,shohan singh soni
name,shoiba
name,shokar khan
name,shokat
name,shokesh
name,shokraji
name,shorav
name,shoukat
name,shoyab s/o
name,shqakuntla
name,shrabani saha
name,shravani shah
name,shrawan @ disko
name,shree bhagwat nishad
name,shree chand
name,shree nanak
name,shree pal
name,shree prakash garg
name,shree ram
name,shree susila bali
name,shree tulsi ram
name,shreee mahaverr prasad
name,shreemati nirmala padwala
name,shreeniwas sharma
name,shri  aladeen
name,shri  chatru
name,shri  rajesh kumar
name,shri  rupa ram
name,shri chand
name,shri dhan singh
name,shri gangabal singh
name,shri gani mohammad
name,shri gulshan kumar
name,shri gyan chnad
name,shri kant
name,shri kant ghore
name,shri kishansingh
name,shri kistur chand jat
name,shri kumar
name,shri kumar parthi
name,shri manoj
name,shri mati amresh
name,shri mati savita
name,shri mati shuda
name,shri memraj
name,shri niwas s/o rameshwar sharma
name,shri pal
name,shri parkash
name,shri parkesh
name,shri puran singh rawat
name,shri ram
name,shri ram mehto
name,shri ram narayan dass
name,shri ram parkash
name,shri ram s/o khsyali ram r/o umariya p/s sindholi
name,shri rameshwar lal
name,shri ratan lal
name,shri subhash chand
name,shri sunil gupta
name,shri. sarwan bairwa
name,shrikant manjhi
name,shrimati
name,shrimati birmo w/o
name,shrimati harkali
name,shrimati jamana
name,shrimati marsi
name,shrimati maya devi
name,shrimati monika jain
name,shrimati seema
name,shrimati shahida urf satto
name,shrimati sunita devi
name,shrimati vipin
name,shrinath prasad sharma
name,shripal
name,shriram
name,shriram asre gupta
name,shriram s/o lakhan dass
name,shrishti
name,shrotam sam gosh
name,shruti
name,shsi kant
name,shubankar
name,shubham
name,shubham chauhan
name,shubham dandriyal
name,shubham giri
name,shubham mangvar
name,shubham meghwal
name,shubham thapa
name,shubham urf sonu
name,shubham yadav
name,shubhm
name,shukla vishwas
name,shukramani
name,shukveer singh
name,shulal gujar
name,shulekha
name,shumita
name,shun shun
name,shur singh
name,shushil
name,shushila balai
name,shushma
name,shushree lalu
name,shusila devi
name,shvani
name,shveta
name,shweta
name,shweta saxena
name,shyad furkahn hussain
name,shyam
name,shyam bihari
name,shyam bodha
name,shyam chirag
name,shyam dhar mishra
name,shyam gopal swarnkar
name,shyam kishn
name,shyam kumar
name,shyam lal
name,shyam lal chawla
name,shyam lal gupta
name,shyam lal meghawal
name,shyam lukka
name,shyam narain pande
name,shyam pal
name,shyam pratap singh @ happy
name,shyam rana
name,shyam sharma
name,shyam singh
name,shyam sunder
name,shyam sundra
name,shyam verma
name,shyama
name,shyamlal
name,shyamvati
name,shyamveer
name,shyan bahadur
name,shymo devi
name,shyoram avatar
name,sibanaz
name,sidarth sharma
name,siddarth chakrwarti
name,siddarth chetri
name,siddharth
name,siddhi dubey
name,sidh lal
name,sidhant tomar
name,sidharath
name,sidhart shukla
name,sidharth
name,sidharth vermani
name,sidheswar
name,sidhi
name,sidhrath kumar
name,sifa
name,sikandar
name,sikandar sahu
name,sikander pal
name,sikender
name,sikha
name,sikha gupta
name,sila
name,silender
name,silpa jain
name,silpi
name,silpi kumari
name,silvia
name,sima
name,sima bai
name,sima devi
name,simabharti
name,similata
name,simmi
name,simmy m.no.-7206252659.
name,simpi kumari
name,simran
name,simran @ashita
name,simran @shalu
name,simran aahuja
name,simran adhikari
name,simran bhishat
name,simran dhawan
name,simran kaur
name,simran malhotra
name,simranjeet kaur
name,simranjeet singh
name,simren
name,sinaa bnau
name,sinder
name,sinil kumar
name,sinta
name,sintu kumari
name,sintu vishwash
name,sipra
name,sira bano
name,siraj
name,sirajuddin
name,sirazudeen
name,sirish
name,sirjna @suji
name,sishpal
name,sispal
name,sisty
name,sita
name,sita @ pooja
name,sita @ sheetal
name,sita devi
name,sita devi  @ satto
name,sita kumari
name,sita ram
name,sita ram saini
name,sita saran
name,sital
name,sitar singh
name,sitara
name,sitara  khatun
name,sitara begum
name,sitara khatoon
name,sitaram
name,sitaram bairwa
name,sitaram pal
name,sitare
name,sitender singh bedi
name,sithal
name,sitra
name,sivam
name,sivani
name,sivani devi
name,siwani
name,siya kandwal
name,siya ram
name,siya ram gupta
name,siyaram modi
name,siza
name,sk abu hasan
name,skunatla
name,smariti
name,smarti  kumari
name,smh.sugana
name,smriti
name,smt  alka rani
name,smt  archana
name,smt  deepmala
name,smt  kanchan devi
name,smt  kaushalya
name,smt  neelam
name,smt  pinky @ sangeeta
name,smt  rajo
name,smt  sarita w/o rajesh  kumar
name,smt aachal
name,smt aarti
name,smt aasha
name,smt aashma
name,smt afrooj
name,smt ajan bai
name,smt akhtri begam
name,smt alkha
name,smt amarin bano
name,smt amita yaday
name,smt amrita singh
name,smt angoori devi
name,smt anita
name,smt anjli malik
name,smt anju
name,smt anupriya @ gudiya
name,smt anuradha
name,smt aruna
name,smt aruna ekka
name,smt asha
name,smt ashan
name,smt babbli
name,smt babita
name,smt bahvarkali
name,smt baleshwari
name,smt balwanti davi
name,smt basanti
name,smt bhagwani
name,smt bhagwani devi
name,smt bharti devi
name,smt bhavana
name,smt bhiwani
name,smt bhori
name,smt bhupendri
name,smt bhuri bai wio lt dhanraj lodha
name,smt billu bai
name,smt bina devi
name,smt bitona
name,smt champa
name,smt chanda
name,smt chanderpati
name,smt chandni devi
name,smt chandra
name,smt chandrakala devi w/o raghuveer lal ro/v ravigr
name,smt channu bansada
name,smt chapma bai
name,smt chetna verma
name,smt chitra
name,smt deepanshi
name,smt deepika
name,smt deu
name,smt deu devi
name,smt devendri devi
name,smt devli
name,smt dhakha devi
name,smt dhaneshwari devi
name,smt dhapa devi
name,smt dhapoo devi
name,smt dhapu
name,smt dharamvati
name,smt dharamveeri
name,smt dimpal gayri
name,smt dipika
name,smt doli
name,smt durga
name,smt fareeda
name,smt firdosh
name,smt foolmati
name,smt fulki w/o bansi lal
name,smt ganga
name,smt gayatri bhil
name,smt geeta
name,smt geeta agarwal
name,smt geeta roat meena
name,smt girjesh
name,smt gita
name,smt gori barman
name,smt gulista
name,smt gulkasha
name,smt gulshan bano
name,smt gunjan
name,smt haju
name,smt haseena
name,smt hasina @ buttr
name,smt hasina @ nasima
name,smt hasmi
name,smt hina
name,smt hury
name,smt husna
name,smt indera devi
name,smt indra
name,smt indra devi
name,smt indra sahu
name,smt indu devi
name,smt ishawari
name,smt itvarya
name,smt jaimala
name,smt jalma devi
name,smt jamna
name,smt jaya
name,smt joty
name,smt joyti
name,smt jyoti
name,smt jyoti devi
name,smt jyoti sharma
name,smt kailashi
name,smt kajal
name,smt kajal @ shivani
name,smt kala
name,smt kaladevi choubisa
name,smt kali
name,smt kali devi
name,smt kalpana
name,smt kamala
name,smt kamla deve
name,smt kamla meena
name,smt kamlesh
name,smt kanchan
name,smt kanchan devi
name,smt kanika
name,smt kaushalya
name,smt kavita
name,smt kavita bai
name,smt kavita w/o ganesh harijan
name,smt kelashi
name,smt kishan davi
name,smt kishna bai
name,smt kmla davi
name,smt komal
name,smt krishana
name,smt kristina
name,smt kusum davi
name,smt kusum nagda
name,smt kusumlatta
name,smt ladidavi
name,smt lakhihadar
name,smt lakshmi devi  w/o manoj singh  rawat age 27 ye
name,smt lali
name,smt lali devi
name,smt lalidavi
name,smt lalita
name,smt lata
name,smt lata davi
name,smt lata devi
name,smt laxmi
name,smt laxmi @ babli
name,smt laxmi @ ragni
name,smt laxmi devi
name,smt laxmi urf gudiya
name,smt leela
name,smt leela kunwar
name,smt madhu
name,smt magla
name,smt maharaj
name,smt maheswari
name,smt mahima bajaj
name,smt mamata
name,smt mamta
name,smt mamta devi
name,smt mamta harijan
name,smt mangi bai with child
name,smt manisha
name,smt manju
name,smt manju devi
name,smt manju jat
name,smt manjula tirger
name,smt manjula v putri mital
name,smt mariyam
name,smt maya
name,smt maya balai
name,smt maya devi
name,smt maya megwal
name,smt meena
name,smt meena devi
name,smt meenakshi
name,smt meera devi bawri
name,smt mena
name,smt mholani
name,smt mina
name,smt mithlesh
name,smt mohani bai
name,smt mohni
name,smt momin
name,smt momina
name,smt moni
name,smt monika
name,smt mota
name,smt motiya
name,smt mukesh
name,smt munna kumari
name,smt munni devi
name,smt nanhi devi
name,smt narayn kaur
name,smt nargish
name,smt narmda
name,smt natu kanwar
name,smt nawali
name,smt nazama
name,smt neelam
name,smt neelu kavar
name,smt neeraj deve
name,smt neeraj devi
name,smt neeru gadari
name,smt neeru sharma
name,smt neetu
name,smt nidhi
name,smt nilam
name,smt nima garasiya
name,smt nirmla bai
name,smt niru
name,smt nisha
name,smt nitu kumari
name,smt panchi devi urf sita devi
name,smt pano devi
name,smt pari bai
name,smt parkashi
name,smt parmila
name,smt parsi
name,smt parwati
name,smt parwati devi
name,smt payal
name,smt phoola devi
name,smt pinki devi
name,smt pooja
name,smt pooja kumari age 18
name,smt poonam
name,smt prakshi devi
name,smt preeti
name,smt preeti devi
name,smt prem devi
name,smt prem lata gupta
name,smt prema devi
name,smt premi devi  &balbant singh&ishwar singh & yuva
name,smt premkanta
name,smt priti
name,smt priya sharma
name,smt priyanka ghai
name,smt puja
name,smt puja @ bharti joshi
name,smt punam
name,smt punam bailwal
name,smt purnima
name,smt pushpa
name,smt radha
name,smt radha devi
name,smt rajani
name,smt rajbala
name,smt rajdulari
name,smt raji devi
name,smt rajjoo @ rajni
name,smt rajkumaree
name,smt rajkumari
name,smt rajni
name,smt rajni devi
name,smt rakhi
name,smt rakhila
name,smt ramila
name,smt rani devi
name,smt ranjna verma
name,smt ranu
name,smt ratni
name,smt ratni bai
name,smt reena
name,smt reetu
name,smt rekha
name,smt rekha mahesvri
name,smt rekha meghwal
name,smt rekha prajapat
name,smt rekha salvi
name,smt rekha suthar
name,smt renu
name,smt renu kanwer
name,smt renu sharma
name,smt rina
name,smt rinki
name,smt rita
name,smt ritu devi
name,smt roma
name,smt roshni gupta
name,smt rubi
name,smt rubina
name,smt ruby devi
name,smt rukhsana
name,smt rukshana
name,smt rupali
name,smt rupi rawat
name,smt sahistha
name,smt sajan kuwar
name,smt sakura brn
name,smt salina @ shasina
name,smt salni devi
name,smt sampat
name,smt samrin
name,smt sangeeta
name,smt sangita
name,smt sangita chaturvedi
name,smt sanjana
name,smt sanju
name,smt santa
name,smt santna
name,smt santosh
name,smt santosh devi
name,smt sapana
name,smt sapna
name,smt sapna adhikari w/o rajnikant
name,smt sarasvati
name,smt saraswati devi
name,smt sarin
name,smt sarita
name,smt sarita davi
name,smt saroj
name,smt satyavati
name,smt savita
name,smt savita devi
name,smt sawtri
name,smt seema
name,smt seema bai
name,smt seeta
name,smt seta devi
name,smt shabanam
name,smt shabnam
name,smt shakashi
name,smt shakuntala
name,smt shakuntla devi
name,smt shalu
name,smt shankarbhaya
name,smt shanta nayak
name,smt shanu
name,smt sharshwati kanwar
name,smt shasi
name,smt shayma
name,smt sheela
name,smt shikha haldhar
name,smt shimla
name,smt shimla devi
name,smt shiya
name,smt shuman
name,smt shyamwati
name,smt shyani devi
name,smt siksha devi
name,smt sima
name,smt simran
name,smt sita devi
name,smt smradhi tyagi
name,smt smshida
name,smt sohan bai
name,smt sohani devi
name,smt sonam
name,smt soni
name,smt sonu sharma
name,smt sudesh davi
name,smt sudha
name,smt sudha bisht
name,smt sugna devi
name,smt sujata
name,smt suman
name,smt sumitra
name,smt sunita
name,smt sunita devi
name,smt surbhi
name,smt sushila rawat
name,smt sushma
name,smt sushma devi
name,smt suzata
name,smt swati mishra
name,smt tara bai
name,smt tara devi
name,smt taravaati
name,smt teena
name,smt tina
name,smt uagant/axra
name,smt uganti devi
name,smt uma @ umiya
name,smt urmila
name,smt usha
name,smt vandana
name,smt versha
name,smt vimala w/o mahesh kalasua
name,smt vimla
name,smt vimla devi
name,smt vinita
name,smt vinod devi
name,smt- lali devi
name,smt- ranikhan
name,smt-sunita devi
name,"smt, manju  devi"
name,smt.  anchhi devi
name,smt. aamna devi
name,smt. amari devi
name,smt. anita
name,smt. anita devi
name,smt. anju
name,smt. annpurna
name,smt. anusuiya
name,smt. asha
name,smt. babita
name,smt. baikunthi devi
name,smt. balti
name,smt. barsa
name,smt. basanta devi
name,smt. benjeer
name,"smt. bhanwari ,nahar singh"
name,smt. bharti
name,smt. bhgavti devi
name,smt. bholi devi
name,smt. brajesh @ minashi
name,smt. champa devi
name,smt. chancal
name,smt. chanchal
name,smt. chanchala
name,smt. chanda
name,smt. chanda devi
name,smt. chander devi
name,smt. chinki
name,smt. choti devi
name,smt. daya
name,smt. dayavati
name,smt. deena kanwar
name,smt. devki devi
name,smt. dipika
name,smt. divya @ chhoti
name,smt. durga
name,smt. durga devi
name,smt. durga nat
name,smt. endrajeet kore
name,smt. ganga devi
name,smt. gattu devi
name,smt. gayatri
name,smt. geeta
name,smt. guddi
name,smt. gudiya
name,smt. gurmala devei
name,smt. gyatri devi
name,smt. gyattri bai
name,smt. hanja bai
name,smt. hemlata
name,smt. hemleta saini
name,smt. indira bai
name,smt. indra
name,smt. jasoda
name,smt. jasoda devi
name,smt. jayoti  rawat
name,smt. jhamaku
name,smt. jyoti
name,smt. kali devi
name,smt. kamala davi
name,smt. kamla devi
name,smt. kamlesh
name,smt. kanchan
name,smt. kanchan devi
name,smt. kanta devi
name,smt. kanya devi
name,smt. kavita
name,smt. kavita bai
name,smt. keshar devi
name,smt. krishana devi
name,smt. krishna devi w/o shankar saini
name,smt. kushma devi
name,smt. ladi bai mali
name,smt. ladi mali
name,smt. ladu kunwar
name,smt. lali
name,smt. lalita
name,smt. lalita devi
name,smt. laltesh
name,smt. laxmi bai
name,smt. laxmi devi
name,smt. laxmi kanwar
name,smt. leela
name,smt. madhu
name,smt. madhu urf sonu
name,smt. madina
name,smt. mahender kaur
name,smt. mamata
name,smt. mamta
name,smt. mamta davi w/o mahesh regar
name,smt. mamta devi
name,smt. manju
name,smt. manju devi
name,smt. manju jat
name,smt. manohari
name,smt. meena
name,smt. meena begam
name,smt. meena devi
name,smt. meena kumari
name,smt. meeno w/0 bhagvaan singh  gurjar
name,smt. meera
name,smt. meera devi
name,smt. mema devi
name,smt. mithilesh sahu
name,smt. mohani devi
name,smt. monika bajaj
name,smt. moti devi
name,smt. munesh devi
name,smt. munna ben w/o bupod bhai
name,smt. munni
name,smt. murti devi
name,smt. muslima bibi
name,smt. nadu devi
name,smt. narayani
name,smt. neelam
name,smt. neeraj
name,smt. nena devi
name,smt. nitu gujar
name,smt. noorjahan
name,smt. papudi
name,smt. paramjeet
name,smt. parmeshwari devi
name,smt. parul
name,smt. parvti devi
name,smt. parwati
name,smt. parwati devi
name,smt. patasi devi
name,smt. pharjana
name,smt. pholwanti
name,smt. phuli devi
name,smt. pinki
name,smt. pinki bai
name,smt. pinki@malti devi
name,smt. pooja
name,smt. pooja devi
name,smt. pooja urf rani
name,smt. prami devi
name,smt. preeti
name,smt. preeti bhati
name,smt. priyanka lamba
name,smt. prwem devi
name,smt. puja
name,smt. pujadevi
name,smt. pushpa
name,smt. pushplata
name,smt. rafikan
name,smt. rahila
name,smt. raismi devi
name,smt. rajani
name,smt. rajkanwar
name,smt. rajni devi
name,smt. rakhi jain
name,smt. ramu devi
name,smt. ramvati
name,smt. rani
name,smt. ranjana devi
name,smt. rashida khatoon
name,smt. rashni
name,smt. ratani
name,smt. reena
name,smt. reena devi
name,smt. rekha
name,smt. rekha jurjar
name,smt. renu
name,smt. renu@rinki
name,smt. resham
name,smt. richa sharma
name,smt. rita
name,smt. rita dewan
name,smt. sabnam
name,smt. sabra @ jamsida
name,smt. sadhana
name,smt. sahjadi
name,smt. sandya jain
name,smt. sangeeta  urf sonu
name,smt. santa
name,smt. santosh devi
name,smt. santosh with her four children
name,smt. santoshi
name,smt. sapna
name,smt. sarswati devi
name,smt. sasibala
name,smt. savita
name,smt. savita devi
name,smt. sawitri regar
name,smt. seema
name,smt. seema jat
name,smt. seema kanwar
name,smt. seema kunwar
name,smt. seema pandya
name,smt. seema sharma
name,smt. seeta
name,smt. sefali das
name,smt. shakuntala
name,smt. shakuntla devi
name,smt. shano
name,smt. sharda devi
name,smt. sheetal
name,smt. shila d/o bharulal jat
name,smt. shobha
name,smt. shweta gupta
name,smt. sima devi
name,"smt. simran or seema,"
name,smt. sita
name,smt. sniya banu
name,smt. sobha
name,smt. somanti w/0 ghyanshyam kanjar
name,smt. somi
name,smt. soni
name,smt. soniya
name,smt. sonu kumari
name,smt. sukhdeep kaur w/o nishan singh
name,smt. sukhwanti bai
name,smt. suman
name,smt. suman devi
name,smt. sumitra
name,smt. sunita
name,smt. supyar
name,smt. surender chopra
name,smt. susheela
name,smt. sushila
name,smt. sushma
name,smt. tamu
name,smt. teena gameti
name,smt. tulasi devi
name,smt. udi
name,smt. ugam  kanwar
name,smt. uma halshi
name,smt. urmila
name,smt. urmila devi
name,smt. usha
name,smt. usha jatav
name,smt. vidhya tiwari
name,smt. vimla devi
name,smt. vinder kaur
name,smt.aabida
name,smt.anta devi
name,smt.asha sharma
name,smt.beena chouhan
name,smt.chhoti devi
name,smt.farhana baigum
name,smt.ganga devi
name,smt.kalawati
name,smt.kanta devi & garima
name,smt.khasti devi
name,smt.kiswar jahan
name,smt.laxmi
name,smt.lokesh
name,smt.mamta devi
name,smt.manju devi
name,smt.meera devi
name,smt.nisha
name,smt.nitu devi
name,smt.nosar devi
name,smt.parwati
name,smt.pinky
name,smt.pooja
name,smt.prema devi
name,smt.ranni
name,smt.sabita daive
name,smt.saroj
name,smt.sehran
name,smt.sunita
name,smt.sunita devi
name,smt.sushil w/o fateh singh
name,smt.vasida
name,smts amarawati
name,smts. gaytri devi
name,smts. guddiya
name,smts. manju
name,smts. rekha
name,smts. shakuntala
name,smts. vimala devi
name,sna
name,snah lata
name,sneh lata
name,sneha
name,sneha kumari
name,sneha singh
name,snehlata
name,snehlata with a girl nancy
name,sngeeta
name,snjana
name,sntosh
name,soam chokeyiyakra
name,soba d/o ajay kr
name,"soban singh rawat,"
name,sobha
name,sobha devi
name,sobha kumari
name,sobha veshy
name,sobi @ farhan
name,sobit saini
name,sodan singh
name,sofali
name,sohaib
name,sohail
name,sohal pal
name,sohan bai
name,sohan kumar
name,sohan lal
name,sohan singh
name,sohan singh rana
name,sohan singh rawat
name,sohan singh urf rupsingh
name,sohan uraf pinta
name,sohanlal
name,sohanpal
name,soheb
name,sohel
name,sohi
name,sohib
name,sohil
name,sohnal kumar singh
name,sohni
name,sok. mohmad
name,sokat
name,sokin
name,som
name,som dutt
name,som nath
name,soma
name,soma bera
name,soma mandal
name,sombir
name,somdath
name,somdevi
name,somender
name,somesh
name,somi toddu
name,somil kumari
name,somnath
name,somnath banarji
name,somnath batra
name,somnath joshi
name,sompal
name,somprakash
name,somwati
name,somwati @ neha
name,son pal@ sonu kumar
name,sona
name,sona bai
name,sona devi
name,sona devi with a child krishna
name,sona lal
name,sona sarkar
name,sona sood
name,sonaki devi
name,sonal seth
name,sonali
name,sonali bankoti
name,sonali haldar
name,sonali panchal
name,sonali pandey
name,sonali priydarshni jaina
name,sonali urf juhi
name,sonam
name,sonam @ ranjana
name,sonam @ rukaiya
name,sonam bano
name,sonam d/o
name,sonam kawar
name,sonam kumari
name,sonam sania
name,sonam w/o
name,sonam w/o kanhiya gurjar
name,sone lal bhanderi
name,sone lal shah
name,soni
name,soni @ bharti
name,soni @ farha
name,soni @ nilam
name,soni @ sonia
name,soni d/o
name,soni devi
name,soni khati
name,soni khatoon
name,soni kumari
name,soni mishra
name,soni prasad
name,soni soran
name,soni yadav
name,soni@ chunnu
name,soni@ kanchan devi
name,sonia
name,sonia @ sonu
name,sonia banerjee
name,sonia devi
name,sonia kapoor
name,sonia rathore
name,sonia sapra
name,sonia tiwari
name,sonia verma
name,sonia with her daughter sonikshi age- 3 month
name,sonika
name,sonika brahmin
name,sonika sharma
name,soniya
name,soniya @ chanchal
name,soniya @ pinki
name,soniya @ soni kumari
name,soniya hudda
name,soniya pandit
name,soniya w/o jauhar
name,"soniya, two daughter  janvi and manvi, ram bhawan"
name,sonu
name,sonu @ deshraj
name,sonu @ devid
name,sonu @ kaliya
name,sonu @ kalu
name,sonu @ savita
name,sonu @ sorabh
name,sonu @ vijay
name,sonu @ virendra
name,sonu berwa
name,sonu bhawsar
name,sonu devi
name,sonu dhakad
name,sonu goyal
name,sonu gupta
name,sonu jangir
name,sonu kanwar
name,sonu kumar
name,sonu kumari
name,sonu mehra
name,sonu mishra
name,sonu morya
name,sonu pandey
name,sonu pandy
name,sonu rawat
name,sonu roy
name,sonu s/o raj kumar
name,sonu sah
name,sonu saksena
name,sonu sharma
name,sonu yadav
name,sonu@akil
name,sony
name,sony @ madhubala
name,sony jha
name,sony parveen
name,sony w/o bhola
name,sonyi
name,soona bai
name,soonam
name,sooraj @ bakhu
name,sorab
name,sorab siaq
name,sorabh
name,sorabh @ shubham
name,sorabh aggarwal
name,sorav
name,sorbh
name,sosan devi
name,sosari gameti
name,sosri bai
name,sotaj singh
name,sourab verma
name,sourabh
name,sourav
name,sourav @ sumit
name,souvik banerjee
name,sowar singh
name,soyab
name,soyam
name,sozi sarju
name,spana
name,sparsh
name,spna
name,srheeram s/o chimana ram
name,sri kant
name,sri-dwrikaprasad
name,sri-suraj negi
name,srikant
name,srimati banti
name,srimati radhika
name,sriniwash sarama
name,srishty @ sona d/o
name,srita
name,srita devi
name,st sakuntala gulati
name,stephen topo
name,stifen john
name,su-shree    pooja
name,su-shree  pishta
name,su.shree  jasoda
name,su.shree. sunita  nai
name,subani
name,subash
name,subash bim
name,subash rai
name,subash shani
name,subato mukherjee
name,subburaiyalu
name,sube singh
name,subesh
name,subhadra
name,subhadra rani
name,subhagi @ pinki
name,subhagya
name,subhakar @ bablu
name,subham
name,subham @ vikash
name,subham jain
name,subham krishna
name,subham kumar yadav
name,subham madhwal
name,subham negi
name,subham sahu
name,subham sharma
name,subhan
name,subhan khan
name,subhangi sadashiv jadhav
name,subhapal
name,subhas
name,subhas @ piyus
name,subhash
name,subhash aurao
name,subhash chand
name,subhash chand bhatia
name,subhash chander sukhija
name,subhash kumar
name,subhash lal
name,subhash mulla
name,subhash nimbolkar
name,subhash rampal
name,subhash raoji deyo
name,subhash sharma
name,subhash singh bisht
name,subhash vharma
name,subhdra kumar
name,subhi khan
name,subhiya bibi
name,subhod
name,subhodh
name,subin sugathan
name,subjeet vishavkarma
name,subodh
name,subodh kumar
name,subodh yadav
name,subrati
name,succha singh
name,sucheta gupta
name,suchi sharma
name,suchit jain
name,suchita marki
name,suchitra
name,suda sharma
name,sudama
name,sudama with 2 children
name,sudan ji
name,sudarshan
name,sudershan bala
name,sudershan gopal
name,sudesh
name,sudesh devi
name,sudesh kumar
name,sudesh kumar @ suresh
name,sudesh kumari
name,sudesh rani
name,sudeshwer
name,sudha
name,sudha @ rajwati
name,sudha devi
name,sudha kumari
name,sudha w/o ramkumar
name,sudha yadav
name,sudhama
name,sudhanshu kumar kiran
name,sudhansu
name,sudhata
name,sudhdev
name,sudhir
name,sudhir gupta
name,sudhir kumar
name,sudhir m.no.-8295508258.
name,sudhir mandal
name,sudhir singh
name,sudma aggarwal
name,sufia
name,sufian
name,sufiya
name,sufiya khan
name,sugai vishwas
name,sugandb
name,sugandha thakor
name,suganti @ sonali
name,sugar singh
name,sugna
name,sugna meena
name,sugodh kumar
name,suhagini
name,suhail
name,suhaliya
name,suhana baano
name,suhani
name,suhani @ chhutki
name,suhani & her son sandeep
name,suhani devi
name,suhani singhal
name,suhel @ nanu
name,suhsmita
name,suja ram
name,sujal
name,sujan s/o rajesh
name,sujanti
name,sujata
name,sujata @ sonu
name,sujata dhawan
name,sujata yadav
name,sujata@ sonu
name,sujeet gupta
name,sujeet haldal
name,sujeet kumar
name,sujeet kumar jha
name,sujeet vishwas
name,sujen manjhi
name,sujit
name,sujit jha
name,sujit kumar
name,sujit kumar jha
name,sujit singh chaudhary
name,sujli
name,sukanya
name,sukar yadav
name,sukenta
name,sukesh kumar choudhary
name,sukh  oya
name,sukh dev
name,sukh dev prasad nirala
name,sukhavinder singh
name,sukhbeer singh
name,sukhbir
name,sukhbir kaur
name,sukhbir singh
name,sukhbir tanwar
name,sukhdev
name,sukhdev manjhi
name,sukhdev prasad
name,sukhdev singh
name,sukhdevi
name,sukheeya
name,sukhlal
name,sukhmit yadav
name,sukhpal
name,sukhpal singh @ monu
name,sukhpreeet kour
name,sukhram
name,sukhsohan
name,sukhveer singh
name,sukhvinder singh
name,sukhvir kaur
name,sukjveer singh
name,sukka singh
name,sukkhu
name,sukmani
name,sukrita munni
name,sukshana
name,sukul @ sonu
name,sukumar
name,sulekha
name,sulekha kumari
name,suleman
name,sulender
name,sulochna
name,sulochna devi
name,sultan
name,sultan singh
name,sultana
name,sultana begam
name,sultana begum
name,suma
name,sumaila
name,sumalia
name,suman
name,suman ( with two child )
name,suman @ sabnam
name,suman bairwa
name,suman chaudhary
name,suman chobe
name,suman devi
name,suman giri
name,suman gungi
name,suman kumar
name,suman kumari
name,suman kushwah
name,suman lal
name,suman lata
name,suman mali @ sumit
name,suman nagar
name,suman or lali meena
name,suman rani
name,suman rao
name,suman shakawat
name,suman sharma
name,suman singh chauhan
name,suman tiwari
name,suman uppal
name,suman w/o ganga ram
name,suman with a child vishal
name,sumanlta
name,sumant @  chintu
name,sumanthra
name,sumedha mehditha
name,sumemtra
name,sumender pradhan
name,sumentra
name,sumer
name,sumer chand @ sona
name,sumer malik
name,sumer singh
name,sumesh
name,suminder
name,sumirta
name,sumit
name,sumit agarwal
name,sumit bainsla
name,sumit bhasin
name,sumit chakarwarti
name,sumit chhouhan
name,sumit chugh
name,sumit kumar
name,sumit mitra
name,sumit parkash
name,sumit raghav
name,sumit rathi
name,sumit risidev
name,sumit sah
name,sumit singh
name,sumit tiwari
name,sumit verma
name,sumit yadav
name,sumita devi
name,sumitra
name,sumitra bai
name,sumitra devi
name,sumitra roat
name,sumitra shah
name,sumitra thapa
name,sumnesh
name,sumoranjam
name,sunaina
name,sunaki w/o kallu
name,sunali
name,sunarkali
name,sunarki devi
name,sunayna
name,sundar
name,sundar lal
name,sundar pal
name,sundar singh
name,sundari
name,sundeep kumar
name,sundeep kumar singh
name,sunder
name,sunder  singh
name,sunder @ bablu
name,sunder bai
name,sunder devi
name,sunder jha
name,sunder lal
name,sunder lal mongia
name,sunder lal tiwari
name,sunder munni kumari
name,sunder paal
name,sunder singh
name,sunder singh kaintura
name,sunder yadav
name,sundga
name,sundri
name,sundri bai
name,suneel chauhan
name,suneel kumar
name,suneeta
name,sunena
name,suneta
name,sunhara @shabnam
name,sunil
name,sunil @ anurag
name,sunil @ fouji
name,sunil @ lala
name,sunil @ rajesh
name,sunil agarwal
name,sunil burman
name,sunil chauhan
name,sunil chopra
name,sunil dutt
name,sunil garg
name,sunil gujar
name,sunil gupta
name,sunil gurjer
name,sunil janu
name,sunil kannujiya
name,sunil kansal
name,sunil keshri
name,sunil kimar
name,sunil kuamr jain
name,sunil kumar
name,sunil kumar @ bunty
name,sunil kumar bharati
name,sunil kumar gupta
name,sunil kumar mehto
name,sunil kumar singh
name,sunil kumar verma
name,sunil ladkani
name,sunil mehta
name,sunil sharma
name,sunil singh
name,sunil uref gouradhan jat
name,sunil yadav
name,sunil@ mukesh
name,sunil@monu
name,sunilrawat
name,sunita
name,sunita @ jyoti
name,sunita @ kajal
name,sunita @ pooja
name,sunita @radha
name,sunita bai
name,sunita das
name,sunita dass
name,sunita devi
name,sunita devi with daughter sanghna
name,sunita haddu
name,sunita indora
name,sunita kanwar
name,sunita kaur
name,sunita kumari
name,sunita kumawat
name,sunita panchal
name,sunita pancholi
name,sunita rai
name,sunita rana
name,sunita rani
name,sunita urf sonu
name,sunita verma
name,sunita w/o ajab singh
name,sunita w/o sunil kumar
name,sunita with her daughter
name,sunita with her two minor children namely sandhya
name,sunita yadav
name,sunitha
name,sunny
name,sunny goyal
name,sunny koli
name,sunny kumar
name,sunny kumari
name,sunny mann
name,sunny rathor
name,sunpreet kaur d/o
name,suntia
name,supiriya @ muskan
name,supna @ wahida
name,supriya
name,supriyal sen
name,supyar bagriya
name,suraiya
name,suraj
name,suraj @ kukku
name,suraj @ pinku
name,suraj @ sonu
name,suraj bahadur
name,suraj bhan
name,suraj bhatia
name,suraj hajara
name,suraj kewat
name,suraj kumar
name,suraj kumari
name,suraj malhotra
name,suraj manda
name,suraj munda
name,suraj nath yadav
name,suraj pal
name,suraj pal @ amit
name,suraj panday
name,suraj paswan
name,suraj puri
name,suraj rana
name,suraj rathi
name,suraj sahay sharma
name,suraj sharma
name,suraj singh
name,suraj tiwari
name,suraja ram
name,surajbhan
name,surajmal
name,surajmal @ sonu
name,surajpal
name,surat singh
name,surbhi
name,surekha
name,surekha bairagi
name,surendar
name,surender
name,surender @ kala
name,surender @ manoj
name,surender @ pale ram
name,surender @ prince
name,surender @ ramu
name,surender bansal
name,surender kapoor
name,surender kour @ soniya
name,surender kumar
name,surender kumar singh
name,surender kumar yadav @ kaku
name,surender mandal
name,surender mukhiya
name,surender nath saini
name,surender pal
name,surender pal arora
name,surender sain
name,surender singh
name,surender singh chauhan
name,surender singh rathore
name,surender@mannu
name,surendera saini
name,surendera singh
name,surendr
name,surendra
name,surendra kumar
name,surendra kumar mandal
name,surendra singh
name,suresh
name,suresh  kumar @ munna
name,"suresh ,umar jain"
name,suresh @ pappi
name,suresh @raja
name,suresh chand
name,suresh chand chakarwati
name,suresh chander
name,suresh chandra
name,suresh dass
name,suresh devi
name,suresh durg
name,suresh kumar
name,suresh kumar @ shashi
name,suresh kumar jain
name,suresh kumar s/o ram dulare
name,suresh mehta
name,suresh paswan @ madari
name,suresh sanwal
name,suresh singh
name,suresh talwar
name,suresh thakur
name,suresh@tinku
name,surgayan kanwar
name,surgayani
name,surgyan
name,surinder kumar
name,surinder singh
name,surindera rajpal
name,suriti
name,surja jat
name,surjeet
name,surjeet kaur
name,surjeet kaur @ surjeeto
name,surjeet kour
name,surjeet singh
name,surjeet singh banjara
name,surjit
name,surjit singh
name,surjiya kumari
name,surti kumari
name,surya dev singh
name,surya kumar saini
name,surya narayan
name,surya narayan mukhiya
name,suryanath pal
name,sus shri  aalabndi
name,susan subva
name,susant
name,susanto dass
name,sushail singh
name,sushama
name,sushant
name,sushant gupta
name,sushela devi
name,sushhmita dass and his son ayush dass
name,sushil
name,sushil  @ pintu
name,sushil gautam
name,sushil gupta
name,sushil kumar
name,sushil kumar arora
name,sushil sharma
name,sushila
name,sushila devi
name,sushila kapoor
name,sushma
name,sushma devi
name,sushma kapoor
name,sushma rana
name,sushma tyagi
name,"sushma with khushi , ankush"
name,sushmendra kumar @ chandan
name,sushmita
name,sushmita bishwas
name,sushmita mandal
name,sushmita rai
name,sushmita rao
name,sushpal
name,sushree durga bai
name,sushree kali bai
name,sushree sagar
name,sushree veena
name,sushri manju
name,susila
name,susila gudiya
name,susila rawat or arti rawat
name,susma
name,susmata dass
name,susmita
name,susri madhuri d/o jagdishchandra bhat r/o34 b panc
name,sut. suman khatik
name,sutiya
name,suwa lal
name,suwadhin shriwastava
name,swadhin beswal
name,swagtika
name,swaliya
name,swami nath
name,swami nathan
name,swapam som
name,swapanesh gupta
name,swaranjeet kaur
name,swarn
name,swata mishra
name,swati
name,swati joshi
name,swati sharma
name,swati singh
name,swati thakur
name,swati yadav
name,swatri
name,swedesh mahaldar
name,sweeti
name,sweety
name,sweta
name,sweta anand
name,sweta d/o radheshyam
name,sweta d/o ravi
name,sweta ksiyap
name,sweta kumari
name,sweta sharma
name,sweta tamka
name,swetha @ neha
name,swetna shristi
name,switi
name,syamsunder
name,syed ali hashmi
name,syed arafat husain
name,syham singh
name,taar babu
name,tabassum
name,tabassum urf mona
name,tabasum
name,tabbasum
name,tabbsum
name,tabbusum
name,tabbwum
name,tabssum @ gudiya
name,tabsum khanm
name,tabwsum
name,tafsir
name,tahir
name,tahir hussain
name,tahir mohmaddi
name,tahira
name,tahira bibi
name,tahseen ssifi
name,taitra devi
name,taiyab khan
name,taj
name,taj b
name,taj mohd
name,tajinder
name,tajinder kaur
name,tajmaha
name,tajrani
name,tajuddin
name,tajwar singh @ mukesh
name,tak chand
name,taki moon
name,takshila arora
name,taleem
name,talib
name,talib kha
name,talim
name,talvender
name,tamana
name,tamana banu
name,tamanna
name,tamanna banu
name,tameezuddin
name,tammanne
name,tamnna
name,tamsa
name,tane jain
name,tania
name,tania parveen
name,tanish
name,tanisha
name,"tanisha d/o govin ram r/o 24/86, 1st floor, tilak"
name,tanisha rana
name,tanisha sharma
name,taniya
name,taniya saini
name,tanjima
name,tanmay
name,tanmay dev nath
name,tannu
name,tannu saini
name,tanu
name,tanuj kandpal
name,tanuja
name,tanuja devi
name,tanushri
name,tanveer
name,tanveer malik
name,tanvi raheja
name,tanvir
name,tanvir ahmad
name,tanvir fatma
name,tanya
name,tanya chopra
name,tanya mishra
name,tapan  kumar
name,tapan kumar
name,tapan kumar ghos
name,tapan mandal
name,tapas das
name,tapas nandi
name,tapender upadyay
name,tapish  chorasiya
name,tapsam
name,tapsya tyagi
name,tapsyum
name,tara
name,tara chand s/o sultan
name,tara chand sharma
name,tara chandra @ billu
name,tara d/o shivmurti
name,tara devi
name,tara dutt suyal
name,tara kanwar
name,tara munda
name,tara parshad
name,tara singh rawat
name,tarachand
name,tarachand @ pappu
name,taramati
name,taran devi
name,taranjeet kaur
name,tarannum
name,tarannum @ arshi
name,tarawati
name,tarawati devi
name,tarbez ansari
name,tarif
name,tariq
name,tarjan
name,tarnnum
name,tarnum
name,tarun
name,tarun @ arun
name,tarun @ monu
name,tarun @monu
name,tarun kuamr
name,tarun kumar
name,tarun ragav
name,tarun sharma
name,tarun soni
name,tarun suyal
name,tarun upadhyay
name,tarun vadhuva
name,tarun yadav
name,taruna
name,tarunnam
name,tasbiha siddique
name,tashkkur sultana
name,tashnim
name,tasleem
name,taslim
name,taslima
name,tasmina
name,tasnim firoz
name,tassadul omar
name,tasveeran
name,taufik
name,taufik alam
name,tauseek
name,taushif
name,taushif raza
name,tausin
name,tavinder kumar
name,tavraj
name,tavvasum
name,tayab
name,tazaudeen @ kabadi
name,teekam
name,teena
name,teena @ sobha
name,teena bhambi
name,teena kanwar
name,teenu
name,teerath ram
name,teerath singh
name,tehmina
name,tej kiran sharma ( taniya )
name,tej pal singh
name,tej prakash
name,teja ram
name,tejender kaur
name,tejender singh
name,tejpal
name,tejpal agarwal
name,tejpal sharma
name,tejpal singh
name,tejvir
name,tek bahadur
name,tek chand
name,"tek chand s/o nanu ram r/o h.no.105, 3rd floor, pk"
name,tekchand
name,tepu mohd
name,terence nameirak pam
name,thakur das
name,tharu singh
name,tikaram
name,tikku
name,tilak raj
name,tilakraj
name,tilakram
name,tilk raj
name,tina
name,tina kour
name,tinki
name,tinku
name,tinku kumar @ avinash gupta
name,tinku singh
name,tinvkal sharma
name,tipu
name,tirath
name,tirlok joshi
name,tirlok singh
name,tisar parasar
name,tisha urf megha sen
name,titu
name,titu@devender
name,tiwankle
name,tiwnkal
name,tofik
name,tofik ahmed
name,tohid
name,tohir
name,tohmeena
name,tohseeem
name,tolaram / bhanvar lal
name,toni @ daya nanad
name,toni@punit
name,tony
name,tool bahadur
name,toquir ali
name,toshar bhatiya
name,tosif @ paevesh
name,trannum
name,tranoom
name,traun kumar
name,trepti aggarwal
name,tribavan
name,trijugi narayan sukla
name,trilochan kakkar
name,trilock chand
name,trilok
name,trilok agrawal
name,trilok chand
name,tripta
name,tripti
name,tripti @ neeraj
name,tripti rawat
name,tripurari
name,triveni
name,trlokchand
name,tuba fatima
name,tufail
name,tufail ahamd
name,tufel
name,tuka ram
name,tuka ram maruti ghonde
name,tulcharam
name,tulki lauhar
name,tulsa
name,tulsha
name,tulshi ram
name,tulsi
name,tulsi  kumari
name,tulsi @ sulekha
name,tulsi devi
name,tulsi parashar
name,tulsi sharma
name,tulsiram
name,tumpa
name,tumpa biwi
name,tumpa das with a child roma das
name,tumpa mundal
name,tunda urf nathi
name,tundiram
name,tunni lal
name,tunni lal jaiswal
name,turveny
name,tushal bhandri
name,tushar
name,tushar bansal
name,tushar bhaskar
name,tushar saini @ vishal
name,tushar singh
name,tushar vats
name,twenkle
name,twinkal
name,twinkil
name,twinkle
name,tyara
name,uda ram
name,udai narayan panda
name,udai pratap singh
name,udaiveer
name,udaiy kumar
name,udal singh
name,uday
name,uday lal
name,uday partap
name,uday singh
name,uday veer
name,udesh jha
name,udham
name,udi bai
name,udit
name,udit kumar @ pingu
name,udita
name,udmai ram
name,uganta
name,ugma parveen
name,ujama parveen
name,ujamma
name,ujir khan
name,ujjair
name,ujjawal upadhyay
name,ujjwal kumar @ bittu
name,uma
name,uma @ barkha
name,uma @ reena
name,uma bharti
name,uma davi
name,uma devi
name,uma kasav
name,uma kumari
name,uma ram
name,uma shankar
name,uma shankar soni
name,uma verma
name,uma yadav
name,umakant
name,umakant tiwari
name,umanath @ nanda babu
name,umang gupta @ chiku
name,umar
name,umar daraj
name,umar farooq
name,umar farukh
name,umardaraz
name,umardeen
name,umasankar
name,umashankar @ pappu
name,umashankar khanduri
name,umashankar prajapatti
name,umashanker
name,umda khatoon
name,umedi devi
name,umesh
name,umesh chand
name,umesh kumar
name,umesh patidar
name,umesh s/o suresh
name,umesh yadav
name,umesha
name,umlesh
name,umma kumari
name,umme kool sum sitara jahan
name,umrawti devi
name,unkar meena
name,unknown
name,unknown @ monu
name,unknown person
name,unnati
name,upasana @anshu
name,upasna
name,upender
name,upender choudhry
name,upender dass
name,upender jha
name,upender khandelwal
name,upender mehto
name,upender narayan jha
name,upender singh
name,upender yadav
name,upendra kumar
name,urendra gupta
name,urmila
name,urmila  rawat
name,urmila bai
name,urmila devi
name,urmila thauri
name,urmila tiwari
name,urmila w/o lt. ashok kumar
name,urmila with child
name,urvarshi
name,urvashi
name,urvashi singh
name,urwashi
name,usha
name,usha ankar
name,usha damor
name,usha devi
name,usha devi with her two child-dheeraj & shivani
name,usha mathews
name,usha nagar
name,usha parmanand
name,usha sen
name,usha sharma
name,usha singh
name,usmaan
name,usman
name,usman khan @ babloo
name,utam singh
name,utkarsh jha
name,utpana davi
name,uttam
name,uttam kumar @ sanki
name,uzma
name,v. rajan thomas
name,v.b.  sumramanya jaya prakash chandra
name,v.r.thomas
name,vadhi
name,vahab
name,vaibahv
name,vaibav gupta
name,vaibhav
name,vaid prakash
name,vaijanti devi
name,vaishali
name,vaishali  @ vishu
name,vaishanvi
name,vajid ali
name,vakeel
name,vakesh sulemani
name,vakil
name,vakila
name,valentina anglika
name,vandana
name,vandana gupta
name,vandana kumari
name,vandana sharma
name,vandhana
name,vandhna
name,vandita
name,vandna
name,vandna @ krishma
name,vandna urf meenu
name,vandna w/o sunny
name,vanish khan
name,vansh
name,vansh goel
name,vanshika
name,vanshu
name,vansu dev
name,varda khan
name,varisha
name,varsa
name,varsh
name,varsha
name,varsha bagalia
name,varsha dhania
name,varsha garg @ hunny m.no.-8901040854
name,varsha kumari
name,varsha sharma
name,varsha tiwari
name,varsha w/o sunil kumar
name,varun
name,varun @ nishu
name,varun anand
name,varun bansal
name,varun chandela
name,varun gupta
name,varun jangra
name,varun kalra
name,varun kumar
name,varun mandal
name,varun s/o mahinder pal
name,vasa ram
name,vaseem
name,vaseem @ monu
name,vashanavi @ mona
name,vashila
name,vashisast
name,vashu
name,vashudev
name,vasim
name,vasim @ bhoora
name,vasim khan
name,vasiya khatun
name,vasu nanoma
name,vasuki thakur
name,vazid
name,ved kumar yadav
name,ved pal
name,ved parkash
name,ved parkash shani
name,ved prakash
name,ved raj
name,vedanand mishra
name,vedehi
name,vedh prkash
name,vedprakash
name,vedprakash sharma
name,veejita
name,veena
name,veena ben damor
name,veena gupta
name,veena rai
name,veena sharma
name,veena tandan
name,veena w/o sanjay
name,veenita
name,veenu
name,veepal singh
name,veepinchand midas
name,veer
name,veer bahadur
name,veer bhan
name,veer bhan singh
name,veer singh
name,veer singh@ monu
name,veera devi
name,veerander
name,veerbhan
name,veerendra singh
name,veeri singh
name,veeri singh jatav
name,veermati
name,veero @ veerwati
name,veerpal
name,veerpal kour
name,veerpal singh
name,veeru
name,veeru kumari
name,velaram
name,venkatswaran rama swamy
name,verendra pratap singh @ rinku
name,veronika bhinder
name,versa
name,versha
name,versha chandera
name,vesali
name,veshali
name,vi jay kumar  malhotra
name,vibha
name,vibha bassi
name,vibha devi
name,vibhash s/o
name,vibhuti shyamal
name,vicakha sahani
name,viccky
name,vichitra sharma
name,vickey singh
name,vickky
name,vicky
name,vicky @ gaggi
name,vicky @ raja
name,vicky @ vikash
name,vicky k.c
name,vicky khan
name,vicky kumar
name,vicky malhotra
name,vicky sharma
name,vicky singh
name,vicky verma
name,victor singlai
name,vidha
name,vidha baghel
name,vidha devi
name,vidhavati
name,vidhi
name,vidhi singh
name,vidhya
name,vidhya devi
name,vidisha
name,vidit kumar
name,vidit tyagi
name,vidya
name,vidya devi
name,vidya nand jaiswal
name,vidyadatt josi
name,vidyawati
name,vihsal kumar
name,vijay
name,vijay  banshwal
name,vijay  kumar
name,vijay  kumar tiwari @ pappu
name,vijay @ pappu
name,vijay aggarwal
name,vijay anadn
name,vijay bahadur
name,vijay bansal
name,vijay ghimre
name,vijay gourav @ monu
name,vijay gurjar
name,vijay kapoor
name,vijay karan
name,vijay kaxmi
name,vijay kukreja
name,vijay kuma
name,vijay kumar
name,vijay kumar ghai
name,vijay kumar raghav
name,vijay lakshmi
name,vijay lal
name,vijay laxmi
name,vijay mann
name,vijay nepali
name,vijay pal
name,vijay pal sani
name,vijay pal singh
name,vijay pratap
name,vijay rai
name,vijay rajpoot
name,vijay rath0r
name,vijay saini
name,vijay sharma
name,vijay sharma @ khada chand
name,vijay shing
name,vijay shri vastav
name,vijay singh
name,vijay singhal
name,vijay thakur
name,vijay tyagi
name,vijay virmani
name,vijay wati
name,vijaya devi
name,vijayanta
name,vijaynti
name,vijaypal
name,vijaypal singh
name,vijayta
name,vijendar
name,vijender
name,vijender singh rawat
name,vijendra singh rajawat
name,vijesh sahu
name,vijeta
name,vijeta sexana
name,vikaram
name,vikarm
name,vikarm singh
name,vikas
name,vikas aggarwal
name,vikas goswami
name,vikas gupta
name,vikas kumar
name,vikas kumar & bal ram
name,vikas kumar jha
name,vikas kumar singh @ pappu
name,vikas parshad
name,vikas rajpoot
name,vikas s/o akhilesh
name,vikas thakur
name,vikas thakur s/o hari thakur
name,vikash
name,vikash @ mungeri
name,vikash @kaka
name,vikash arora
name,vikash atwal
name,vikash choudhary
name,vikash gaud
name,vikash jain
name,vikash kasana
name,vikash kumar
name,vikash kumar @ chotu
name,vikash kumar keshari
name,vikash malik
name,vikash mirdha
name,vikash pandy
name,vikash seni
name,vikash tomar
name,vikesh
name,vikesh kumar
name,vikesh kumar bhatt
name,vikki
name,vikki kumari
name,vikky
name,vikky miglani
name,vikram
name,vikram  routela
name,vikram @  vicky
name,vikram @ goolu
name,vikram @ vicky
name,vikram arora
name,vikram bahadur
name,vikram dubey
name,vikram goswami
name,vikram jha
name,vikram khatri
name,vikram kumar
name,vikram kumar nayar
name,vikram mandal
name,vikram or baali
name,vikram panwar
name,vikram singh
name,vikram singh bisht
name,vikram singh rajpoot
name,vikram singh rawat
name,vikramjeet
name,vikramjeet kundu
name,vikramjeet sharma
name,vikrant
name,vikrant @ golu
name,vikrant @ vicky
name,vikrant singh
name,vikrant singh panwar
name,vikshi
name,vilram
name,vimal
name,vimal dhakad
name,vimal dhakar
name,vimal kumar
name,vimal nepali
name,vimal verma
name,vimala
name,vimala devi
name,vimla
name,vimla @ anjali
name,vimla devi
name,vimla devi @ rani
name,vimla gameti
name,vimla kumari
name,vimla meghwal
name,vimlesh
name,vimlesh devi
name,vimlesh gujar
name,vimlesh kumar
name,vimlesh kumari@laxmi
name,vimukt
name,vinay
name,vinay @ niku
name,vinay @binu
name,vinay @vijay
name,vinay bhattia
name,vinay kasyap
name,vinay kuma r
name,vinay kumar
name,vinay kumar bansal
name,vinay kumar jain
name,vinay kumar upadhayay
name,vinay shankar chobda
name,vinay yadav
name,vinayak
name,vinaysingh
name,vindeshver
name,vineeta
name,vineta
name,vineta kunwar
name,viney
name,viney parkash
name,vinit
name,vinit katariya
name,vinit kumar
name,vinit kumar @ banty
name,vinit kumari
name,vinit tyagi
name,vinit verma
name,vinita
name,vinita @ pooja
name,vinita devi
name,vinita tiwara
name,vinna
name,vinod
name,vinod @ babloo
name,vinod @ biraje
name,vinod @ deepak
name,vinod @ pappu
name,vinod @ raju
name,vinod @ sagar
name,vinod ahuja
name,vinod arora
name,vinod chandra upreti
name,vinod dass
name,vinod devi
name,vinod gupta
name,vinod kaushik
name,vinod kesri
name,vinod kumar
name,vinod kumar @ vinnu
name,vinod kumar jain
name,vinod kumar meena
name,vinod lal
name,vinod sehgal
name,vinod tiwari
name,vinod verma
name,vinod@badri
name,vinoda kumar
name,vinos kumar
name,vipan
name,vipan kumar
name,vipasha @ binni
name,vipendra singh s/o mahendra singh
name,vipin
name,vipin gujral
name,vipin jain
name,vipin kashyap
name,vipin kumar
name,vipin kumar panday
name,vipin pandey
name,vipin s/o virpal
name,vipin shahu
name,vipin sharma
name,vipin thakur
name,vipin varma
name,vipin yadav
name,vipiv malkania
name,viplo sardar
name,vipol
name,vipta
name,vipul agrawal
name,vipul gupta
name,vipul kumar
name,vipul sharma
name,vipul vats
name,vipulander
name,vipun kocher
name,viraj rana
name,viram singh
name,virat bahadur
name,viren
name,virender
name,virender @ vicky
name,virender @vicky
name,virender bhatia
name,virender jain
name,virender kumar
name,virender pal
name,virender paswan
name,virender sehrawat
name,virender singh
name,virender verma @ bindu
name,virendra  singh
name,virendra kumar
name,virendra singh
name,viresh
name,viresh kumar
name,viriya kher
name,virjiniya
name,virnit
name,vironika
name,virpal
name,virwanti
name,visan chetri
name,vishakha
name,vishakha anand
name,vishal
name,vishal @ ashu
name,vishal @ bittu
name,vishal @ bunti
name,vishal @ deepak
name,vishal @ himanshu
name,vishal @ moni
name,vishal @ vissu
name,vishal @vaini
name,vishal ahemad
name,vishal anand
name,vishal atre
name,vishal bhandari
name,vishal chaudhary
name,vishal kapoor
name,vishal kumar
name,vishal kumar @ harit kumar
name,vishal lamba
name,vishal mishra
name,vishal panchal
name,vishal raghav
name,vishal rastogi
name,vishal sarin
name,vishal singh
name,vishal srivastav
name,vishal tiwari
name,vishal tomar
name,vishal verma
name,visham
name,vishamitra
name,vishanu
name,vishavkarma devi
name,vishesh
name,vishnu
name,vishnu bahadur thapa
name,vishnu bhagwan
name,vishnu bhati
name,vishnu devi
name,vishnu kumar
name,vishnu kumawat
name,vishnu parshad
name,vishnu parshad sharma
name,vishnu sharma
name,vishnu singh
name,vishu
name,vishva nath
name,vishvanath
name,vishvash
name,vishvnath sarkar
name,vishwanath mehto s/o
name,vishwjeet devnath
name,visvajeet mandal
name,vitan
name,vithal lal
name,vivek
name,vivek @ vicky
name,vivek @ vikki
name,vivek adak
name,vivek auhari
name,vivek chabra
name,vivek gupta
name,vivek kumar
name,vivek kumar gupta
name,vivek mishra
name,vivek mohan arya
name,vivek paswan
name,vivek raj
name,vivek ratan
name,vivek sharma
name,vivek shokeen
name,vivek urfh navin
name,vivek@ rohan
name,vivekanand gupta
name,vivekanand mishra @ munsi
name,vrendra singh
name,vude bhadur
name,vyelet moni
name,w/o kundan kumar
name,waheeda
name,wajuddin
name,wakar ahmad
name,wali hadar
name,wareesha
name,warish
name,warmati
name,warnakulasuriya erancis fernando
name,waseem
name,wasim
name,wasim @ chira
name,wasimuddin
name,wazid husain
name,wazir azam
name,wiliyam
name,wilkish
name,wiresh
name,yaadram
name,yadho lal
name,yadram
name,yadvir
name,yaksh panchal
name,yaman singh
name,yameen
name,yamin
name,yamini
name,yamuna
name,yaqoob
name,yaqub ali
name,yasar ali
name,yash
name,yash @ shashi
name,yash garg
name,yash goyal
name,yash mittal
name,yash sharma
name,yashbir
name,yashdhra
name,yashika
name,yashin
name,yashin @ sukaa
name,yashmin
name,yashoda
name,yashodha devi
name,yashpal
name,yashpal aanand
name,yashpal nagpal
name,yashpal singh
name,yashsvi sharma
name,yashwant
name,yashwant kumar karwar
name,yasib
name,yasin
name,yasmeen
name,yasmeen khan @ gudia
name,yasmeen@lali
name,yasmin
name,yasmin  fatima
name,yasmin banu
name,yasoda
name,yasodha
name,yaswani panday
name,yatharth @ yashodev
name,yatin @ attu
name,yesh
name,yeshpal
name,yespal singh chauhan (pappu rana)
name,yinita
name,yogender
name,yogender @ arjun
name,yogender choudhary
name,yogender jha
name,yogender kumar
name,yogender kumar gupta
name,yogender prakash
name,yogendr
name,yogendra
name,yogendra kumar
name,yogendra pal
name,yogendra thakur
name,yogesh
name,yogesh @ jatin
name,yogesh @ pongu
name,yogesh budhiraja
name,yogesh chahar
name,yogesh chandra joshi
name,yogesh kumar
name,yogesh kumar dhunna
name,yogesh rawat
name,yogesh sharma
name,yogesh shukla
name,yogeshwar
name,yogeshwari @pushpa
name,yogeshwari goyait
name,yoginder
name,yogita
name,yogita sharma
name,yogita tiwari
name,yognder
name,yograj
name,yoshoda@ pinki
name,youraj
name,yudhbir
name,yukilal
name,yunishs
name,yusaf
name,yusuf
name,yuveraj
name,yuvraj kumar
name,zafar alam
name,zaheer
name,zaheer ahmad
name,zahid
name,zahid kuraisi
name,zahir miyan
name,zahira
name,zainab
name,zakir hussain
name,zameer ahmed
name,zamile amhed
name,zanmi
name,zareena
name,zarina
name,zeba
name,zeba parveen
name,zeenat
name,zenab khan
name,zeshan akhtar
name,zhini devi
name,ziarul rehman
name,zile singh
name,zina kumari
name,zishan
name,zishan khan
name,ziyabul
name,zoya
name,zuhaib nasim
name,zuveb
name,अजय मिश्
name,अनुबाई
name,अरूण कुम
name,अर्जुन म
name,अशोक राव
name,आनन्‍दीलाल
position,Chief Engineer
position,Patiwar,Pativari,Patvaari
position,Tehsildaar,Tehsildar
position,Executive Engineer
position,Inspector
position,superintend
position,deputy superintend
position,sub superintend
position,Clerk
position,Constable
Status_entity,A6KY4H0B7
Status_entity,BJVQ0M863
Status_entity,JWZ9D13J3
Status_entity,K88QPAIR5
Status_entity,TGFM26F29
Status_entity,X9WOPW9XL
Status_entity,QU1HXA8X0
Status_entity,4XWA1TSE9
Status_entity,3Y8JG7PE1
Status_entity,8AMXOEEBL
Status_entity,FT8IXJBZ6
Ticket,#9863ERB6
Ticket,#1254ABE4
Ticket,#2422ABA3
Ticket,#2422ABA3.
Ticket,#4323PVM4
Token_Number,#2422ABA3
Token_Number,#5642ERA4
Token_Number,#4534ABC4
